{"type": "FeatureCollection", "features": [{"type": "Feature", "id": 146672292, "properties": {"id": "146672292", "levels": 5, "levels_estimated": true, "height": 15, "building": "yes", "name": null}, "geometry": {"type": "Polygon", "coordinates": [[[113.2544289, 23.1236949], [113.2545654, 23.1236973], [113.2545671, 23.1236143], [113.2544306, 23.1236119], [113.2544289, 23.1236949]]]}}, {"type": "Feature", "id": 146672296, "properties": {"id": "146672296", "levels": 5, "levels_estimated": true, "height": 15, "building": "yes", "name": null}, "geometry": {"type": "Polygon", "coordinates": [[[113.2544101, 23.1233693], [113.2546019, 23.1233717], [113.2546009, 23.1234483], [113.2544089, 23.123446], [113.2544101, 23.1233693]]]}}, {"type": "Feature", "id": 146686404, "properties": {"id": "146686404", "levels": 5, "levels_estimated": true, "height": 15, "building": "yes", "name": null}, "geometry": {"type": "Polygon", "coordinates": [[[113.2411342, 23.1188928], [113.2413448, 23.1189612], [113.2412717, 23.1191518], [113.241061, 23.1190834], [113.2411342, 23.1188928]]]}}, {"type": "Feature", "id": 146686406, "properties": {"id": "146686406", "levels": 5, "levels_estimated": true, "height": 15, "building": "yes", "name": "罗汉堂"}, "geometry": {"type": "Polygon", "coordinates": [[[113.2410194, 23.11915], [113.241285, 23.1192302], [113.2411418, 23.1196319], [113.2408761, 23.1195518], [113.2410194, 23.11915]]]}}, {"type": "Feature", "id": 194686988, "properties": {"id": "194686988", "levels": 5, "levels_estimated": true, "height": 15, "building": "yes", "name": "合润广场"}, "geometry": {"type": "Polygon", "coordinates": [[[113.2597547, 23.121556], [113.2598195, 23.1216831], [113.2598651, 23.1217159], [113.2598983, 23.1217595], [113.2599122, 23.121793], [113.2599186, 23.1218284], [113.2598298, 23.1222122], [113.2596688, 23.1221678], [113.2596313, 23.1221259], [113.2596671, 23.1220134], [113.2596288, 23.1219989], [113.2595947, 23.1219772], [113.2595552, 23.1219346], [113.2595322, 23.1218843], [113.2594301, 23.1218644], [113.2594033, 23.1218373], [113.2593845, 23.1218101], [113.2593926, 23.121704], [113.2597547, 23.121556]]]}}, {"type": "Feature", "id": 238974854, "properties": {"id": "238974854", "levels": 27, "levels_estimated": false, "height": 81, "building": "yes", "name": "广州市公安局出入境管理处"}, "geometry": {"type": "Polygon", "coordinates": [[[113.2568004, 23.1203536], [113.256792, 23.1206705], [113.2569592, 23.120674], [113.2570031, 23.1206634], [113.2570307, 23.1206464], [113.2570538, 23.1206247], [113.2570709, 23.1205971], [113.257087, 23.1205378], [113.2570893, 23.1204869], [113.257079, 23.1203603], [113.2568004, 23.1203536]]]}}, {"type": "Feature", "id": 238975999, "properties": {"id": "238975999", "levels": 17, "levels_estimated": false, "height": 51, "building": "commercial", "name": null}, "geometry": {"type": "Polygon", "coordinates": [[[113.256332, 23.1206186], [113.2563472, 23.120383], [113.2567422, 23.1204068], [113.2567286, 23.1206381], [113.256332, 23.1206186]]]}}, {"type": "Feature", "id": 238976000, "properties": {"id": "238976000", "levels": 5, "levels_estimated": true, "height": 15, "building": "yes", "name": null}, "geometry": {"type": "Polygon", "coordinates": [[[113.2560645, 23.1206211], [113.2560912, 23.1203354], [113.2562765, 23.1203501], [113.2562497, 23.1206357], [113.2560645, 23.1206211]]]}}, {"type": "Feature", "id": 238976001, "properties": {"id": "238976001", "levels": 10, "levels_estimated": false, "height": 30, "building": "office", "name": "金汇大厦"}, "geometry": {"type": "Polygon", "coordinates": [[[113.2566702, 23.1198381], [113.2571438, 23.1198802], [113.2571997, 23.1194895], [113.2571809, 23.1194549], [113.2571627, 23.1194286], [113.2571326, 23.1194105], [113.2567262, 23.1193749], [113.2566702, 23.1198381]]]}}, {"type": "Feature", "id": 238976002, "properties": {"id": "238976002", "levels": 30, "levels_estimated": false, "height": 90, "building": "apartments", "name": "侨力大厦"}, "geometry": {"type": "Polygon", "coordinates": [[[113.2584275, 23.1229089], [113.2587305, 23.1229257], [113.2588033, 23.1228732], [113.2588305, 23.1224603], [113.2585689, 23.1224458], [113.2585561, 23.1226412], [113.2586179, 23.1226447], [113.2586118, 23.1227362], [113.2584395, 23.1227266], [113.2584275, 23.1229089]]]}}, {"type": "Feature", "id": 266274675, "properties": {"id": "266274675", "levels": 5, "levels_estimated": true, "height": 15, "building": "train_station", "name": "黄沙"}, "geometry": {"type": "Polygon", "coordinates": [[[113.2353874, 23.111718], [113.2354095, 23.111862], [113.2354191, 23.1118608], [113.2357603, 23.1118164], [113.236131, 23.1117683], [113.2361089, 23.1116243], [113.2357374, 23.1116725], [113.2353874, 23.111718]]]}}, {"type": "Feature", "id": 282005476, "properties": {"id": "282005476", "levels": 6, "levels_estimated": false, "height": 18, "building": "residential", "name": null}, "geometry": {"type": "Polygon", "coordinates": [[[113.2532982, 23.1103451], [113.2533287, 23.1102875], [113.2533955, 23.1103174], [113.2534294, 23.1102533], [113.2533648, 23.1102243], [113.2533989, 23.11016], [113.2536247, 23.1102612], [113.2535965, 23.1103144], [113.253502, 23.110272], [113.2534629, 23.1103458], [113.2536104, 23.1104119], [113.2536377, 23.1103603], [113.2537053, 23.1103906], [113.2536467, 23.1105012], [113.2532982, 23.1103451]]]}}, {"type": "Feature", "id": 282005488, "properties": {"id": "282005488", "levels": 25, "levels_estimated": false, "height": 75, "building": "commercial", "name": "华林国际D馆"}, "geometry": {"type": "Polygon", "coordinates": [[[113.2423686, 23.1209733], [113.2423721, 23.1208978], [113.242276, 23.1208941], [113.2422671, 23.1210901], [113.2424895, 23.1210987], [113.2424852, 23.1211919], [113.2421669, 23.1211796], [113.2421564, 23.1214086], [113.2423056, 23.1214143], [113.2423083, 23.121355], [113.2424264, 23.1213596], [113.2424179, 23.1215465], [113.2421341, 23.1215355], [113.2421309, 23.1216065], [113.2420261, 23.1216024], [113.2420505, 23.1210692], [113.2421659, 23.1210737], [113.2421729, 23.1209205], [113.2421388, 23.1209192], [113.2421445, 23.1207945], [113.2425176, 23.120809], [113.2425099, 23.1209788], [113.2423686, 23.1209733]]]}}, {"type": "Feature", "id": 282005489, "properties": {"id": "282005489", "levels": 5, "levels_estimated": false, "height": 15, "building": "commercial", "name": "华林国际C馆"}, "geometry": {"type": "Polygon", "coordinates": [[[113.2409002, 23.1224187], [113.240828, 23.122098], [113.2408342, 23.1220488], [113.2409316, 23.121809], [113.2409693, 23.121809], [113.2409819, 23.1217628], [113.2409379, 23.1217628], [113.2409693, 23.1213554], [113.2409945, 23.1213178], [113.2410353, 23.121286], [113.2409788, 23.1212398], [113.2409805, 23.1212081], [113.2410008, 23.1208266], [113.2410347, 23.1208281], [113.2410392, 23.1207954], [113.2410581, 23.1207719], [113.2410814, 23.1207607], [113.2411558, 23.1207617], [113.2411847, 23.1207964], [113.2411914, 23.1208312], [113.241248, 23.1208312], [113.2413125, 23.1209711], [113.2413025, 23.1209905], [113.2413558, 23.1210488], [113.2413958, 23.1211193], [113.2414313, 23.1212092], [113.2414569, 23.121297], [113.241478, 23.1214033], [113.2414824, 23.1215545], [113.241468, 23.1217823], [113.2414469, 23.1217812], [113.2414424, 23.121912], [113.2414646, 23.121914], [113.2414358, 23.1223891], [113.2412414, 23.1224013], [113.2412447, 23.1223809], [113.2410958, 23.122383], [113.2410958, 23.1224105], [113.2409002, 23.1224187]]]}}, {"type": "Feature", "id": 282005495, "properties": {"id": "282005495", "levels": 5, "levels_estimated": true, "height": 15, "building": "yes", "name": null}, "geometry": {"type": "Polygon", "coordinates": [[[113.2540735, 23.1106976], [113.2541127, 23.110625], [113.2544792, 23.1107923], [113.25444, 23.1108649], [113.2540735, 23.1106976]]]}}, {"type": "Feature", "id": 282005498, "properties": {"id": "282005498", "levels": 5, "levels_estimated": true, "height": 15, "building": "yes", "name": null}, "geometry": {"type": "Polygon", "coordinates": [[[113.2528735, 23.1101653], [113.252911, 23.1100917], [113.2532834, 23.1102523], [113.2532459, 23.1103259], [113.2528735, 23.1101653]]]}}, {"type": "Feature", "id": 282005499, "properties": {"id": "282005499", "levels": 5, "levels_estimated": true, "height": 15, "building": "yes", "name": null}, "geometry": {"type": "Polygon", "coordinates": [[[113.2542135, 23.110414], [113.2542636, 23.1103303], [113.2545436, 23.1104722], [113.2544935, 23.1105558], [113.2542135, 23.110414]]]}}, {"type": "Feature", "id": 299836736, "properties": {"id": "299836736", "levels": 37, "levels_estimated": false, "height": 111, "building": "commercial", "name": "万菱广场"}, "geometry": {"type": "Polygon", "coordinates": [[[113.25657, 23.117157], [113.2565724, 23.116987], [113.2566084, 23.1168656], [113.2566252, 23.11687], [113.2566324, 23.1168391], [113.2573646, 23.1170643], [113.2573502, 23.1171107], [113.2573958, 23.1171327], [113.2574438, 23.1171703], [113.2574582, 23.1172034], [113.257463, 23.1172476], [113.2575062, 23.117263], [113.2574606, 23.1174904], [113.2573646, 23.1174772], [113.257343, 23.1175434], [113.2572597, 23.1175289], [113.2571029, 23.1175015], [113.2571005, 23.1174617], [113.2570693, 23.1174573], [113.2570549, 23.1174198], [113.2570093, 23.1173447], [113.2569781, 23.117327], [113.2570006, 23.1172983], [113.25657, 23.117157]]]}}, {"type": "Feature", "id": 299836737, "properties": {"id": "299836737", "levels": 3, "levels_estimated": true, "height": 9, "building": "commercial", "name": null}, "geometry": {"type": "Polygon", "coordinates": [[[113.2571845, 23.1178658], [113.2572597, 23.1175289], [113.257343, 23.1175434], [113.2573646, 23.1174772], [113.2574606, 23.1174904], [113.2574918, 23.1175191], [113.2575446, 23.1175302], [113.2574582, 23.1179386], [113.2571845, 23.1178658]]]}}, {"type": "Feature", "id": 299836739, "properties": {"id": "299836739", "levels": 5, "levels_estimated": true, "height": 15, "building": "yes", "name": "三中游泳馆"}, "geometry": {"type": "Polygon", "coordinates": [[[113.2525971, 23.1177407], [113.252726, 23.1172748], [113.2530307, 23.1173461], [113.2529019, 23.117812], [113.2525971, 23.1177407]]]}}, {"type": "Feature", "id": 299836945, "properties": {"id": "299836945", "levels": 5, "levels_estimated": true, "height": 15, "building": "yes", "name": null}, "geometry": {"type": "Polygon", "coordinates": [[[113.255054, 23.1171603], [113.2550714, 23.1170095], [113.2554491, 23.1170463], [113.2554317, 23.1171971], [113.255054, 23.1171603]]]}}, {"type": "Feature", "id": 299836946, "properties": {"id": "299836946", "levels": 5, "levels_estimated": true, "height": 15, "building": "yes", "name": null}, "geometry": {"type": "Polygon", "coordinates": [[[113.2550615, 23.1172709], [113.2550734, 23.1171769], [113.2554383, 23.1172161], [113.2554263, 23.1173102], [113.2550615, 23.1172709]]]}}, {"type": "Feature", "id": 299836947, "properties": {"id": "299836947", "levels": 5, "levels_estimated": true, "height": 15, "building": "yes", "name": null}, "geometry": {"type": "Polygon", "coordinates": [[[113.2550823, 23.1169835], [113.2550911, 23.1169191], [113.2554205, 23.1169553], [113.2554117, 23.1170143], [113.2550823, 23.1169835]]]}}, {"type": "Feature", "id": 299837030, "properties": {"id": "299837030", "levels": 4, "levels_estimated": true, "height": 12, "building": "school", "name": null}, "geometry": {"type": "Polygon", "coordinates": [[[113.2527794, 23.1172392], [113.2530339, 23.1165548], [113.2532595, 23.1166033], [113.2530675, 23.1173253], [113.2527794, 23.1172392]]]}}, {"type": "Feature", "id": 299840811, "properties": {"id": "299840811", "levels": 6, "levels_estimated": false, "height": 18, "building": "commercial", "name": "荔湾广场"}, "geometry": {"type": "Polygon", "coordinates": [[[113.2422167, 23.1203935], [113.2421574, 23.1203426], [113.2421456, 23.1202808], [113.242243, 23.1199891], [113.2422827, 23.119871], [113.2423713, 23.1195766], [113.2424204, 23.1194495], [113.2424659, 23.1193352], [113.2425756, 23.1190101], [113.2425964, 23.1189452], [113.2426222, 23.1188649], [113.2427387, 23.1185024], [113.2427732, 23.1183948], [113.2428163, 23.1182696], [113.2428974, 23.1179976], [113.2429464, 23.1178586], [113.2429562, 23.1178151], [113.2429602, 23.1177387], [113.2429997, 23.1176478], [113.2430392, 23.1176078], [113.2431104, 23.1175969], [113.2438578, 23.1179133], [113.2439092, 23.1179496], [113.2439171, 23.1180042], [113.2438815, 23.1181715], [113.2437525, 23.1185385], [113.2437134, 23.118648], [113.2433754, 23.1197039], [113.2433365, 23.1198338], [113.2432491, 23.1201242], [113.2432103, 23.1202558], [113.2431776, 23.1203462], [113.24315, 23.1204081], [113.243063, 23.1204408], [113.2422167, 23.1203935]]]}}, {"type": "Feature", "id": 299841337, "properties": {"id": "299841337", "levels": 5, "levels_estimated": false, "height": 15, "building": "commercial", "name": null}, "geometry": {"type": "Polygon", "coordinates": [[[113.2405655, 23.1161795], [113.2406139, 23.1161484], [113.2407024, 23.115882], [113.240688, 23.1158312], [113.2399221, 23.1156162], [113.2397255, 23.1155561], [113.2396111, 23.1158786], [113.2397823, 23.1159326], [113.2405655, 23.1161795]]]}}, {"type": "Feature", "id": 299841833, "properties": {"id": "299841833", "levels": 5, "levels_estimated": false, "height": 15, "building": "commercial", "name": "东急"}, "geometry": {"type": "Polygon", "coordinates": [[[113.2435872, 23.1176305], [113.2436761, 23.1174268], [113.2435814, 23.1173758], [113.2436033, 23.1170019], [113.2432389, 23.1168879], [113.2431937, 23.1169134], [113.243166, 23.1169456], [113.2431529, 23.1169777], [113.2431179, 23.1169751], [113.2430742, 23.1171024], [113.2432243, 23.117144], [113.2431223, 23.1174375], [113.2435872, 23.1176305]]]}}, {"type": "Feature", "id": 299842110, "properties": {"id": "299842110", "levels": 5, "levels_estimated": false, "height": 15, "building": "commercial", "name": "华邦广场"}, "geometry": {"type": "Polygon", "coordinates": [[[113.2422893, 23.1170517], [113.2425327, 23.1165531], [113.2427265, 23.1166215], [113.2427761, 23.116659], [113.2428052, 23.116714], [113.2428112, 23.1167725], [113.2428049, 23.1168338], [113.242762, 23.1171013], [113.2426408, 23.1170601], [113.242591, 23.1172072], [113.2422893, 23.1170517]]]}}, {"type": "Feature", "id": 310771605, "properties": {"id": "310771605", "levels": 5, "levels_estimated": true, "height": 15, "building": "yes", "name": "堑口码头"}, "geometry": {"type": "Polygon", "coordinates": [[[113.2572166, 23.112555], [113.257238, 23.1125157], [113.2572504, 23.1124932], [113.2573961, 23.1125558], [113.2573847, 23.1125785], [113.2573617, 23.112622], [113.2572434, 23.1125674], [113.2572166, 23.112555]]]}}, {"type": "Feature", "id": 310771607, "properties": {"id": "310771607", "levels": 5, "levels_estimated": true, "height": 15, "building": "yes", "name": "鳌洲码头"}, "geometry": {"type": "Polygon", "coordinates": [[[113.2485538, 23.1090417], [113.2485837, 23.1089779], [113.2486931, 23.109021], [113.2487297, 23.1090354], [113.2487982, 23.1090623], [113.2487696, 23.1091238], [113.2487226, 23.1091059], [113.2485538, 23.1090417]]]}}, {"type": "Feature", "id": 330883519, "properties": {"id": "330883519", "levels": 8, "levels_estimated": true, "height": 24, "building": "hospital", "name": null}, "geometry": {"type": "Polygon", "coordinates": [[[113.2522618, 23.1236326], [113.2530027, 23.1234627], [113.2529194, 23.1231554], [113.2521782, 23.1233253], [113.2522618, 23.1236326]]]}}, {"type": "Feature", "id": 331637013, "properties": {"id": "331637013", "levels": 3, "levels_estimated": true, "height": 9, "building": "commercial", "name": "华林国际B馆"}, "geometry": {"type": "Polygon", "coordinates": [[[113.2415804, 23.1202062], [113.2413705, 23.1202234], [113.2412864, 23.1201817], [113.2413059, 23.1201147], [113.2414337, 23.119737], [113.2414474, 23.1196966], [113.241585, 23.1197288], [113.2417568, 23.1197689], [113.2416432, 23.1201501], [113.2415804, 23.1202062]]]}}, {"type": "Feature", "id": 331637014, "properties": {"id": "331637014", "levels": 5, "levels_estimated": true, "height": 15, "building": "yes", "name": null}, "geometry": {"type": "Polygon", "coordinates": [[[113.2405464, 23.1214593], [113.2404064, 23.1212537], [113.2404889, 23.1212061], [113.2406289, 23.1214117], [113.2405464, 23.1214593]]]}}, {"type": "Feature", "id": 331637015, "properties": {"id": "331637015", "levels": 5, "levels_estimated": true, "height": 15, "building": "yes", "name": null}, "geometry": {"type": "Polygon", "coordinates": [[[113.2403444, 23.1216487], [113.2402757, 23.1215684], [113.2403669, 23.1215024], [113.2404352, 23.1215822], [113.2406312, 23.1214403], [113.2406739, 23.1214902], [113.2404305, 23.1216664], [113.2403882, 23.1216169], [113.2403444, 23.1216487]]]}}, {"type": "Feature", "id": 331715161, "properties": {"id": "331715161", "levels": 5, "levels_estimated": true, "height": 15, "building": "yes", "name": "粤海关旧址（中国海关博物馆广州分馆）"}, "geometry": {"type": "Polygon", "coordinates": [[[113.2455277, 23.1100179], [113.2455302, 23.1098002], [113.2459481, 23.1099776], [113.2459385, 23.1101923], [113.2455277, 23.1100179]]]}}, {"type": "Feature", "id": 331796592, "properties": {"id": "331796592", "levels": 4, "levels_estimated": false, "height": 12, "building": "commercial", "name": "和业广场"}, "geometry": {"type": "Polygon", "coordinates": [[[113.2426575, 23.1252381], [113.2425878, 23.1248078], [113.2425404, 23.1241408], [113.2421663, 23.1241575], [113.2421158, 23.1241646], [113.2420771, 23.1241843], [113.2420479, 23.1242083], [113.2420248, 23.1242484], [113.2420144, 23.1242884], [113.2420113, 23.1243464], [113.2420792, 23.1251873], [113.2421044, 23.1252328], [113.2421387, 23.1252566], [113.2421992, 23.1252698], [113.2422597, 23.1252663], [113.2426575, 23.1252381]]]}}, {"type": "Feature", "id": 352610257, "properties": {"id": "352610257", "levels": 5, "levels_estimated": false, "height": 15, "building": "yes", "name": null}, "geometry": {"type": "Polygon", "coordinates": [[[113.2403213, 23.1096294], [113.240303, 23.1091081], [113.2401487, 23.1091127], [113.2401607, 23.1094536], [113.2399753, 23.1094591], [113.2399714, 23.1093484], [113.239774, 23.1093543], [113.2397779, 23.109465], [113.2396548, 23.1094686], [113.2396474, 23.1092585], [113.2394854, 23.1092633], [113.2394928, 23.1094734], [113.2394991, 23.1096537], [113.2403213, 23.1096294]]]}}, {"type": "Feature", "id": 352610258, "properties": {"id": "352610258", "levels": 4, "levels_estimated": false, "height": 12, "building": "yes", "name": "东风汇理银行旧址"}, "geometry": {"type": "Polygon", "coordinates": [[[113.2421082, 23.1095894], [113.2420954, 23.1092236], [113.2418512, 23.1092308], [113.241864, 23.1095966], [113.2421082, 23.1095894]]]}}, {"type": "Feature", "id": 352610259, "properties": {"id": "352610259", "levels": 5, "levels_estimated": true, "height": 15, "building": "yes", "name": null}, "geometry": {"type": "Polygon", "coordinates": [[[113.2418881, 23.110649], [113.2421546, 23.1106411], [113.2421413, 23.1102608], [113.2418748, 23.1102687], [113.2418881, 23.110649]]]}}, {"type": "Feature", "id": 352610260, "properties": {"id": "352610260", "levels": 2, "levels_estimated": false, "height": 6, "building": "yes", "name": null}, "geometry": {"type": "Polygon", "coordinates": [[[113.2415831, 23.1095984], [113.2416485, 23.1095968], [113.2418105, 23.1095922], [113.2417976, 23.1092106], [113.2416356, 23.1092152], [113.2415718, 23.1092168], [113.2415831, 23.1095984]]]}}, {"type": "Feature", "id": 352610261, "properties": {"id": "352610261", "levels": 5, "levels_estimated": true, "height": 15, "building": "yes", "name": null}, "geometry": {"type": "Polygon", "coordinates": [[[113.2422158, 23.1090398], [113.24248, 23.109032], [113.2424726, 23.1088202], [113.2422084, 23.1088281], [113.2422158, 23.1090398]]]}}, {"type": "Feature", "id": 352610262, "properties": {"id": "352610262", "levels": 4, "levels_estimated": false, "height": 12, "building": "commercial", "name": "广东悦海宾馆"}, "geometry": {"type": "Polygon", "coordinates": [[[113.241062, 23.109597], [113.2412683, 23.1095909], [113.2412573, 23.109276], [113.2410509, 23.1092821], [113.241062, 23.109597]]]}}, {"type": "Feature", "id": 352610263, "properties": {"id": "352610263", "levels": 5, "levels_estimated": true, "height": 15, "building": "yes", "name": null}, "geometry": {"type": "Polygon", "coordinates": [[[113.2394928, 23.1092338], [113.2396974, 23.1092244], [113.2396817, 23.1089354], [113.2394771, 23.1089448], [113.2394928, 23.1092338]]]}}, {"type": "Feature", "id": 352610264, "properties": {"id": "352610264", "levels": 4, "levels_estimated": false, "height": 12, "building": "commercial", "name": "广东侨胞宾馆"}, "geometry": {"type": "Polygon", "coordinates": [[[113.2413296, 23.1096087], [113.2415472, 23.1096022], [113.2415394, 23.1093791], [113.2413218, 23.1093856], [113.2413296, 23.1096087]]]}}, {"type": "Feature", "id": 352610265, "properties": {"id": "352610265", "levels": 3, "levels_estimated": false, "height": 9, "building": "yes", "name": "渣打银行旧址"}, "geometry": {"type": "Polygon", "coordinates": [[[113.239159, 23.1094245], [113.2391616, 23.1096363], [113.2393603, 23.1096322], [113.2393952, 23.1096036], [113.2393892, 23.1094222], [113.239159, 23.1094245]]]}}, {"type": "Feature", "id": 352610266, "properties": {"id": "352610266", "levels": 5, "levels_estimated": true, "height": 15, "building": "yes", "name": null}, "geometry": {"type": "Polygon", "coordinates": [[[113.2421, 23.1092061], [113.2420951, 23.1090654], [113.241836, 23.1090731], [113.2418409, 23.1092138], [113.2421, 23.1092061]]]}}, {"type": "Feature", "id": 352610267, "properties": {"id": "352610267", "levels": 5, "levels_estimated": true, "height": 15, "building": "yes", "name": null}, "geometry": {"type": "Polygon", "coordinates": [[[113.2423329, 23.1090985], [113.2423358, 23.1091803], [113.2424762, 23.1091762], [113.2424733, 23.1090944], [113.2423329, 23.1090985]]]}}, {"type": "Feature", "id": 352610268, "properties": {"id": "352610268", "levels": 5, "levels_estimated": false, "height": 15, "building": "yes", "name": null}, "geometry": {"type": "Polygon", "coordinates": [[[113.2390208, 23.1092354], [113.2390148, 23.1089202], [113.2387734, 23.1089242], [113.2387795, 23.1092394], [113.2390208, 23.1092354]]]}}, {"type": "Feature", "id": 352610269, "properties": {"id": "352610269", "levels": 5, "levels_estimated": true, "height": 15, "building": "yes", "name": null}, "geometry": {"type": "Polygon", "coordinates": [[[113.2433371, 23.1090548], [113.2435251, 23.1090492], [113.2435179, 23.1088452], [113.2433299, 23.1088507], [113.2433371, 23.1090548]]]}}, {"type": "Feature", "id": 352610271, "properties": {"id": "352610271", "levels": 5, "levels_estimated": true, "height": 15, "building": "yes", "name": null}, "geometry": {"type": "Polygon", "coordinates": [[[113.2395606, 23.1107125], [113.2397304, 23.1107075], [113.2397243, 23.1105337], [113.2395546, 23.1105387], [113.2395606, 23.1107125]]]}}, {"type": "Feature", "id": 352610272, "properties": {"id": "352610272", "levels": 2, "levels_estimated": false, "height": 6, "building": "retail", "name": "旧摩罗叉公寓"}, "geometry": {"type": "Polygon", "coordinates": [[[113.2436554, 23.1091779], [113.243668, 23.1095388], [113.2438362, 23.1095338], [113.2438236, 23.1091729], [113.2436554, 23.1091779]]]}}, {"type": "Feature", "id": 352610273, "properties": {"id": "352610273", "levels": 5, "levels_estimated": true, "height": 15, "building": "yes", "name": null}, "geometry": {"type": "Polygon", "coordinates": [[[113.2378937, 23.1092657], [113.2378778, 23.1089966], [113.2376425, 23.1090084], [113.2376584, 23.1092775], [113.2378937, 23.1092657]]]}}, {"type": "Feature", "id": 352610274, "properties": {"id": "352610274", "levels": 5, "levels_estimated": true, "height": 15, "building": "yes", "name": null}, "geometry": {"type": "Polygon", "coordinates": [[[113.2384128, 23.1107311], [113.2385977, 23.1107256], [113.2385828, 23.1102986], [113.2383978, 23.1103041], [113.2384128, 23.1107311]]]}}, {"type": "Feature", "id": 352610275, "properties": {"id": "352610275", "levels": 5, "levels_estimated": true, "height": 15, "building": "yes", "name": null}, "geometry": {"type": "Polygon", "coordinates": [[[113.2418686, 23.1090348], [113.2420946, 23.1090281], [113.2420892, 23.1088735], [113.2418631, 23.1088802], [113.2418686, 23.1090348]]]}}, {"type": "Feature", "id": 352610276, "properties": {"id": "352610276", "levels": 5, "levels_estimated": true, "height": 15, "building": "yes", "name": null}, "geometry": {"type": "Polygon", "coordinates": [[[113.2365488, 23.1107914], [113.2368104, 23.110779], [113.236802, 23.110629], [113.2365404, 23.1106414], [113.2365488, 23.1107914]]]}}, {"type": "Feature", "id": 352610277, "properties": {"id": "352610277", "levels": 5, "levels_estimated": true, "height": 15, "building": "yes", "name": null}, "geometry": {"type": "Polygon", "coordinates": [[[113.2430477, 23.1090498], [113.2432806, 23.1090429], [113.2432738, 23.1088485], [113.2430409, 23.1088554], [113.2430477, 23.1090498]]]}}, {"type": "Feature", "id": 352610278, "properties": {"id": "352610278", "levels": 3, "levels_estimated": false, "height": 9, "building": "yes", "name": "洛士利洋行旧址"}, "geometry": {"type": "Polygon", "coordinates": [[[113.2369384, 23.1102849], [113.2371104, 23.1102821], [113.2371059, 23.1100454], [113.2369339, 23.1100482], [113.2369384, 23.1102849]]]}}, {"type": "Feature", "id": 352610279, "properties": {"id": "352610279", "levels": 5, "levels_estimated": true, "height": 15, "building": "yes", "name": null}, "geometry": {"type": "Polygon", "coordinates": [[[113.24278, 23.1090914], [113.2430087, 23.1090846], [113.2430007, 23.1088552], [113.242772, 23.1088619], [113.24278, 23.1090914]]]}}, {"type": "Feature", "id": 352610281, "properties": {"id": "352610281", "levels": 5, "levels_estimated": true, "height": 15, "building": "yes", "name": null}, "geometry": {"type": "Polygon", "coordinates": [[[113.2429007, 23.1106417], [113.2430346, 23.1106378], [113.2430209, 23.1102489], [113.2428871, 23.1102528], [113.2429007, 23.1106417]]]}}, {"type": "Feature", "id": 352610282, "properties": {"id": "352610282", "levels": 5, "levels_estimated": true, "height": 15, "building": "yes", "name": null}, "geometry": {"type": "Polygon", "coordinates": [[[113.2380655, 23.1107378], [113.238312, 23.1107305], [113.2382862, 23.1099926], [113.2380397, 23.1099999], [113.2380655, 23.1107378]]]}}, {"type": "Feature", "id": 352610283, "properties": {"id": "352610283", "levels": 3, "levels_estimated": false, "height": 9, "building": "dormitory", "name": "海关宿舍"}, "geometry": {"type": "Polygon", "coordinates": [[[113.2430926, 23.1101642], [113.2435451, 23.1101508], [113.243535, 23.1098631], [113.2430825, 23.1098765], [113.2430926, 23.1101642]]]}}, {"type": "Feature", "id": 352610284, "properties": {"id": "352610284", "levels": 5, "levels_estimated": true, "height": 15, "building": "yes", "name": "沙面广州医药集团有限公司"}, "geometry": {"type": "Polygon", "coordinates": [[[113.2410671, 23.110689], [113.2414653, 23.1106772], [113.241461, 23.1105549], [113.2410628, 23.1105667], [113.2410671, 23.110689]]]}}, {"type": "Feature", "id": 352610286, "properties": {"id": "352610286", "levels": 4, "levels_estimated": false, "height": 12, "building": "yes", "name": null}, "geometry": {"type": "Polygon", "coordinates": [[[113.2390554, 23.1096455], [113.2390328, 23.1093068], [113.2388665, 23.1093162], [113.2388789, 23.1095017], [113.2388812, 23.1095359], [113.2388892, 23.1096549], [113.2390554, 23.1096455]]]}}, {"type": "Feature", "id": 352610287, "properties": {"id": "352610287", "levels": 2, "levels_estimated": false, "height": 6, "building": "yes", "name": null}, "geometry": {"type": "Polygon", "coordinates": [[[113.2367616, 23.1103481], [113.2369279, 23.1103438], [113.2369207, 23.1101149], [113.2369187, 23.1100549], [113.2367524, 23.1100595], [113.2367544, 23.1101193], [113.2367616, 23.1103481]]]}}, {"type": "Feature", "id": 352610288, "properties": {"id": "352610288", "levels": 3, "levels_estimated": false, "height": 9, "building": "yes", "name": null}, "geometry": {"type": "Polygon", "coordinates": [[[113.237925, 23.1103238], [113.2379132, 23.1100043], [113.2376853, 23.1100114], [113.2376971, 23.1103309], [113.237925, 23.1103238]]]}}, {"type": "Feature", "id": 352610289, "properties": {"id": "352610289", "levels": 5, "levels_estimated": true, "height": 15, "building": "yes", "name": null}, "geometry": {"type": "Polygon", "coordinates": [[[113.2418089, 23.109098], [113.2418011, 23.108877], [113.2416967, 23.1088801], [113.2417045, 23.1091011], [113.2418089, 23.109098]]]}}, {"type": "Feature", "id": 352610291, "properties": {"id": "352610291", "levels": 5, "levels_estimated": true, "height": 15, "building": "yes", "name": null}, "geometry": {"type": "Polygon", "coordinates": [[[113.2368532, 23.1107843], [113.2371059, 23.1107723], [113.2370859, 23.110415], [113.2368331, 23.110427], [113.2368532, 23.1107843]]]}}, {"type": "Feature", "id": 352610292, "properties": {"id": "352610292", "levels": 5, "levels_estimated": true, "height": 15, "building": "yes", "name": null}, "geometry": {"type": "Polygon", "coordinates": [[[113.2379147, 23.1107511], [113.237897, 23.1104345], [113.2376489, 23.1104462], [113.2376666, 23.1107629], [113.2379147, 23.1107511]]]}}, {"type": "Feature", "id": 352610293, "properties": {"id": "352610293", "levels": 5, "levels_estimated": true, "height": 15, "building": "yes", "name": null}, "geometry": {"type": "Polygon", "coordinates": [[[113.2422767, 23.1095808], [113.2424225, 23.1095765], [113.2424097, 23.1092091], [113.2422638, 23.1092134], [113.2422767, 23.1095808]]]}}, {"type": "Feature", "id": 352610294, "properties": {"id": "352610294", "levels": 2, "levels_estimated": false, "height": 6, "building": "yes", "name": null}, "geometry": {"type": "Polygon", "coordinates": [[[113.2421311, 23.1099456], [113.2418683, 23.1099534], [113.2418779, 23.1102279], [113.2421407, 23.1102201], [113.2421311, 23.1099456]]]}}, {"type": "Feature", "id": 352610295, "properties": {"id": "352610295", "levels": 5, "levels_estimated": true, "height": 15, "building": "yes", "name": "阅江楼艺术馆茶肆"}, "geometry": {"type": "Polygon", "coordinates": [[[113.2414917, 23.1106678], [113.24161, 23.1106643], [113.2416042, 23.1104984], [113.2414859, 23.1105019], [113.2414917, 23.1106678]]]}}, {"type": "Feature", "id": 352610296, "properties": {"id": "352610296", "levels": 5, "levels_estimated": false, "height": 15, "building": "commercial", "name": null}, "geometry": {"type": "Polygon", "coordinates": [[[113.2393445, 23.1091538], [113.2393328, 23.108885], [113.239077, 23.1088944], [113.2390887, 23.1091632], [113.2393445, 23.1091538]]]}}, {"type": "Feature", "id": 352610299, "properties": {"id": "352610299", "levels": 2, "levels_estimated": false, "height": 6, "building": "yes", "name": null}, "geometry": {"type": "Polygon", "coordinates": [[[113.2407576, 23.109955], [113.2405142, 23.1099622], [113.2405198, 23.1101197], [113.2407631, 23.1101125], [113.2407576, 23.109955]]]}}, {"type": "Feature", "id": 352610300, "properties": {"id": "352610300", "levels": 3, "levels_estimated": false, "height": 9, "building": "yes", "name": null}, "geometry": {"type": "Polygon", "coordinates": [[[113.2365961, 23.110226], [113.2366988, 23.1102226], [113.2366926, 23.1100621], [113.2365899, 23.1100655], [113.2365961, 23.110226]]]}}, {"type": "Feature", "id": 352610301, "properties": {"id": "352610301", "levels": 5, "levels_estimated": true, "height": 15, "building": "yes", "name": null}, "geometry": {"type": "Polygon", "coordinates": [[[113.241085, 23.1101714], [113.2413177, 23.1101646], [113.2413101, 23.1099456], [113.2410773, 23.1099525], [113.241085, 23.1101714]]]}}, {"type": "Feature", "id": 352610302, "properties": {"id": "352610302", "levels": 5, "levels_estimated": true, "height": 15, "building": "yes", "name": null}, "geometry": {"type": "Polygon", "coordinates": [[[113.2425401, 23.1095055], [113.2427645, 23.1094989], [113.2427575, 23.1092985], [113.2425331, 23.1093051], [113.2425401, 23.1095055]]]}}, {"type": "Feature", "id": 352610304, "properties": {"id": "352610304", "levels": 4, "levels_estimated": false, "height": 12, "building": "yes", "name": null}, "geometry": {"type": "Polygon", "coordinates": [[[113.2430568, 23.1095431], [113.243293, 23.1095362], [113.2432895, 23.1094373], [113.2430533, 23.1094443], [113.2430568, 23.1095431]]]}}, {"type": "Feature", "id": 352610306, "properties": {"id": "352610306", "levels": 4, "levels_estimated": false, "height": 12, "building": "yes", "name": null}, "geometry": {"type": "Polygon", "coordinates": [[[113.2428028, 23.1095457], [113.243002, 23.1095398], [113.2429972, 23.1094022], [113.242798, 23.1094081], [113.2428028, 23.1095457]]]}}, {"type": "Feature", "id": 352610307, "properties": {"id": "352610307", "levels": 5, "levels_estimated": true, "height": 15, "building": "yes", "name": null}, "geometry": {"type": "Polygon", "coordinates": [[[113.2425043, 23.1092021], [113.2427646, 23.1091943], [113.2427626, 23.1091385], [113.2425024, 23.1091462], [113.2425043, 23.1092021]]]}}, {"type": "Feature", "id": 352610308, "properties": {"id": "352610308", "levels": 5, "levels_estimated": true, "height": 15, "building": "yes", "name": "旧泰国人俱乐部"}, "geometry": {"type": "Polygon", "coordinates": [[[113.2413278, 23.1091379], [113.2415086, 23.1091326], [113.2415014, 23.1089284], [113.2413207, 23.1089337], [113.2413278, 23.1091379]]]}}, {"type": "Feature", "id": 352610309, "properties": {"id": "352610309", "levels": 3, "levels_estimated": false, "height": 9, "building": "yes", "name": "旗昌洋行旧址"}, "geometry": {"type": "Polygon", "coordinates": [[[113.2387189, 23.1100755], [113.2387267, 23.1102978], [113.2390444, 23.1102884], [113.2390366, 23.1100661], [113.2387189, 23.1100755]]]}}, {"type": "Feature", "id": 352610310, "properties": {"id": "352610310", "levels": 5, "levels_estimated": true, "height": 15, "building": "yes", "name": null}, "geometry": {"type": "Polygon", "coordinates": [[[113.243223, 23.1094044], [113.2433136, 23.1094017], [113.2433074, 23.1092232], [113.2432168, 23.1092259], [113.243223, 23.1094044]]]}}, {"type": "Feature", "id": 352610311, "properties": {"id": "352610311", "levels": 5, "levels_estimated": true, "height": 15, "building": "yes", "name": null}, "geometry": {"type": "Polygon", "coordinates": [[[113.2416322, 23.1106558], [113.2418557, 23.1106492], [113.241847, 23.1104018], [113.2416235, 23.1104084], [113.2416322, 23.1106558]]]}}, {"type": "Feature", "id": 352610312, "properties": {"id": "352610312", "levels": 4, "levels_estimated": false, "height": 12, "building": "yes", "name": "万宝楼"}, "geometry": {"type": "Polygon", "coordinates": [[[113.2391795, 23.1103683], [113.2394239, 23.1103658], [113.2394189, 23.1099663], [113.2391746, 23.1099689], [113.2391795, 23.1103683]]]}}, {"type": "Feature", "id": 352610313, "properties": {"id": "352610313", "levels": 5, "levels_estimated": true, "height": 15, "building": "yes", "name": null}, "geometry": {"type": "Polygon", "coordinates": [[[113.2428087, 23.1093338], [113.2430035, 23.109328], [113.2429979, 23.1091691], [113.2428031, 23.1091749], [113.2428087, 23.1093338]]]}}, {"type": "Feature", "id": 352610314, "properties": {"id": "352610314", "levels": 3, "levels_estimated": false, "height": 9, "building": "yes", "name": null}, "geometry": {"type": "Polygon", "coordinates": [[[113.239581, 23.1099491], [113.2395934, 23.1103027], [113.2398573, 23.1102949], [113.2398449, 23.1099413], [113.239581, 23.1099491]]]}}, {"type": "Feature", "id": 352610315, "properties": {"id": "352610315", "levels": 2, "levels_estimated": false, "height": 6, "building": "retail", "name": "星巴克"}, "geometry": {"type": "Polygon", "coordinates": [[[113.2383549, 23.1102188], [113.2386093, 23.1102113], [113.2386045, 23.1100724], [113.23835, 23.11008], [113.2383549, 23.1102188]]]}}, {"type": "Feature", "id": 352610316, "properties": {"id": "352610316", "levels": 5, "levels_estimated": true, "height": 15, "building": "yes", "name": null}, "geometry": {"type": "Polygon", "coordinates": [[[113.2386298, 23.1107178], [113.2388445, 23.1107115], [113.2388359, 23.1104683], [113.2386213, 23.1104747], [113.2386298, 23.1107178]]]}}, {"type": "Feature", "id": 352610317, "properties": {"id": "352610317", "levels": 5, "levels_estimated": true, "height": 15, "building": "yes", "name": null}, "geometry": {"type": "Polygon", "coordinates": [[[113.2416696, 23.1086605], [113.2420314, 23.1086498], [113.2420187, 23.1082846], [113.2416568, 23.1082953], [113.2416696, 23.1086605]]]}}, {"type": "Feature", "id": 352610318, "properties": {"id": "352610318", "levels": 5, "levels_estimated": true, "height": 15, "building": "yes", "name": null}, "geometry": {"type": "Polygon", "coordinates": [[[113.2425529, 23.11027], [113.2425658, 23.1106396], [113.2428138, 23.1106323], [113.2428008, 23.1102627], [113.2425529, 23.11027]]]}}, {"type": "Feature", "id": 352610319, "properties": {"id": "352610319", "levels": 5, "levels_estimated": true, "height": 15, "building": "yes", "name": null}, "geometry": {"type": "Polygon", "coordinates": [[[113.2389011, 23.1106979], [113.2390932, 23.1106922], [113.2390855, 23.1104716], [113.2388933, 23.1104773], [113.2389011, 23.1106979]]]}}, {"type": "Feature", "id": 352610320, "properties": {"id": "352610320", "levels": 3, "levels_estimated": false, "height": 9, "building": "yes", "name": "英国医院&招商局"}, "geometry": {"type": "Polygon", "coordinates": [[[113.2416194, 23.1101007], [113.2418442, 23.110094], [113.2418368, 23.1098819], [113.2416119, 23.1098886], [113.2416194, 23.1101007]]]}}, {"type": "Feature", "id": 352610321, "properties": {"id": "352610321", "levels": 3, "levels_estimated": false, "height": 9, "building": "yes", "name": null}, "geometry": {"type": "Polygon", "coordinates": [[[113.2425376, 23.1101195], [113.2427924, 23.1101119], [113.2427856, 23.1099195], [113.2425308, 23.1099271], [113.2425376, 23.1101195]]]}}, {"type": "Feature", "id": 352610322, "properties": {"id": "352610322", "levels": 3, "levels_estimated": false, "height": 9, "building": "yes", "name": "台湾银行广州支行(日)旧址"}, "geometry": {"type": "Polygon", "coordinates": [[[113.2413559, 23.1101806], [113.2415727, 23.1101742], [113.2415631, 23.1098984], [113.2413463, 23.1099048], [113.2413559, 23.1101806]]]}}, {"type": "Feature", "id": 352610323, "properties": {"id": "352610323", "levels": 5, "levels_estimated": true, "height": 15, "building": "yes", "name": null}, "geometry": {"type": "Polygon", "coordinates": [[[113.2371447, 23.1107772], [113.2373939, 23.1107654], [113.2373749, 23.1104267], [113.2371258, 23.1104386], [113.2371447, 23.1107772]]]}}, {"type": "Feature", "id": 352610324, "properties": {"id": "352610324", "levels": 5, "levels_estimated": true, "height": 15, "building": "yes", "name": null}, "geometry": {"type": "Polygon", "coordinates": [[[113.2422971, 23.1106441], [113.2425321, 23.1106371], [113.2425197, 23.1102818], [113.2422847, 23.1102888], [113.2422971, 23.1106441]]]}}, {"type": "Feature", "id": 352610325, "properties": {"id": "352610325", "levels": 5, "levels_estimated": true, "height": 15, "building": "yes", "name": "广东外事博物馆"}, "geometry": {"type": "Polygon", "coordinates": [[[113.242516, 23.1091063], [113.2427434, 23.1090996], [113.2427348, 23.1088552], [113.2425075, 23.1088619], [113.242516, 23.1091063]]]}}, {"type": "Feature", "id": 352610326, "properties": {"id": "352610326", "levels": 2, "levels_estimated": false, "height": 6, "building": "yes", "name": null}, "geometry": {"type": "Polygon", "coordinates": [[[113.241572, 23.1091013], [113.2416719, 23.1090984], [113.2416642, 23.1088768], [113.2415642, 23.1088797], [113.241572, 23.1091013]]]}}, {"type": "Feature", "id": 352610327, "properties": {"id": "352610327", "levels": 8, "levels_estimated": false, "height": 24, "building": "yes", "name": "广州海关"}, "geometry": {"type": "Polygon", "coordinates": [[[113.2370643, 23.1096884], [113.2370552, 23.1092585], [113.2367731, 23.1092635], [113.2365952, 23.1094337], [113.2366008, 23.1096967], [113.2370643, 23.1096884]]]}}, {"type": "Feature", "id": 352610328, "properties": {"id": "352610328", "levels": 5, "levels_estimated": false, "height": 15, "building": "residential", "name": null}, "geometry": {"type": "Polygon", "coordinates": [[[113.2412649, 23.1091922], [113.2412591, 23.1090248], [113.241127, 23.1090287], [113.2411216, 23.1088751], [113.2410091, 23.1088785], [113.2410204, 23.1091995], [113.2412649, 23.1091922]]]}}, {"type": "Feature", "id": 352610329, "properties": {"id": "352610329", "levels": 4, "levels_estimated": false, "height": 12, "building": "yes", "name": null}, "geometry": {"type": "Polygon", "coordinates": [[[113.238457, 23.1095223], [113.2382615, 23.109532], [113.23827, 23.1096762], [113.2388305, 23.1096483], [113.2388241, 23.1095392], [113.238822, 23.1095041], [113.2388148, 23.1093805], [113.2384497, 23.1093987], [113.238457, 23.1095223]]]}}, {"type": "Feature", "id": 352610330, "properties": {"id": "352610330", "levels": 5, "levels_estimated": false, "height": 15, "building": "school", "name": null}, "geometry": {"type": "Polygon", "coordinates": [[[113.2400889, 23.110144], [113.2403535, 23.1101362], [113.2403477, 23.1099702], [113.2400831, 23.109978], [113.2399059, 23.1099833], [113.2399117, 23.1101492], [113.2399155, 23.1102567], [113.2400926, 23.1102514], [113.2400889, 23.110144]]]}}, {"type": "Feature", "id": 355434644, "properties": {"id": "355434644", "levels": 5, "levels_estimated": true, "height": 15, "building": "yes", "name": null}, "geometry": {"type": "Polygon", "coordinates": [[[113.2447969, 23.1099302], [113.2449752, 23.1099521], [113.2450177, 23.1096585], [113.2448393, 23.1096367], [113.2447969, 23.1099302]]]}}, {"type": "Feature", "id": 356953405, "properties": {"id": "356953405", "levels": 5, "levels_estimated": true, "height": 15, "building": "yes", "name": "交通警察荔湾分队"}, "geometry": {"type": "Polygon", "coordinates": [[[113.2416203, 23.1143466], [113.2417462, 23.1143416], [113.2417374, 23.114177], [113.2416104, 23.1141851], [113.2416203, 23.1143466]]]}}, {"type": "Feature", "id": 356954510, "properties": {"id": "356954510", "levels": 3, "levels_estimated": false, "height": 9, "building": "commercial", "name": "西关大厦"}, "geometry": {"type": "Polygon", "coordinates": [[[113.243514, 23.1154256], [113.2440062, 23.1154934], [113.2441041, 23.1149347], [113.2436052, 23.1148681], [113.243514, 23.1154256]]]}}, {"type": "Feature", "id": 363576778, "properties": {"id": "363576778", "levels": 5, "levels_estimated": true, "height": 15, "building": "yes", "name": null}, "geometry": {"type": "Polygon", "coordinates": [[[113.2545335, 23.1229853], [113.2545358, 23.1231063], [113.254462, 23.1231075], [113.2544598, 23.1229886], [113.2543362, 23.1229905], [113.2543393, 23.1231556], [113.2544286, 23.1231542], [113.2544292, 23.1231838], [113.2545547, 23.1231818], [113.2545542, 23.123154], [113.2546594, 23.1231523], [113.2546563, 23.1229833], [113.2545335, 23.1229853]]]}}, {"type": "Feature", "id": 363576779, "properties": {"id": "363576779", "levels": 5, "levels_estimated": true, "height": 15, "building": "yes", "name": null}, "geometry": {"type": "Polygon", "coordinates": [[[113.254762, 23.1232301], [113.2548663, 23.1232284], [113.2548651, 23.1231654], [113.2547608, 23.1231671], [113.254762, 23.1232301]]]}}, {"type": "Feature", "id": 363576780, "properties": {"id": "363576780", "levels": 3, "levels_estimated": true, "height": 9, "building": "commercial", "name": "羊城商厦"}, "geometry": {"type": "Polygon", "coordinates": [[[113.2501303, 23.1232628], [113.2499785, 23.1224706], [113.2499338, 23.1223945], [113.2497443, 23.1224308], [113.2498686, 23.1231411], [113.2496593, 23.1231814], [113.2496965, 23.1233458], [113.2501303, 23.1232628]]]}}, {"type": "Feature", "id": 389899906, "properties": {"id": "389899906", "levels": 5, "levels_estimated": true, "height": 15, "building": "yes", "name": "广州宾馆"}, "geometry": {"type": "Polygon", "coordinates": [[[113.2602968, 23.118694], [113.2607196, 23.1189465], [113.2608183, 23.1188227], [113.2606997, 23.1187472], [113.2607461, 23.1186863], [113.2604881, 23.1185427], [113.2604729, 23.1184264], [113.2603127, 23.1183373], [113.2601372, 23.1186042], [113.2599944, 23.1188212], [113.2601383, 23.1189193], [113.2602968, 23.118694]]]}}, {"type": "Feature", "id": 389899907, "properties": {"id": "389899907", "levels": 8, "levels_estimated": false, "height": 24, "building": "commercial", "name": "海印缤缤广场"}, "geometry": {"type": "Polygon", "coordinates": [[[113.2596902, 23.1184317], [113.259756, 23.1183358], [113.2596237, 23.1179465], [113.2596206, 23.1179319], [113.2595599, 23.1178837], [113.2591273, 23.1176239], [113.259024, 23.1177694], [113.2588362, 23.1180843], [113.2588804, 23.1182596], [113.2589716, 23.1183663], [113.2593051, 23.1185514], [113.2591732, 23.1187372], [113.2593584, 23.1188484], [113.2594132, 23.1187712], [113.2595046, 23.1188261], [113.2597564, 23.1184714], [113.2596902, 23.1184317]]]}}, {"type": "Feature", "id": 389899908, "properties": {"id": "389899908", "levels": 5, "levels_estimated": true, "height": 15, "building": "yes", "name": null}, "geometry": {"type": "Polygon", "coordinates": [[[113.2586059, 23.1175392], [113.2588918, 23.1176802], [113.2589932, 23.1175061], [113.2587074, 23.1173652], [113.2586059, 23.1175392]]]}}, {"type": "Feature", "id": 390348994, "properties": {"id": "390348994", "levels": 8, "levels_estimated": false, "height": 24, "building": "college", "name": "广州市社会主义学院"}, "geometry": {"type": "Polygon", "coordinates": [[[113.2591736, 23.1244587], [113.2592175, 23.1237563], [113.2593689, 23.1237643], [113.2593569, 23.1239564], [113.2596007, 23.1239692], [113.2595876, 23.1241786], [113.2593384, 23.1241655], [113.259329, 23.1243157], [113.2594893, 23.1243242], [113.2594798, 23.1244749], [113.2591736, 23.1244587]]]}}, {"type": "Feature", "id": 392765468, "properties": {"id": "392765468", "levels": 1, "levels_estimated": false, "height": 3, "building": "yes", "name": "天主教路德堂"}, "geometry": {"type": "Polygon", "coordinates": [[[113.2423337, 23.1101645], [113.2424195, 23.1101607], [113.2424079, 23.1099395], [113.2423843, 23.1099407], [113.2423831, 23.1099067], [113.2423461, 23.1099078], [113.2423473, 23.1099418], [113.2423221, 23.1099431], [113.2423337, 23.1101645]]]}}, {"type": "Feature", "id": 395069462, "properties": {"id": "395069462", "levels": 3, "levels_estimated": false, "height": 9, "building": "yes", "name": "恒宝广场"}, "geometry": {"type": "Polygon", "coordinates": [[[113.2364056, 23.1211386], [113.2364267, 23.121108], [113.2364887, 23.1210177], [113.2365585, 23.1210103], [113.2364405, 23.1193921], [113.2363493, 23.1193107], [113.2362822, 23.1192935], [113.2359191, 23.1193197], [113.2359251, 23.1194412], [113.2357824, 23.1194655], [113.235653, 23.1195372], [113.2356573, 23.1203654], [113.2357963, 23.1211973], [113.2364056, 23.1211386]]]}}, {"type": "Feature", "id": 395681207, "properties": {"id": "395681207", "levels": 5, "levels_estimated": true, "height": 15, "building": "yes", "name": null}, "geometry": {"type": "Polygon", "coordinates": [[[113.2410102, 23.1190382], [113.2410968, 23.118768], [113.2409746, 23.1187348], [113.240888, 23.119005], [113.2410102, 23.1190382]]]}}, {"type": "Feature", "id": 395681211, "properties": {"id": "395681211", "levels": 5, "levels_estimated": true, "height": 15, "building": "yes", "name": null}, "geometry": {"type": "Polygon", "coordinates": [[[113.2410361, 23.1186345], [113.2410499, 23.118589], [113.2411547, 23.1186163], [113.2411646, 23.1185854], [113.241211, 23.1185981], [113.2411863, 23.1186745], [113.2410361, 23.1186345]]]}}, {"type": "Feature", "id": 395681212, "properties": {"id": "395681212", "levels": 5, "levels_estimated": true, "height": 15, "building": "yes", "name": "锦纶会馆"}, "geometry": {"type": "Polygon", "coordinates": [[[113.2417352, 23.1194216], [113.2418318, 23.1191446], [113.2418773, 23.1191567], [113.242016, 23.1192008], [113.2419193, 23.1194743], [113.2417352, 23.1194216]]]}}, {"type": "Feature", "id": 395681257, "properties": {"id": "395681257", "levels": 3, "levels_estimated": false, "height": 9, "building": "commercial", "name": "中港城玩具市场"}, "geometry": {"type": "Polygon", "coordinates": [[[113.2512799, 23.115227], [113.2513928, 23.1147424], [113.2519134, 23.114866], [113.2517715, 23.1152073], [113.2517024, 23.1152508], [113.2512799, 23.115227]]]}}, {"type": "Feature", "id": 395681259, "properties": {"id": "395681259", "levels": 25, "levels_estimated": false, "height": 75, "building": "apartments", "name": "一德花园"}, "geometry": {"type": "Polygon", "coordinates": [[[113.2564294, 23.1172323], [113.2564403, 23.1169043], [113.2563129, 23.1168776], [113.2562729, 23.1168575], [113.2563311, 23.1167872], [113.2563202, 23.1166968], [113.2557671, 23.1164291], [113.2556398, 23.1164392], [113.2555852, 23.1164693], [113.2555706, 23.1165964], [113.2555961, 23.116747], [113.2556871, 23.1167437], [113.2556907, 23.1166868], [113.2557707, 23.1166868], [113.2557526, 23.1167805], [113.2558071, 23.116814], [113.2558872, 23.116747], [113.2559272, 23.1167671], [113.2559381, 23.1168039], [113.2558799, 23.1168039], [113.2558581, 23.1168374], [113.2560145, 23.1169545], [113.2560546, 23.1169177], [113.2560182, 23.1168407], [113.2560145, 23.1167437], [113.2560946, 23.1167437], [113.2560946, 23.1168341], [113.2560982, 23.1169278], [113.2561892, 23.116988], [113.2560728, 23.1170817], [113.25608, 23.1171419], [113.2562329, 23.1172791], [113.2564294, 23.1172323]]]}}, {"type": "Feature", "id": 422390259, "properties": {"id": "422390259", "levels": 12, "levels_estimated": true, "height": 36, "building": "hotel", "name": null}, "geometry": {"type": "Polygon", "coordinates": [[[113.2517322, 23.1120819], [113.2522185, 23.1122854], [113.252155, 23.1124068], [113.2520203, 23.112344], [113.2518113, 23.1122603], [113.2516764, 23.1122043], [113.2517322, 23.1120819]]]}}, {"type": "Feature", "id": 431484000, "properties": {"id": "431484000", "levels": 5, "levels_estimated": true, "height": 15, "building": "yes", "name": null}, "geometry": {"type": "Polygon", "coordinates": [[[113.2417344, 23.1177316], [113.2423496, 23.1179163], [113.2424017, 23.1179188], [113.2424442, 23.1179002], [113.2425447, 23.1176335], [113.2425513, 23.1175911], [113.2425371, 23.1175535], [113.2425115, 23.1175215], [113.242355, 23.1174737], [113.2421383, 23.1173861], [113.2419913, 23.1172949], [113.241966, 23.1173136], [113.2419242, 23.1172741], [113.2419006, 23.1172644], [113.2418652, 23.1172635], [113.2418327, 23.117279], [113.2417788, 23.1173543], [113.2418069, 23.117373], [113.2417502, 23.1174211], [113.2417469, 23.1174402], [113.2417702, 23.1174687], [113.2417381, 23.1175109], [113.241747, 23.1175574], [113.2416989, 23.1176809], [113.2416953, 23.1177024], [113.2417119, 23.1177183], [113.2417344, 23.1177316]]]}}, {"type": "Feature", "id": 431484003, "properties": {"id": "431484003", "levels": 22, "levels_estimated": false, "height": 66, "building": "apartments", "name": "侨康大厦"}, "geometry": {"type": "Polygon", "coordinates": [[[113.2429192, 23.1146245], [113.2431745, 23.114647], [113.2432075, 23.1143299], [113.2429523, 23.1143074], [113.2429192, 23.1146245]]]}}, {"type": "Feature", "id": 431484005, "properties": {"id": "431484005", "levels": 9, "levels_estimated": false, "height": 27, "building": "residential", "name": null}, "geometry": {"type": "Polygon", "coordinates": [[[113.2432915, 23.1131361], [113.243308, 23.113025], [113.2430768, 23.1129959], [113.2430602, 23.113107], [113.2432915, 23.1131361]]]}}, {"type": "Feature", "id": 431484006, "properties": {"id": "431484006", "levels": 9, "levels_estimated": false, "height": 27, "building": "residential", "name": null}, "geometry": {"type": "Polygon", "coordinates": [[[113.24331, 23.112967], [113.2433265, 23.1128559], [113.2430953, 23.1128268], [113.2430787, 23.1129379], [113.24331, 23.112967]]]}}, {"type": "Feature", "id": 449700681, "properties": {"id": "449700681", "levels": 3, "levels_estimated": true, "height": 9, "building": "commercial", "name": "新中国大厦"}, "geometry": {"type": "Polygon", "coordinates": [[[113.2472213, 23.1135621], [113.2481523, 23.1136772], [113.2482724, 23.1130558], [113.2473265, 23.1129453], [113.2473014, 23.1130834], [113.2472213, 23.1135621]]]}}, {"type": "Feature", "id": 449702982, "properties": {"id": "449702982", "levels": 25, "levels_estimated": false, "height": 75, "building": "apartments", "name": "城启十三行广场"}, "geometry": {"type": "Polygon", "coordinates": [[[113.2456642, 23.1133845], [113.2471291, 23.1135425], [113.2471606, 23.1132959], [113.2456957, 23.1131377], [113.2456642, 23.1133845]]]}}, {"type": "Feature", "id": 494959427, "properties": {"id": "494959427", "levels": 5, "levels_estimated": true, "height": 15, "building": "train_station", "name": "长寿路"}, "geometry": {"type": "Polygon", "coordinates": [[[113.2367378, 23.1204012], [113.2365716, 23.1204115], [113.2365884, 23.1206417], [113.2366655, 23.1216957], [113.2368318, 23.1216854], [113.2368238, 23.1215759], [113.2367544, 23.120628], [113.2367378, 23.1204012]]]}}, {"type": "Feature", "id": 496390317, "properties": {"id": "496390317", "levels": 0, "levels_estimated": false, "height": 0, "building": "train_station", "name": "一德路"}, "geometry": {"type": "Polygon", "coordinates": [[[113.2524938, 23.1154531], [113.2517969, 23.1152805], [113.2517258, 23.1155231], [113.2524228, 23.1156956], [113.2524938, 23.1154531]]]}}, {"type": "Feature", "id": 506489602, "properties": {"id": "506489602", "levels": 5, "levels_estimated": false, "height": 15, "building": "yes", "name": "永安堂"}, "geometry": {"type": "Polygon", "coordinates": [[[113.2566998, 23.1145257], [113.2568044, 23.1143037], [113.2565683, 23.1141865], [113.2564315, 23.1144517], [113.2566998, 23.1145257]]]}}, {"type": "Feature", "id": 506489603, "properties": {"id": "506489603", "levels": 28, "levels_estimated": false, "height": 84, "building": "hospital", "name": null}, "geometry": {"type": "Polygon", "coordinates": [[[113.2565212, 23.1159401], [113.2564917, 23.1158396], [113.2565002, 23.1157237], [113.2565569, 23.1156135], [113.256641, 23.1155285], [113.2567145, 23.1154879], [113.2568406, 23.1155265], [113.2568763, 23.1156193], [113.2568868, 23.1157217], [113.2568742, 23.1158068], [113.2568448, 23.1158822], [113.2567965, 23.1159633], [113.2567082, 23.1159943], [113.2565212, 23.1159401]]]}}, {"type": "Feature", "id": 506489605, "properties": {"id": "506489605", "levels": 12, "levels_estimated": true, "height": 36, "building": "hotel", "name": "爱群大厦"}, "geometry": {"type": "Polygon", "coordinates": [[[113.2517322, 23.1120819], [113.2516764, 23.1122043], [113.2516614, 23.1122338], [113.2516392, 23.1122794], [113.2515949, 23.1123704], [113.2512862, 23.1120096], [113.2512789, 23.1119644], [113.2513127, 23.1119312], [113.2513588, 23.1119229], [113.2517322, 23.1120819]]]}}, {"type": "Feature", "id": 506489606, "properties": {"id": "506489606", "levels": 26, "levels_estimated": false, "height": 78, "building": "office", "name": "中国人民银行"}, "geometry": {"type": "Polygon", "coordinates": [[[113.2533878, 23.1130349], [113.2534558, 23.1128944], [113.2539414, 23.1130863], [113.253852, 23.113272], [113.2537593, 23.113237], [113.2537792, 23.1131913], [113.2533878, 23.1130349]]]}}, {"type": "Feature", "id": 506489608, "properties": {"id": "506489608", "levels": 13, "levels_estimated": false, "height": 39, "building": "commercial", "name": "南方大厦"}, "geometry": {"type": "Polygon", "coordinates": [[[113.2474517, 23.1111713], [113.247467, 23.1109418], [113.2474793, 23.110758], [113.2474817, 23.1107222], [113.247294, 23.1106548], [113.2473953, 23.1104392], [113.2474803, 23.1104016], [113.2477382, 23.1104984], [113.2477494, 23.1105687], [113.2476783, 23.1107118], [113.2476527, 23.1111806], [113.2474517, 23.1111713]]]}}, {"type": "Feature", "id": 506489609, "properties": {"id": "506489609", "levels": 4, "levels_estimated": false, "height": 12, "building": "yes", "name": "塔影楼"}, "geometry": {"type": "Polygon", "coordinates": [[[113.2460986, 23.1097407], [113.2461269, 23.1096787], [113.2462334, 23.1097266], [113.2462012, 23.1097844], [113.2460986, 23.1097407]]]}}, {"type": "Feature", "id": 506489610, "properties": {"id": "506489610", "levels": 3, "levels_estimated": false, "height": 9, "building": "yes", "name": "广州邮政博览馆（广东邮务管理局旧址）"}, "geometry": {"type": "Polygon", "coordinates": [[[113.2466875, 23.1106863], [113.2467218, 23.1101321], [113.2470204, 23.1102469], [113.2468539, 23.1107062], [113.2466875, 23.1106863]]]}}, {"type": "Feature", "id": 509641341, "properties": {"id": "509641341", "levels": 5, "levels_estimated": true, "height": 15, "building": "yes", "name": null}, "geometry": {"type": "Polygon", "coordinates": [[[113.2436764, 23.1091021], [113.2437727, 23.1091001], [113.2438338, 23.1090396], [113.2438103, 23.109018], [113.2438267, 23.1090028], [113.2436468, 23.1088607], [113.2436329, 23.1088766], [113.2436083, 23.10886], [113.2435591, 23.1089165], [113.2435599, 23.1090477], [113.2436173, 23.1090862], [113.2436329, 23.1090711], [113.2436764, 23.1091021]]]}}, {"type": "Feature", "id": 509641343, "properties": {"id": "509641343", "levels": 5, "levels_estimated": true, "height": 15, "building": "yes", "name": null}, "geometry": {"type": "Polygon", "coordinates": [[[113.2422047, 23.1087555], [113.242201, 23.1086684], [113.242256, 23.1086665], [113.2422597, 23.1087535], [113.2422047, 23.1087555]]]}}, {"type": "Feature", "id": 509641346, "properties": {"id": "509641346", "levels": 5, "levels_estimated": true, "height": 15, "building": "yes", "name": null}, "geometry": {"type": "Polygon", "coordinates": [[[113.2416632, 23.1087827], [113.2420809, 23.1087738], [113.2420789, 23.1086941], [113.2416612, 23.1087029], [113.2416632, 23.1087827]]]}}, {"type": "Feature", "id": 509641349, "properties": {"id": "509641349", "levels": 2, "levels_estimated": false, "height": 6, "building": "yes", "name": null}, "geometry": {"type": "Polygon", "coordinates": [[[113.2409345, 23.108786], [113.2412633, 23.1087793], [113.2412613, 23.1087], [113.2409326, 23.1087068], [113.2409345, 23.108786]]]}}, {"type": "Feature", "id": 509641361, "properties": {"id": "509641361", "levels": 1, "levels_estimated": false, "height": 3, "building": "yes", "name": "基督教沙面会堂"}, "geometry": {"type": "Polygon", "coordinates": [[[113.2362204, 23.1097356], [113.2362157, 23.1095263], [113.2362589, 23.1095252], [113.2362576, 23.1094922], [113.2362942, 23.1094909], [113.2362955, 23.109524], [113.2363427, 23.1095239], [113.2363474, 23.1097331], [113.2362204, 23.1097356]]]}}, {"type": "Feature", "id": 509710341, "properties": {"id": "509710341", "levels": 5, "levels_estimated": true, "height": 15, "building": "yes", "name": null}, "geometry": {"type": "Polygon", "coordinates": [[[113.2360914, 23.1119307], [113.2360531, 23.1117653], [113.2360642, 23.1117104], [113.2361135, 23.1116725], [113.2361681, 23.1116677], [113.2362029, 23.1119023], [113.2362049, 23.1119158], [113.2360914, 23.1119307]]]}}, {"type": "Feature", "id": 514803759, "properties": {"id": "514803759", "levels": 5, "levels_estimated": true, "height": 15, "building": "yes", "name": null}, "geometry": {"type": "Polygon", "coordinates": [[[113.2356867, 23.1165395], [113.2356313, 23.1163201], [113.2357615, 23.116291], [113.2357232, 23.1161763], [113.236216, 23.116193], [113.2362889, 23.1166752], [113.2361754, 23.1166962], [113.2360903, 23.1168255], [113.2359705, 23.1168468], [113.2359377, 23.1166524], [113.2357982, 23.1166907], [113.2357575, 23.1165184], [113.2356867, 23.1165395]]]}}, {"type": "Feature", "id": 515400661, "properties": {"id": "515400661", "levels": 5, "levels_estimated": true, "height": 15, "building": "yes", "name": null}, "geometry": {"type": "Polygon", "coordinates": [[[113.2431987, 23.110638], [113.2433666, 23.1106309], [113.243362, 23.1105317], [113.2431941, 23.1105388], [113.2431987, 23.110638]]]}}, {"type": "Feature", "id": 515400662, "properties": {"id": "515400662", "levels": 5, "levels_estimated": true, "height": 15, "building": "yes", "name": null}, "geometry": {"type": "Polygon", "coordinates": [[[113.2430975, 23.1105736], [113.243149, 23.1105722], [113.2431452, 23.1104518], [113.2430936, 23.1104518], [113.2430975, 23.1105736]]]}}, {"type": "Feature", "id": 515400663, "properties": {"id": "515400663", "levels": 5, "levels_estimated": true, "height": 15, "building": "yes", "name": null}, "geometry": {"type": "Polygon", "coordinates": [[[113.2434786, 23.11056], [113.2436129, 23.1105557], [113.243607, 23.1104086], [113.2434739, 23.1104151], [113.2434786, 23.11056]]]}}, {"type": "Feature", "id": 515400664, "properties": {"id": "515400664", "levels": 5, "levels_estimated": true, "height": 15, "building": "yes", "name": null}, "geometry": {"type": "Polygon", "coordinates": [[[113.2433438, 23.1104783], [113.2433422, 23.110411], [113.2433684, 23.1104103], [113.2433684, 23.1103508], [113.2434686, 23.1103487], [113.2434708, 23.1105348], [113.2433697, 23.1105362], [113.2433677, 23.1104782], [113.2433438, 23.1104783]]]}}, {"type": "Feature", "id": 515400665, "properties": {"id": "515400665", "levels": 5, "levels_estimated": true, "height": 15, "building": "yes", "name": null}, "geometry": {"type": "Polygon", "coordinates": [[[113.2432857, 23.1102363], [113.2435422, 23.1102299], [113.2435438, 23.1101938], [113.2432865, 23.1102002], [113.2432857, 23.1102363]]]}}, {"type": "Feature", "id": 515401364, "properties": {"id": "515401364", "levels": 5, "levels_estimated": true, "height": 15, "building": "yes", "name": null}, "geometry": {"type": "Polygon", "coordinates": [[[113.2409086, 23.1106749], [113.2410542, 23.1106759], [113.2410565, 23.1103924], [113.2409109, 23.1103914], [113.2409086, 23.1106749]]]}}, {"type": "Feature", "id": 515463935, "properties": {"id": "515463935", "levels": 5, "levels_estimated": true, "height": 15, "building": "yes", "name": "中心台"}, "geometry": {"type": "Polygon", "coordinates": [[[113.2460017, 23.1126857], [113.2460216, 23.1125794], [113.2460356, 23.1125257], [113.2460484, 23.1125069], [113.2460601, 23.1124967], [113.2460753, 23.1124886], [113.2461062, 23.1124752], [113.2461547, 23.1124715], [113.2461967, 23.1124752], [113.2462306, 23.1124806], [113.2462702, 23.1125042], [113.246307, 23.1125412], [113.2463286, 23.1125708], [113.2463205, 23.1127109], [113.2460017, 23.1126857]]]}}, {"type": "Feature", "id": 515802940, "properties": {"id": "515802940", "levels": 4, "levels_estimated": false, "height": 12, "building": "public", "name": "广州华侨博物馆"}, "geometry": {"type": "Polygon", "coordinates": [[[113.259126, 23.1153868], [113.2597798, 23.1155997], [113.2597402, 23.1157265], [113.2595251, 23.115666], [113.2594293, 23.1159596], [113.2589795, 23.1158371], [113.259126, 23.1153868]]]}}, {"type": "Feature", "id": 516269980, "properties": {"id": "516269980", "levels": 5, "levels_estimated": true, "height": 15, "building": "yes", "name": "广州市水警分局"}, "geometry": {"type": "Polygon", "coordinates": [[[113.2511878, 23.1099701], [113.2512055, 23.1099158], [113.2512159, 23.1098923], [113.251319, 23.1099311], [113.2513563, 23.1099442], [113.251455, 23.1099813], [113.2514442, 23.1100057], [113.251421, 23.1100578], [113.2511878, 23.1099701]]]}}, {"type": "Feature", "id": 517295320, "properties": {"id": "517295320", "levels": 3, "levels_estimated": true, "height": 9, "building": "commercial", "name": "广州眼镜城"}, "geometry": {"type": "Polygon", "coordinates": [[[113.2477204, 23.1203165], [113.2481404, 23.1203683], [113.2481912, 23.1199301], [113.2478275, 23.1198886], [113.2477655, 23.1199249], [113.2477204, 23.1203165]]]}}, {"type": "Feature", "id": 520784947, "properties": {"id": "520784947", "levels": 43, "levels_estimated": false, "height": 129, "building": "office", "name": null}, "geometry": {"type": "Polygon", "coordinates": [[[113.2598873, 23.1219385], [113.2599126, 23.1218858], [113.2599186, 23.1218284], [113.2599122, 23.121793], [113.2598983, 23.1217595], [113.2598651, 23.1217159], [113.2598195, 23.1216831], [113.2597583, 23.1216626], [113.2596931, 23.1216617], [113.2596313, 23.1216804], [113.2595794, 23.1217167], [113.2595434, 23.1217666], [113.259527, 23.1218246], [113.2595322, 23.1218843], [113.2595552, 23.1219346], [113.2595947, 23.1219772], [113.2596288, 23.1219989], [113.2596671, 23.1220134], [113.2597293, 23.1220207], [113.2597907, 23.1220096], [113.2598453, 23.1219812], [113.2598873, 23.1219385]]]}}, {"type": "Feature", "id": 520784949, "properties": {"id": "520784949", "levels": 5, "levels_estimated": true, "height": 15, "building": "yes", "name": null}, "geometry": {"type": "Polygon", "coordinates": [[[113.2393195, 23.1235079], [113.239615, 23.1234986], [113.2396123, 23.1234284], [113.240508, 23.1233999], [113.2405012, 23.12322], [113.239563, 23.1232498], [113.2395516, 23.1229453], [113.2392988, 23.1229533], [113.2393195, 23.1235079]]]}}, {"type": "Feature", "id": 527295764, "properties": {"id": "527295764", "levels": 6, "levels_estimated": false, "height": 18, "building": "hotel", "name": "南美酒店"}, "geometry": {"type": "Polygon", "coordinates": [[[113.2450384, 23.1068715], [113.2452476, 23.1061472], [113.2457464, 23.106267], [113.2455281, 23.1069997], [113.2450384, 23.1068715]]]}}, {"type": "Feature", "id": 529429592, "properties": {"id": "529429592", "levels": 5, "levels_estimated": true, "height": 15, "building": "roof", "name": "西堤码头"}, "geometry": {"type": "Polygon", "coordinates": [[[113.2467001, 23.109785], [113.2467628, 23.1098452], [113.2468702, 23.1098876], [113.2469441, 23.109876], [113.2468981, 23.1098234], [113.2467782, 23.1097773], [113.2467001, 23.109785]]]}}, {"type": "Feature", "id": 533487712, "properties": {"id": "533487712", "levels": 6, "levels_estimated": false, "height": 18, "building": "hotel", "name": "新华大酒店"}, "geometry": {"type": "Polygon", "coordinates": [[[113.2490206, 23.1115036], [113.2489374, 23.1114852], [113.2488773, 23.1114229], [113.2488727, 23.1113251], [113.2489019, 23.1111749], [113.2489343, 23.1110162], [113.2489805, 23.1109652], [113.2490121, 23.110956], [113.2490575, 23.1109567], [113.2491399, 23.1109815], [113.2490206, 23.1115036]]]}}, {"type": "Feature", "id": 533487713, "properties": {"id": "533487713", "levels": 9, "levels_estimated": false, "height": 27, "building": "hotel", "name": "东亚大酒店"}, "geometry": {"type": "Polygon", "coordinates": [[[113.2489477, 23.1115755], [113.2488753, 23.1115656], [113.2488346, 23.1115818], [113.2488191, 23.1116072], [113.2487529, 23.1121564], [113.2488833, 23.1121711], [113.2489477, 23.1115755]]]}}, {"type": "Feature", "id": 536380312, "properties": {"id": "536380312", "levels": 32, "levels_estimated": false, "height": 96, "building": "apartments", "name": null}, "geometry": {"type": "Polygon", "coordinates": [[[113.257665, 23.1246683], [113.2577117, 23.1240175], [113.2573474, 23.1239954], [113.2573007, 23.1246461], [113.257665, 23.1246683]]]}}, {"type": "Feature", "id": 541534839, "properties": {"id": "541534839", "levels": 6, "levels_estimated": true, "height": 18, "building": "residential", "name": null}, "geometry": {"type": "Polygon", "coordinates": [[[113.256454, 23.1043174], [113.2564191, 23.1043643], [113.2564808, 23.1043988], [113.2564889, 23.1043791], [113.2565532, 23.1043643], [113.2566337, 23.1042237], [113.2566096, 23.1041669], [113.2566256, 23.1041349], [113.2565747, 23.1041127], [113.2565291, 23.1041645], [113.2565076, 23.1041497], [113.2565237, 23.104125], [113.2564459, 23.1040954], [113.2563333, 23.1042952], [113.2564003, 23.1043273], [113.2564191, 23.1043002], [113.256454, 23.1043174]]]}}, {"type": "Feature", "id": 541534840, "properties": {"id": "541534840", "levels": 6, "levels_estimated": true, "height": 18, "building": "residential", "name": null}, "geometry": {"type": "Polygon", "coordinates": [[[113.25658, 23.1040448], [113.2565452, 23.1040917], [113.2566069, 23.1041262], [113.2566149, 23.1041065], [113.2566793, 23.1040917], [113.2567598, 23.1039511], [113.2567356, 23.1038943], [113.2567517, 23.1038622], [113.2567007, 23.10384], [113.2566551, 23.1038919], [113.2566337, 23.1038771], [113.2566686, 23.1038104], [113.2566015, 23.1037833], [113.2565547, 23.1038356], [113.2565133, 23.1038114], [113.2564814, 23.1038717], [113.2565279, 23.1038951], [113.2565126, 23.1039215], [113.2564551, 23.1039008], [113.2564278, 23.1039625], [113.2564774, 23.1039854], [113.2564593, 23.1040226], [113.2565264, 23.1040547], [113.2565452, 23.1040275], [113.25658, 23.1040448]]]}}, {"type": "Feature", "id": 541534841, "properties": {"id": "541534841", "levels": 6, "levels_estimated": true, "height": 18, "building": "residential", "name": null}, "geometry": {"type": "Polygon", "coordinates": [[[113.2566441, 23.103729], [113.2566092, 23.1037759], [113.2566709, 23.1038104], [113.256679, 23.1037907], [113.2567434, 23.1037759], [113.2568238, 23.1036353], [113.2567997, 23.1035785], [113.2568158, 23.1035465], [113.2567648, 23.1035243], [113.2567192, 23.1035761], [113.2566978, 23.1035613], [113.2567326, 23.1034947], [113.2566656, 23.1034675], [113.2566188, 23.1035198], [113.2565371, 23.1034833], [113.2565052, 23.1035361], [113.256592, 23.1035794], [113.2565766, 23.1036057], [113.2564816, 23.1035628], [113.2564543, 23.103622], [113.2565415, 23.1036696], [113.256518, 23.1037167], [113.2565851, 23.1037537], [113.2566092, 23.1037118], [113.2566441, 23.103729]]]}}, {"type": "Feature", "id": 541534842, "properties": {"id": "541534842", "levels": 6, "levels_estimated": true, "height": 18, "building": "residential", "name": null}, "geometry": {"type": "Polygon", "coordinates": [[[113.2569365, 23.1034108], [113.2569016, 23.1034576], [113.2569633, 23.1034922], [113.2569713, 23.1034724], [113.2570357, 23.1034576], [113.2571162, 23.103317], [113.257092, 23.1032603], [113.2571143, 23.103228], [113.2570526, 23.1031935], [113.2570116, 23.1032578], [113.2569901, 23.103243], [113.2570285, 23.1031713], [113.2569614, 23.1031343], [113.2569111, 23.1032016], [113.2568295, 23.1031651], [113.2567976, 23.1032179], [113.2568843, 23.1032611], [113.256869, 23.1032874], [113.256774, 23.1032446], [113.2567467, 23.1033038], [113.2568339, 23.1033514], [113.2568104, 23.1033984], [113.2568775, 23.1034354], [113.2569016, 23.1033935], [113.2569365, 23.1034108]]]}}, {"type": "Feature", "id": 541534843, "properties": {"id": "541534843", "levels": 6, "levels_estimated": true, "height": 18, "building": "residential", "name": null}, "geometry": {"type": "Polygon", "coordinates": [[[113.2570875, 23.1031466], [113.2570526, 23.1031935], [113.2571143, 23.103228], [113.2571223, 23.1032083], [113.2571867, 23.1031935], [113.2572672, 23.1030528], [113.257243, 23.1029961], [113.2572591, 23.102964], [113.2572082, 23.1029418], [113.2571626, 23.1029936], [113.2571411, 23.1029788], [113.257176, 23.1029122], [113.2571089, 23.1028851], [113.2570621, 23.1029374], [113.2569805, 23.1029009], [113.2569486, 23.1029537], [113.2570353, 23.1029969], [113.25702, 23.1030233], [113.256925, 23.1029804], [113.2568977, 23.1030396], [113.2569849, 23.1030872], [113.2569614, 23.1031343], [113.2570285, 23.1031713], [113.2570526, 23.1031293], [113.2570875, 23.1031466]]]}}, {"type": "Feature", "id": 541534844, "properties": {"id": "541534844", "levels": 6, "levels_estimated": true, "height": 18, "building": "residential", "name": null}, "geometry": {"type": "Polygon", "coordinates": [[[113.2564715, 23.1033477], [113.2565275, 23.1032339], [113.2565135, 23.1031974], [113.2565299, 23.1031673], [113.2564902, 23.1031459], [113.2566116, 23.102944], [113.256705, 23.1029311], [113.25674, 23.1029289], [113.2567704, 23.1029612], [113.2566583, 23.1031351], [113.256768, 23.1031867], [113.256733, 23.1032361], [113.256774, 23.1032446], [113.2567467, 23.1033038], [113.256698, 23.1032962], [113.2566139, 23.1034208], [113.2564715, 23.1033477]]]}}, {"type": "Feature", "id": 541642070, "properties": {"id": "541642070", "levels": 6, "levels_estimated": true, "height": 18, "building": "residential", "name": "同乐大厦"}, "geometry": {"type": "Polygon", "coordinates": [[[113.2583641, 23.1089795], [113.2586447, 23.1090842], [113.2587666, 23.1087963], [113.258482, 23.1086953], [113.2583641, 23.1089795]]]}}, {"type": "Feature", "id": 541844704, "properties": {"id": "541844704", "levels": 5, "levels_estimated": true, "height": 15, "building": "yes", "name": "锦泰酒店"}, "geometry": {"type": "Polygon", "coordinates": [[[113.25025, 23.1115937], [113.2503199, 23.1115327], [113.2503158, 23.112173], [113.2502359, 23.1121727], [113.25025, 23.1115937]]]}}, {"type": "Feature", "id": 541844705, "properties": {"id": "541844705", "levels": 5, "levels_estimated": false, "height": 15, "building": "yes", "name": null}, "geometry": {"type": "Polygon", "coordinates": [[[113.2493719, 23.1111834], [113.249409, 23.111087], [113.25009, 23.111387], [113.2501322, 23.1114911], [113.2501424, 23.1115439], [113.2501398, 23.1115812], [113.2501204, 23.1116185], [113.2500646, 23.1116465], [113.2499649, 23.1116589], [113.2498484, 23.1116403], [113.2497335, 23.1116107], [113.2497875, 23.111446], [113.2496066, 23.1113554], [113.2496287, 23.1112916], [113.2493719, 23.1111834]]]}}, {"type": "Feature", "id": 541844706, "properties": {"id": "541844706", "levels": 3, "levels_estimated": false, "height": 9, "building": "yes", "name": null}, "geometry": {"type": "Polygon", "coordinates": [[[113.2491569, 23.1109911], [113.2493957, 23.1110789], [113.2493569, 23.1111862], [113.2494074, 23.111208], [113.2493957, 23.1112403], [113.2496143, 23.1113223], [113.249583, 23.111401], [113.2497629, 23.1114823], [113.2497129, 23.1116144], [113.2490412, 23.1114823], [113.2491359, 23.1110658], [113.2491569, 23.1109911]]]}}, {"type": "Feature", "id": 541844709, "properties": {"id": "541844709", "levels": 8, "levels_estimated": true, "height": 24, "building": "hospital", "name": "孙逸仙纪念医院仁济楼"}, "geometry": {"type": "Polygon", "coordinates": [[[113.2496472, 23.1131213], [113.2500635, 23.1131202], [113.2500716, 23.1125179], [113.2497061, 23.1125162], [113.2497062, 23.1127522], [113.2496436, 23.1128316], [113.2496472, 23.1131213]]]}}, {"type": "Feature", "id": 541844710, "properties": {"id": "541844710", "levels": 26, "levels_estimated": false, "height": 78, "building": "hospital", "name": "中山大学孙逸仙纪念医院"}, "geometry": {"type": "Polygon", "coordinates": [[[113.2503666, 23.1116116], [113.2506497, 23.11178], [113.2506806, 23.111827], [113.2506401, 23.1118837], [113.2505954, 23.111963], [113.2505571, 23.1120619], [113.2505465, 23.1121314], [113.2505433, 23.1122224], [113.2503892, 23.112218], [113.250398, 23.1119396], [113.2503476, 23.1119417], [113.2503666, 23.1116116]]]}}, {"type": "Feature", "id": 541844713, "properties": {"id": "541844713", "levels": 4, "levels_estimated": false, "height": 12, "building": "wholesale", "name": "山海城海味市场"}, "geometry": {"type": "Polygon", "coordinates": [[[113.2523811, 23.1150242], [113.2523406, 23.1151377], [113.2525641, 23.1151945], [113.2525982, 23.115079], [113.2527915, 23.1151337], [113.2528196, 23.1151416], [113.2527567, 23.1154238], [113.2527259, 23.115449], [113.252698, 23.115468], [113.2526339, 23.1154518], [113.25243, 23.115406], [113.2520894, 23.1153198], [113.2520404, 23.1152591], [113.2520321, 23.1152261], [113.2520311, 23.1152111], [113.2520277, 23.1151847], [113.2521424, 23.114948], [113.2523811, 23.1150242]]]}}, {"type": "Feature", "id": 542890833, "properties": {"id": "542890833", "levels": 5, "levels_estimated": true, "height": 15, "building": "church", "name": "石室圣心大教堂"}, "geometry": {"type": "Polygon", "coordinates": [[[113.2549179, 23.117087], [113.254913, 23.117129], [113.2548735, 23.1174134], [113.2548929, 23.1174495], [113.2548841, 23.1175302], [113.254854, 23.1175709], [113.2548234, 23.1176634], [113.254741, 23.1177202], [113.2546448, 23.1177097], [113.2545864, 23.1176602], [113.2545635, 23.1175886], [113.2545696, 23.1175419], [113.2545517, 23.1174992], [113.2545627, 23.1174153], [113.2545869, 23.1173816], [113.254622, 23.117101], [113.254627, 23.1170564], [113.254711, 23.1170653], [113.2547669, 23.1170712], [113.254822, 23.1170775], [113.2549179, 23.117087]]]}}, {"type": "Feature", "id": 542890835, "properties": {"id": "542890835", "levels": 5, "levels_estimated": true, "height": 15, "building": "yes", "name": null}, "geometry": {"type": "Polygon", "coordinates": [[[113.2554313, 23.1169057], [113.2553901, 23.1167036], [113.2552596, 23.1167625], [113.2550996, 23.1167481], [113.255073, 23.116871], [113.2554313, 23.1169057]]]}}, {"type": "Feature", "id": 542890846, "properties": {"id": "542890846", "levels": 5, "levels_estimated": true, "height": 15, "building": "yes", "name": "天主府"}, "geometry": {"type": "Polygon", "coordinates": [[[113.2542242, 23.1182226], [113.2542571, 23.11797], [113.2545079, 23.1179976], [113.254475, 23.1182502], [113.2542242, 23.1182226]]]}}, {"type": "Feature", "id": 542890853, "properties": {"id": "542890853", "levels": 7, "levels_estimated": false, "height": 21, "building": "yes", "name": "仁爱楼"}, "geometry": {"type": "Polygon", "coordinates": [[[113.2523766, 23.1183539], [113.2529921, 23.118467], [113.2530521, 23.1181908], [113.2524366, 23.1180777], [113.2523766, 23.1183539]]]}}, {"type": "Feature", "id": 542890855, "properties": {"id": "542890855", "levels": 4, "levels_estimated": true, "height": 12, "building": "school", "name": null}, "geometry": {"type": "Polygon", "coordinates": [[[113.252575, 23.1179708], [113.2526166, 23.1178189], [113.252842, 23.1178712], [113.2528004, 23.1180231], [113.252575, 23.1179708]]]}}, {"type": "Feature", "id": 542890856, "properties": {"id": "542890856", "levels": 5, "levels_estimated": true, "height": 15, "building": "yes", "name": null}, "geometry": {"type": "Polygon", "coordinates": [[[113.2556519, 23.1173006], [113.2556407, 23.1171656], [113.2559249, 23.1171456], [113.2559361, 23.1172806], [113.2556519, 23.1173006]]]}}, {"type": "Feature", "id": 542893543, "properties": {"id": "542893543", "levels": 4, "levels_estimated": false, "height": 12, "building": "wholesale", "name": null}, "geometry": {"type": "Polygon", "coordinates": [[[113.2418737, 23.1181961], [113.2423046, 23.1183267], [113.2424203, 23.1180038], [113.2420597, 23.1178945], [113.2420418, 23.1179445], [113.2421399, 23.1179742], [113.2420839, 23.1181303], [113.2419156, 23.1180793], [113.2418737, 23.1181961]]]}}, {"type": "Feature", "id": 542893551, "properties": {"id": "542893551", "levels": 17, "levels_estimated": false, "height": 51, "building": "apartments", "name": null}, "geometry": {"type": "Polygon", "coordinates": [[[113.2383734, 23.1195593], [113.2389323, 23.1195603], [113.2389339, 23.1188195], [113.238382, 23.1188185], [113.2383849, 23.1190429], [113.2386711, 23.1190449], [113.2386623, 23.1193192], [113.2383739, 23.1193156], [113.2383734, 23.1195593]]]}}, {"type": "Feature", "id": 554640970, "properties": {"id": "554640970", "levels": 9, "levels_estimated": false, "height": 27, "building": "wholesale", "name": null}, "geometry": {"type": "Polygon", "coordinates": [[[113.2389958, 23.1127723], [113.2395072, 23.1128045], [113.2397021, 23.1126633], [113.2395659, 23.1120101], [113.2392211, 23.1120709], [113.2393168, 23.1125302], [113.2390098, 23.1125843], [113.2389958, 23.1127723]]]}}, {"type": "Feature", "id": 557322700, "properties": {"id": "557322700", "levels": 5, "levels_estimated": true, "height": 15, "building": "yes", "name": "邓世昌纪念馆"}, "geometry": {"type": "Polygon", "coordinates": [[[113.254858, 23.1041965], [113.2548816, 23.1039926], [113.2549356, 23.1039718], [113.2549356, 23.1037337], [113.2549478, 23.1035083], [113.2549553, 23.1034501], [113.2551726, 23.103452], [113.2552274, 23.1037216], [113.2553669, 23.1037536], [113.2554162, 23.1038924], [113.2554039, 23.1040596], [113.2553768, 23.104168], [113.2553162, 23.1042364], [113.254858, 23.1041965]]]}}, {"type": "Feature", "id": 559431105, "properties": {"id": "559431105", "levels": 9, "levels_estimated": false, "height": 27, "building": "school", "name": null}, "geometry": {"type": "Polygon", "coordinates": [[[113.2505228, 23.1052948], [113.2507547, 23.1052859], [113.2507425, 23.1050166], [113.2505046, 23.1050258], [113.2505008, 23.1049441], [113.2508828, 23.1049294], [113.2508882, 23.1050487], [113.2508459, 23.1050503], [113.2508602, 23.1053621], [113.2505265, 23.105375], [113.2505228, 23.1052948]]]}}, {"type": "Feature", "id": 559431106, "properties": {"id": "559431106", "levels": 4, "levels_estimated": true, "height": 12, "building": "school", "name": null}, "geometry": {"type": "Polygon", "coordinates": [[[113.2505313, 23.1055798], [113.2507065, 23.1055765], [113.2507065, 23.1054675], [113.2505331, 23.1054724], [113.2505313, 23.1055798]]]}}, {"type": "Feature", "id": 559431108, "properties": {"id": "559431108", "levels": 4, "levels_estimated": true, "height": 12, "building": "school", "name": null}, "geometry": {"type": "Polygon", "coordinates": [[[113.2540877, 23.1066587], [113.2544841, 23.1069679], [113.2545443, 23.1069484], [113.2546186, 23.1069907], [113.2546717, 23.1070363], [113.2546222, 23.1070982], [113.2545903, 23.1070786], [113.2545231, 23.1071763], [113.2538683, 23.1067108], [113.2539993, 23.1064373], [113.2542399, 23.1065122], [113.2543532, 23.106255], [113.2542753, 23.1062192], [113.2543532, 23.1060369], [113.2550646, 23.1062811], [113.2550115, 23.1063787], [113.254969, 23.1064048], [113.2549265, 23.1064146], [113.2548876, 23.1063983], [113.2548734, 23.1063592], [113.254877, 23.1063201], [113.2545089, 23.1061997], [113.2543638, 23.1065317], [113.2546717, 23.1066261], [113.254608, 23.1067075], [113.2544452, 23.1066457], [113.2544275, 23.106688], [113.2542859, 23.1066392], [113.2543072, 23.1066034], [113.2541408, 23.1065513], [113.2540877, 23.1066587]]]}}, {"type": "Feature", "id": 559431109, "properties": {"id": "559431109", "levels": 3, "levels_estimated": true, "height": 9, "building": "commercial", "name": "金龙大厦"}, "geometry": {"type": "Polygon", "coordinates": [[[113.2560262, 23.1062557], [113.2560971, 23.1062386], [113.2561494, 23.1062216], [113.2561679, 23.106182], [113.2563127, 23.1062131], [113.2562727, 23.1063548], [113.2562943, 23.1063917], [113.2562542, 23.1064172], [113.2562111, 23.1064399], [113.256131, 23.1064427], [113.2560693, 23.1064285], [113.2559707, 23.106386], [113.2560262, 23.1062557]]]}}, {"type": "Feature", "id": 559431110, "properties": {"id": "559431110", "levels": 3, "levels_estimated": true, "height": 9, "building": "commercial", "name": "飞龙大厦"}, "geometry": {"type": "Polygon", "coordinates": [[[113.2554694, 23.1061532], [113.2555222, 23.1059699], [113.2555792, 23.1059999], [113.255632, 23.106041], [113.2556686, 23.1061008], [113.2556808, 23.1061569], [113.2556686, 23.1062055], [113.2554694, 23.1061532]]]}}, {"type": "Feature", "id": 568896344, "properties": {"id": "568896344", "levels": 12, "levels_estimated": false, "height": 36, "building": "hotel", "name": "江悦酒店"}, "geometry": {"type": "Polygon", "coordinates": [[[113.2416432, 23.1056137], [113.2412608, 23.1054286], [113.2413371, 23.1052953], [113.2417195, 23.1054804], [113.2416432, 23.1056137]]]}}, {"type": "Feature", "id": 598391028, "properties": {"id": "598391028", "levels": 6, "levels_estimated": true, "height": 18, "building": "residential", "name": null}, "geometry": {"type": "Polygon", "coordinates": [[[113.2573728, 23.1038851], [113.2576145, 23.1039931], [113.2576372, 23.1039502], [113.257694, 23.1039755], [113.257734, 23.1038998], [113.2576573, 23.1038655], [113.2576721, 23.1038376], [113.257757, 23.1038756], [113.2577972, 23.1037995], [113.2577157, 23.103763], [113.257767, 23.103666], [113.2578634, 23.103709], [113.2579035, 23.103633], [113.2578291, 23.1035998], [113.2578425, 23.1035744], [113.2579223, 23.1036101], [113.2579623, 23.1035344], [113.2579266, 23.1035184], [113.2579066, 23.1034759], [113.257928, 23.1034353], [113.2578153, 23.1033851], [113.2577768, 23.1034582], [113.2577547, 23.1034484], [113.2577968, 23.1033684], [113.2576757, 23.1033144], [113.257646, 23.1033709], [113.257579, 23.103341], [113.2574803, 23.1035281], [113.2575631, 23.103565], [113.2575169, 23.1036525], [113.2574476, 23.1036215], [113.2574136, 23.103686], [113.2574827, 23.1037168], [113.2574516, 23.1037756], [113.2573745, 23.1037412], [113.2573465, 23.1037944], [113.2574066, 23.1038212], [113.2573728, 23.1038851]]]}}, {"type": "Feature", "id": 598391029, "properties": {"id": "598391029", "levels": 6, "levels_estimated": true, "height": 18, "building": "residential", "name": null}, "geometry": {"type": "Polygon", "coordinates": [[[113.257742, 23.103189], [113.2579837, 23.103297], [113.2580064, 23.103254], [113.2580631, 23.1032794], [113.2581031, 23.1032037], [113.2580265, 23.1031694], [113.2580412, 23.1031415], [113.2581261, 23.1031795], [113.2581664, 23.1031034], [113.2580848, 23.1030669], [113.2581361, 23.1029698], [113.2582325, 23.1030129], [113.2582727, 23.1029369], [113.2581982, 23.1029037], [113.2582116, 23.1028783], [113.2582915, 23.102914], [113.2583315, 23.1028383], [113.2582958, 23.1028223], [113.2582757, 23.1027798], [113.2582971, 23.1027391], [113.2581844, 23.102689], [113.2581459, 23.1027621], [113.2581238, 23.1027523], [113.2581659, 23.1026723], [113.2580448, 23.1026183], [113.2580151, 23.1026747], [113.2579481, 23.1026449], [113.2578495, 23.102832], [113.2579322, 23.1028689], [113.2578861, 23.1029564], [113.2578167, 23.1029254], [113.2577827, 23.1029899], [113.2578518, 23.1030207], [113.2578208, 23.1030795], [113.2577437, 23.1030451], [113.2577156, 23.1030983], [113.2577757, 23.1031251], [113.257742, 23.103189]]]}}, {"type": "Feature", "id": 598391031, "properties": {"id": "598391031", "levels": 6, "levels_estimated": true, "height": 18, "building": "residential", "name": null}, "geometry": {"type": "Polygon", "coordinates": [[[113.2570389, 23.104556], [113.2571005, 23.1045847], [113.2571286, 23.1045335], [113.2571768, 23.1045559], [113.2571481, 23.1046082], [113.2572052, 23.1046348], [113.2572404, 23.1045708], [113.2572961, 23.1045967], [113.2573315, 23.1045324], [113.2572789, 23.1045079], [113.2572983, 23.1044726], [113.2573328, 23.1044887], [113.2573442, 23.104469], [113.2573606, 23.1044383], [113.2573749, 23.1044124], [113.2571754, 23.1043194], [113.2571598, 23.1043478], [113.2570923, 23.1043163], [113.2570752, 23.1043473], [113.2571305, 23.1043732], [113.2570915, 23.1044439], [113.2570289, 23.1044147], [113.25702, 23.1044489], [113.257082, 23.1044776], [113.2570389, 23.104556]]]}}, {"type": "Feature", "id": 598391032, "properties": {"id": "598391032", "levels": 6, "levels_estimated": true, "height": 18, "building": "residential", "name": null}, "geometry": {"type": "Polygon", "coordinates": [[[113.2573481, 23.1045684], [113.2574097, 23.1045971], [113.2574378, 23.1045459], [113.257486, 23.1045683], [113.2574573, 23.1046206], [113.2575145, 23.1046472], [113.2575496, 23.1045832], [113.2576053, 23.1046091], [113.2576407, 23.1045448], [113.2575881, 23.1045203], [113.2576075, 23.104485], [113.257642, 23.1045011], [113.2576841, 23.1044248], [113.257656, 23.1044134], [113.2576722, 23.1043788], [113.257606, 23.1043552], [113.2575864, 23.1043981], [113.2575407, 23.1043757], [113.2575613, 23.1043359], [113.257496, 23.1043088], [113.2574847, 23.1043318], [113.257469, 23.1043602], [113.2574015, 23.1043287], [113.2573844, 23.1043597], [113.2574398, 23.1043856], [113.2574007, 23.1044563], [113.2573606, 23.1044383], [113.2573442, 23.104469], [113.2573912, 23.1044901], [113.2573481, 23.1045684]]]}}, {"type": "Feature", "id": 598391033, "properties": {"id": "598391033", "levels": 6, "levels_estimated": true, "height": 18, "building": "residential", "name": null}, "geometry": {"type": "Polygon", "coordinates": [[[113.2574435, 23.1042689], [113.2575051, 23.1042975], [113.2575332, 23.1042464], [113.2575814, 23.1042688], [113.2575526, 23.104321], [113.2576098, 23.1043476], [113.257645, 23.1042837], [113.2577006, 23.1043096], [113.2577361, 23.1042452], [113.2576835, 23.1042207], [113.2577029, 23.1041855], [113.2577374, 23.1042016], [113.2577795, 23.1041253], [113.2577514, 23.1041138], [113.2577675, 23.1040792], [113.2577014, 23.1040557], [113.2576817, 23.1040986], [113.2576361, 23.1040762], [113.2576567, 23.1040363], [113.2575914, 23.1040092], [113.25758, 23.1040322], [113.2575644, 23.1040606], [113.2574969, 23.1040291], [113.2574798, 23.1040602], [113.2575351, 23.104086], [113.257496, 23.1041568], [113.257456, 23.1041387], [113.2574396, 23.1041694], [113.2574865, 23.1041905], [113.2574435, 23.1042689]]]}}, {"type": "Feature", "id": 598391036, "properties": {"id": "598391036", "levels": 5, "levels_estimated": true, "height": 15, "building": "college", "name": "教学楼"}, "geometry": {"type": "Polygon", "coordinates": [[[113.256882, 23.1052809], [113.2571676, 23.1054239], [113.2572317, 23.1053407], [113.257192, 23.1053183], [113.2572245, 23.1052556], [113.2571941, 23.1052426], [113.2572347, 23.1051734], [113.2572062, 23.1051603], [113.2572449, 23.1050761], [113.2570335, 23.1049789], [113.2569969, 23.1050584], [113.2571117, 23.1051126], [113.2570965, 23.1051463], [113.2571219, 23.1051547], [113.2571005, 23.105208], [113.2571361, 23.105222], [113.2571056, 23.1052771], [113.2569267, 23.105193], [113.256882, 23.1052809]]]}}, {"type": "Feature", "id": 598391038, "properties": {"id": "598391038", "levels": 6, "levels_estimated": true, "height": 18, "building": "residential", "name": null}, "geometry": {"type": "Polygon", "coordinates": [[[113.2563227, 23.1057098], [113.2563963, 23.1057427], [113.2564578, 23.1056265], [113.2565115, 23.1056505], [113.2564445, 23.1057771], [113.2565292, 23.105815], [113.2565757, 23.1057271], [113.2566551, 23.1057626], [113.2567349, 23.1056116], [113.2566673, 23.1055814], [113.2567281, 23.1054663], [113.2566354, 23.1054248], [113.2565824, 23.1055251], [113.2565432, 23.1055075], [113.2565959, 23.1054078], [113.2565157, 23.1053719], [113.2564864, 23.1054273], [113.2564694, 23.1054258], [113.2564509, 23.1054608], [113.2564107, 23.1054428], [113.2563755, 23.1055094], [113.2564011, 23.1055209], [113.2563796, 23.1055616], [113.2563476, 23.1055473], [113.2563199, 23.1055996], [113.2563693, 23.1056217], [113.2563227, 23.1057098]]]}}, {"type": "Feature", "id": 598391039, "properties": {"id": "598391039", "levels": 6, "levels_estimated": true, "height": 18, "building": "residential", "name": null}, "geometry": {"type": "Polygon", "coordinates": [[[113.2565311, 23.1053054], [113.2567267, 23.1053933], [113.2568484, 23.1051906], [113.2566558, 23.1050957], [113.2565311, 23.1053054]]]}}, {"type": "Feature", "id": 598391040, "properties": {"id": "598391040", "levels": 6, "levels_estimated": true, "height": 18, "building": "residential", "name": null}, "geometry": {"type": "Polygon", "coordinates": [[[113.2567075, 23.1050062], [113.2568979, 23.1050948], [113.2569442, 23.1050106], [113.2569148, 23.1049969], [113.256925, 23.1049784], [113.256974, 23.1050012], [113.2570326, 23.1048946], [113.2568241, 23.1047976], [113.2567717, 23.1048929], [113.2568091, 23.1049103], [113.256792, 23.1049415], [113.256753, 23.1049234], [113.2567075, 23.1050062]]]}}, {"type": "Feature", "id": 609978084, "properties": {"id": "609978084", "levels": 33, "levels_estimated": false, "height": 99, "building": "apartments", "name": "海天大厦"}, "geometry": {"type": "Polygon", "coordinates": [[[113.2420787, 23.1058972], [113.2423755, 23.1060281], [113.2425117, 23.1059757], [113.242654, 23.105699], [113.2425971, 23.1056111], [113.2422921, 23.1054747], [113.2421803, 23.1055046], [113.2420299, 23.1057701], [113.2420787, 23.1058972]]]}}, {"type": "Feature", "id": 615280075, "properties": {"id": "615280075", "levels": 5, "levels_estimated": true, "height": 15, "building": "yes", "name": "远东宣教会宝岗堂"}, "geometry": {"type": "Polygon", "coordinates": [[[113.2577814, 23.1072507], [113.2580096, 23.1072913], [113.2580017, 23.107329], [113.2579682, 23.107323], [113.2579591, 23.107366], [113.2579935, 23.1073722], [113.2579837, 23.1074191], [113.2577546, 23.1073784], [113.2577814, 23.1072507]]]}}, {"type": "Feature", "id": 620639094, "properties": {"id": "620639094", "levels": 5, "levels_estimated": false, "height": 15, "building": "yes", "name": null}, "geometry": {"type": "Polygon", "coordinates": [[[113.2469525, 23.1073114], [113.2470076, 23.1069988], [113.2467894, 23.1069629], [113.2467504, 23.1071488], [113.2467779, 23.1072227], [113.246833, 23.1072776], [113.2468698, 23.1072966], [113.2469525, 23.1073114]]]}}, {"type": "Feature", "id": 620639095, "properties": {"id": "620639095", "levels": 26, "levels_estimated": false, "height": 78, "building": "office", "name": "新世纪大厦"}, "geometry": {"type": "Polygon", "coordinates": [[[113.2463072, 23.107624], [113.2464082, 23.1074086], [113.2459971, 23.1072417], [113.24588, 23.107455], [113.2463072, 23.107624]]]}}, {"type": "Feature", "id": 630290381, "properties": {"id": "630290381", "levels": 32, "levels_estimated": false, "height": 96, "building": "residential", "name": "保利丰花园"}, "geometry": {"type": "Polygon", "coordinates": [[[113.2476271, 23.102834], [113.2477828, 23.1028812], [113.2478055, 23.102818], [113.2479787, 23.1028705], [113.2479496, 23.1029518], [113.2481408, 23.1030098], [113.2481592, 23.1029584], [113.2482604, 23.102989], [113.2483285, 23.1027989], [113.2482228, 23.1027669], [113.2482435, 23.1027092], [113.2480689, 23.1026563], [113.2480394, 23.1027387], [113.2478669, 23.1026864], [113.2478905, 23.1026204], [113.2477449, 23.1025763], [113.2477235, 23.1026359], [113.2476333, 23.1026086], [113.2475812, 23.102754], [113.2476484, 23.1027744], [113.2476271, 23.102834]]]}}, {"type": "Feature", "id": 630290529, "properties": {"id": "630290529", "levels": 5, "levels_estimated": true, "height": 15, "building": "yes", "name": "寧隱庵"}, "geometry": {"type": "Polygon", "coordinates": [[[113.2527919, 23.1035037], [113.2529824, 23.1035346], [113.2529977, 23.1034461], [113.2528025, 23.1034186], [113.2527919, 23.1035037]]]}}, {"type": "Feature", "id": 630842425, "properties": {"id": "630842425", "levels": 4, "levels_estimated": true, "height": 12, "building": "school", "name": null}, "geometry": {"type": "Polygon", "coordinates": [[[113.2508008, 23.1048302], [113.2510467, 23.1048246], [113.2510549, 23.1047329], [113.25094, 23.1047339], [113.250939, 23.1047694], [113.250869, 23.1047713], [113.2507998, 23.1047713], [113.2508008, 23.1048302]]]}}, {"type": "Feature", "id": 630842426, "properties": {"id": "630842426", "levels": 4, "levels_estimated": true, "height": 12, "building": "school", "name": null}, "geometry": {"type": "Polygon", "coordinates": [[[113.2507703, 23.1047713], [113.2507998, 23.1047713], [113.250869, 23.1047713], [113.2508709, 23.1046198], [113.2507652, 23.1046273], [113.2507703, 23.1047713]]]}}, {"type": "Feature", "id": 630918836, "properties": {"id": "630918836", "levels": 5, "levels_estimated": true, "height": 15, "building": "dormitory", "name": null}, "geometry": {"type": "Polygon", "coordinates": [[[113.2542046, 23.1042978], [113.2542327, 23.1041843], [113.2543258, 23.1042082], [113.2542998, 23.1043257], [113.2542046, 23.1042978]]]}}, {"type": "Feature", "id": 630918837, "properties": {"id": "630918837", "levels": 4, "levels_estimated": true, "height": 12, "building": "school", "name": null}, "geometry": {"type": "Polygon", "coordinates": [[[113.2543166, 23.1041851], [113.2543287, 23.1041425], [113.2544361, 23.1041668], [113.2544239, 23.104209], [113.2543166, 23.1041851]]]}}, {"type": "Feature", "id": 631913208, "properties": {"id": "631913208", "levels": 6, "levels_estimated": true, "height": 18, "building": "residential", "name": "薈賢大廈"}, "geometry": {"type": "Polygon", "coordinates": [[[113.253111, 23.106247], [113.2531528, 23.1062593], [113.2531456, 23.1062799], [113.2532063, 23.1062979], [113.2532199, 23.1062591], [113.2532426, 23.1062659], [113.2532154, 23.1063421], [113.2533006, 23.1063678], [113.2533089, 23.1063449], [113.2533437, 23.1063555], [113.2533956, 23.1062127], [113.2533735, 23.1062059], [113.2533802, 23.1061876], [113.2534108, 23.1061972], [113.2534409, 23.1061169], [113.2533762, 23.1060964], [113.2533908, 23.1060576], [113.2534464, 23.1060753], [113.253477, 23.1059944], [113.2534218, 23.1059768], [113.253429, 23.1059576], [113.2534686, 23.1059703], [113.253498, 23.1058931], [113.2534792, 23.1058783], [113.2534792, 23.1058339], [113.2534481, 23.1058222], [113.2534605, 23.1057944], [113.2534256, 23.1057944], [113.2534044, 23.1058463], [113.253357, 23.1058299], [113.2533783, 23.1057778], [113.2533411, 23.1057649], [113.253329, 23.1057944], [113.2533076, 23.1057747], [113.2532852, 23.105838], [113.253258, 23.1058299], [113.2532428, 23.1058729], [113.2532236, 23.1058671], [113.2532224, 23.1058705], [113.2532892, 23.10589], [113.2532711, 23.1059424], [113.2532015, 23.1059222], [113.2531912, 23.1059523], [113.2532097, 23.1059576], [113.2532036, 23.1059753], [113.2532793, 23.1059972], [113.2532528, 23.1060749], [113.253179, 23.1060536], [113.2531691, 23.1060825], [113.2531487, 23.1060766], [113.2531363, 23.1061131], [113.2532104, 23.1061345], [113.2532012, 23.1061614], [113.2531247, 23.1061392], [113.2531118, 23.1061768], [113.2531332, 23.106183], [113.253111, 23.106247]]]}}, {"type": "Feature", "id": 631913222, "properties": {"id": "631913222", "levels": 6, "levels_estimated": true, "height": 18, "building": "residential", "name": "怡龙大厦"}, "geometry": {"type": "Polygon", "coordinates": [[[113.25406, 23.1049379], [113.2543683, 23.1050631], [113.2544283, 23.1049382], [113.2543404, 23.1049025], [113.2543745, 23.1048315], [113.2544779, 23.1048735], [113.2545096, 23.1048075], [113.2544419, 23.10478], [113.2544665, 23.1047289], [113.2545319, 23.1047554], [113.254556, 23.1047052], [113.2542948, 23.1045991], [113.2542643, 23.1046627], [113.2543101, 23.1046813], [113.2542956, 23.1047116], [113.2542029, 23.1046739], [113.25417, 23.1047425], [113.2542596, 23.1047789], [113.254236, 23.104828], [113.2541329, 23.1047861], [113.25406, 23.1049379]]]}}, {"type": "Feature", "id": 631913235, "properties": {"id": "631913235", "levels": 5, "levels_estimated": true, "height": 15, "building": "yes", "name": "海珠区消防中队"}, "geometry": {"type": "Polygon", "coordinates": [[[113.2517152, 23.1058561], [113.2517409, 23.105637], [113.2522406, 23.1056993], [113.2521869, 23.106015], [113.2517152, 23.1058561]]]}}, {"type": "Feature", "id": 632193570, "properties": {"id": "632193570", "levels": 6, "levels_estimated": true, "height": 18, "building": "residential", "name": null}, "geometry": {"type": "Polygon", "coordinates": [[[113.2550833, 23.1061285], [113.2553619, 23.1062095], [113.2553892, 23.1061299], [113.2552675, 23.1060945], [113.255287, 23.1060378], [113.2554029, 23.1060715], [113.2554351, 23.1059779], [113.2552516, 23.1059245], [113.2551926, 23.1060963], [113.2551033, 23.1060703], [113.2550833, 23.1061285]]]}}, {"type": "Feature", "id": 632193571, "properties": {"id": "632193571", "levels": 6, "levels_estimated": true, "height": 18, "building": "residential", "name": null}, "geometry": {"type": "Polygon", "coordinates": [[[113.2550968, 23.1060418], [113.2551461, 23.1059059], [113.255211, 23.1059258], [113.2551617, 23.1060617], [113.2550968, 23.1060418]]]}}, {"type": "Feature", "id": 633704368, "properties": {"id": "633704368", "levels": 9, "levels_estimated": false, "height": 27, "building": "residential", "name": "福雅居"}, "geometry": {"type": "Polygon", "coordinates": [[[113.2476305, 23.1051347], [113.248102, 23.1051981], [113.2481358, 23.1049861], [113.2479219, 23.1049573], [113.2479058, 23.1050585], [113.2478616, 23.1050526], [113.2478848, 23.1049073], [113.2479439, 23.1049152], [113.2479554, 23.1048434], [113.2478717, 23.1048321], [113.2478931, 23.1046982], [113.2479462, 23.1047053], [113.2479331, 23.1047879], [113.2481391, 23.1048156], [113.2481705, 23.104618], [113.2477223, 23.1045576], [113.2476305, 23.1051347]]]}}, {"type": "Feature", "id": 633704385, "properties": {"id": "633704385", "levels": 9, "levels_estimated": false, "height": 27, "building": "apartments", "name": null}, "geometry": {"type": "Polygon", "coordinates": [[[113.2474425, 23.1036252], [113.2475352, 23.1036346], [113.2475429, 23.1035709], [113.2475911, 23.1035758], [113.2475843, 23.1036321], [113.2476818, 23.103642], [113.2476889, 23.1035834], [113.2477348, 23.103588], [113.2477262, 23.1036594], [113.2478501, 23.1036719], [113.2478861, 23.1033719], [113.2477677, 23.1033599], [113.247759, 23.1034331], [113.2477108, 23.1034282], [113.2477185, 23.1033643], [113.2476302, 23.1033554], [113.2476223, 23.1034209], [113.24758, 23.1034166], [113.2475881, 23.103349], [113.247477, 23.1033377], [113.2474425, 23.1036252]]]}}, {"type": "Feature", "id": 633704386, "properties": {"id": "633704386", "levels": 9, "levels_estimated": false, "height": 27, "building": "apartments", "name": null}, "geometry": {"type": "Polygon", "coordinates": [[[113.2479224, 23.1038503], [113.2480661, 23.1038695], [113.2480799, 23.103782], [113.2481067, 23.1037856], [113.248101, 23.1038216], [113.248213, 23.1038366], [113.248234, 23.1037031], [113.2481532, 23.1036923], [113.2481685, 23.1035955], [113.2482629, 23.1036081], [113.2482861, 23.1034606], [113.2481685, 23.1034449], [113.2481614, 23.1034898], [113.2481227, 23.1034847], [113.2481368, 23.1033956], [113.2480083, 23.1033785], [113.2479967, 23.1034522], [113.2479333, 23.1034437], [113.2479121, 23.1035781], [113.2480357, 23.1035946], [113.2480267, 23.1036517], [113.2479139, 23.1036367], [113.2478936, 23.1037653], [113.2479349, 23.1037708], [113.2479224, 23.1038503]]]}}, {"type": "Feature", "id": 633704387, "properties": {"id": "633704387", "levels": 9, "levels_estimated": false, "height": 27, "building": "apartments", "name": null}, "geometry": {"type": "Polygon", "coordinates": [[[113.2479347, 23.1044443], [113.2480465, 23.1044585], [113.2480577, 23.1043841], [113.248111, 23.1043909], [113.2481283, 23.1042757], [113.2480113, 23.1042608], [113.248021, 23.104196], [113.2481475, 23.104212], [113.2481662, 23.1040874], [113.2481252, 23.1040822], [113.2481385, 23.1039935], [113.2479965, 23.1039754], [113.247982, 23.1040715], [113.247945, 23.1040668], [113.2479529, 23.1040142], [113.2478454, 23.1040005], [113.247823, 23.1041501], [113.2479192, 23.1041624], [113.2479036, 23.1042665], [113.2478085, 23.1042544], [113.2477903, 23.1043754], [113.2478984, 23.1043891], [113.2479026, 23.1043611], [113.2479464, 23.1043667], [113.2479347, 23.1044443]]]}}, {"type": "Feature", "id": 633798079, "properties": {"id": "633798079", "levels": 33, "levels_estimated": false, "height": 99, "building": "residential", "name": "万科金域华庭"}, "geometry": {"type": "Polygon", "coordinates": [[[113.247525, 23.1057991], [113.2477132, 23.1058312], [113.2477388, 23.1057037], [113.2478801, 23.1057278], [113.2478533, 23.1058611], [113.2481033, 23.1059036], [113.2481262, 23.1057898], [113.2481818, 23.1055135], [113.2480657, 23.1054938], [113.2480536, 23.1055542], [113.2479473, 23.1055361], [113.2479537, 23.1055039], [113.247898, 23.1054944], [113.2478852, 23.1055581], [113.2477632, 23.1055373], [113.2477777, 23.1054651], [113.2475983, 23.1054346], [113.247525, 23.1057991]]]}}, {"type": "Feature", "id": 633798080, "properties": {"id": "633798080", "levels": 6, "levels_estimated": true, "height": 18, "building": "residential", "name": null}, "geometry": {"type": "Polygon", "coordinates": [[[113.2497577, 23.1039369], [113.2499277, 23.1039521], [113.249951, 23.1037315], [113.2496347, 23.1037032], [113.2496255, 23.103791], [113.2497717, 23.103804], [113.2497577, 23.1039369]]]}}, {"type": "Feature", "id": 633798081, "properties": {"id": "633798081", "levels": 6, "levels_estimated": true, "height": 18, "building": "residential", "name": null}, "geometry": {"type": "Polygon", "coordinates": [[[113.2483847, 23.1035329], [113.2484296, 23.1035427], [113.248436, 23.1035211], [113.2484567, 23.1034412], [113.2484112, 23.1034304], [113.2483847, 23.1035329]]]}}, {"type": "Feature", "id": 633798082, "properties": {"id": "633798082", "levels": 6, "levels_estimated": true, "height": 18, "building": "residential", "name": null}, "geometry": {"type": "Polygon", "coordinates": [[[113.248436, 23.1035211], [113.2484738, 23.1035293], [113.2484945, 23.1034494], [113.2484567, 23.1034412], [113.248436, 23.1035211]]]}}, {"type": "Feature", "id": 633798083, "properties": {"id": "633798083", "levels": 6, "levels_estimated": true, "height": 18, "building": "residential", "name": null}, "geometry": {"type": "Polygon", "coordinates": [[[113.2482893, 23.1031308], [113.2485185, 23.1031859], [113.2485444, 23.1031163], [113.2486175, 23.10292], [113.2486669, 23.1029343], [113.2486868, 23.1028764], [113.2487425, 23.102714], [113.2485055, 23.1026325], [113.2482893, 23.1031308]]]}}, {"type": "Feature", "id": 633798084, "properties": {"id": "633798084", "levels": 6, "levels_estimated": true, "height": 18, "building": "residential", "name": null}, "geometry": {"type": "Polygon", "coordinates": [[[113.2485444, 23.1031163], [113.2486826, 23.1031643], [113.2487946, 23.102908], [113.2486868, 23.1028764], [113.2486669, 23.1029343], [113.2486175, 23.10292], [113.2485444, 23.1031163]]]}}, {"type": "Feature", "id": 633798085, "properties": {"id": "633798085", "levels": 6, "levels_estimated": true, "height": 18, "building": "residential", "name": null}, "geometry": {"type": "Polygon", "coordinates": [[[113.2486991, 23.1031854], [113.2487571, 23.1030351], [113.2489251, 23.1030899], [113.2488872, 23.1031884], [113.248743, 23.1031414], [113.248723, 23.1031932], [113.2486991, 23.1031854]]]}}, {"type": "Feature", "id": 633798086, "properties": {"id": "633798086", "levels": 6, "levels_estimated": true, "height": 18, "building": "residential", "name": null}, "geometry": {"type": "Polygon", "coordinates": [[[113.2488068, 23.1030256], [113.2491015, 23.1031258], [113.2491385, 23.1030337], [113.2488438, 23.1029336], [113.2488068, 23.1030256]]]}}, {"type": "Feature", "id": 633798087, "properties": {"id": "633798087", "levels": 6, "levels_estimated": true, "height": 18, "building": "residential", "name": null}, "geometry": {"type": "Polygon", "coordinates": [[[113.248719, 23.1028577], [113.2492685, 23.1030373], [113.2493258, 23.1029104], [113.2487685, 23.1027164], [113.248719, 23.1028577]]]}}, {"type": "Feature", "id": 633798107, "properties": {"id": "633798107", "levels": 33, "levels_estimated": false, "height": 99, "building": "residential", "name": "万科金域华庭"}, "geometry": {"type": "Polygon", "coordinates": [[[113.2474676, 23.1064668], [113.2479202, 23.1065304], [113.2479293, 23.1064757], [113.2479983, 23.1064854], [113.2480257, 23.1063202], [113.2478373, 23.1062937], [113.2478248, 23.1063687], [113.2476426, 23.1063431], [113.2476557, 23.1062643], [113.2475542, 23.10625], [113.2474468, 23.1062349], [113.247418, 23.1064083], [113.2474759, 23.1064165], [113.2474676, 23.1064668]]]}}, {"type": "Feature", "id": 672658316, "properties": {"id": "672658316", "levels": 37, "levels_estimated": false, "height": 111, "building": "apartments", "name": null}, "geometry": {"type": "Polygon", "coordinates": [[[113.2421829, 23.103993], [113.2421305, 23.1039391], [113.2421151, 23.1038655], [113.2421151, 23.1037918], [113.2421243, 23.1037266], [113.242149, 23.1036444], [113.2421829, 23.1035594], [113.2422198, 23.1035084], [113.2422198, 23.1034744], [113.2421767, 23.1034574], [113.2421089, 23.1034347], [113.2420442, 23.1034064], [113.2419918, 23.1033724], [113.2419549, 23.1033214], [113.2419518, 23.1032618], [113.2419888, 23.1032193], [113.2420535, 23.1031797], [113.2421274, 23.1031882], [113.2422229, 23.1032165], [113.2422547, 23.1032622], [113.2422784, 23.103293], [113.2423061, 23.1033185], [113.2423153, 23.1033582], [113.2423153, 23.1034035], [113.2423184, 23.1034347], [113.2423554, 23.103463], [113.2423924, 23.1034857], [113.2424293, 23.1035141], [113.242454, 23.1035622], [113.2424571, 23.1036189], [113.2424602, 23.1036841], [113.2424478, 23.1037436], [113.2424386, 23.1038088], [113.2424201, 23.1038711], [113.24238, 23.1039363], [113.2423431, 23.1039788], [113.242303, 23.1039958], [113.2422537, 23.1040157], [113.2422137, 23.1040128], [113.2421829, 23.103993]]]}}, {"type": "Feature", "id": 672658317, "properties": {"id": "672658317", "levels": 37, "levels_estimated": false, "height": 111, "building": "apartments", "name": null}, "geometry": {"type": "Polygon", "coordinates": [[[113.2425816, 23.1032082], [113.2425285, 23.1031659], [113.2424966, 23.1031008], [113.2424683, 23.1030226], [113.2424612, 23.1029543], [113.2424506, 23.1029087], [113.2424082, 23.1028599], [113.2423445, 23.1027948], [113.2422737, 23.1027362], [113.2422383, 23.1026873], [113.2422241, 23.1026385], [113.2422524, 23.1025962], [113.2422761, 23.1025798], [113.2422949, 23.1025669], [113.2423338, 23.1025571], [113.2423834, 23.1025604], [113.2424259, 23.1025832], [113.2424825, 23.1026255], [113.242532, 23.1026906], [113.2425887, 23.102759], [113.2426241, 23.1028241], [113.242663, 23.1028957], [113.2427055, 23.1029803], [113.2427161, 23.1030845], [113.2427161, 23.1031398], [113.2427055, 23.1031756], [113.2426736, 23.1031984], [113.2426311, 23.103218], [113.2425816, 23.1032082]]]}}, {"type": "Feature", "id": 672658319, "properties": {"id": "672658319", "levels": 35, "levels_estimated": false, "height": 105, "building": "apartments", "name": null}, "geometry": {"type": "Polygon", "coordinates": [[[113.2426224, 23.1036716], [113.2426294, 23.1037025], [113.2426436, 23.1037335], [113.2426648, 23.1037693], [113.2427108, 23.1038214], [113.2427553, 23.1038563], [113.2428049, 23.1038865], [113.242856, 23.1039028], [113.2428949, 23.1038897], [113.2429161, 23.1038539], [113.2429197, 23.1038051], [113.242902, 23.1037628], [113.2429657, 23.103714], [113.2430223, 23.1036716], [113.2429267, 23.1035805], [113.242817, 23.1036716], [113.2427852, 23.1036488], [113.2427639, 23.1036293], [113.2427321, 23.103613], [113.2426967, 23.1036228], [113.2426613, 23.1036358], [113.2426426, 23.1036549], [113.2426224, 23.1036716]]]}}, {"type": "Feature", "id": 672658321, "properties": {"id": "672658321", "levels": 33, "levels_estimated": false, "height": 99, "building": "apartments", "name": null}, "geometry": {"type": "Polygon", "coordinates": [[[113.2428555, 23.1039469], [113.2428745, 23.1039729], [113.2428928, 23.1039944], [113.2429284, 23.10403], [113.2429558, 23.1040543], [113.2429883, 23.1040786], [113.2430056, 23.1040889], [113.2430381, 23.1041048], [113.2430788, 23.1041085], [113.2431093, 23.1040991], [113.2431438, 23.1040711], [113.2431479, 23.1040431], [113.2431367, 23.104015], [113.2431266, 23.1040019], [113.2431814, 23.1039533], [113.2431011, 23.1038589], [113.2430788, 23.1038327], [113.2430166, 23.1038806], [113.2429683, 23.1038422], [113.2429353, 23.1038161], [113.2429261, 23.1038404], [113.2429231, 23.1038675], [113.2429109, 23.1038918], [113.2428458, 23.1039339], [113.2428555, 23.1039469]]]}}, {"type": "Feature", "id": 672658322, "properties": {"id": "672658322", "levels": 30, "levels_estimated": false, "height": 90, "building": "apartments", "name": null}, "geometry": {"type": "Polygon", "coordinates": [[[113.2430657, 23.1041489], [113.2430832, 23.1041711], [113.2430979, 23.104197], [113.2431301, 23.1042216], [113.243177, 23.1042537], [113.2432039, 23.1042734], [113.2432454, 23.1042932], [113.2432723, 23.1043018], [113.2433098, 23.1042994], [113.2433366, 23.1042808], [113.2433433, 23.1042623], [113.2433433, 23.1042278], [113.2433433, 23.1042093], [113.2433326, 23.1041797], [113.2433165, 23.1041637], [113.2433031, 23.1041501], [113.2433916, 23.1040699], [113.2432937, 23.1039762], [113.2432696, 23.1039934], [113.2432468, 23.1039934], [113.243232, 23.1039934], [113.2432041, 23.1039659], [113.2431958, 23.1039577], [113.2431448, 23.1040033], [113.2431569, 23.1040329], [113.2431583, 23.1040502], [113.2431475, 23.1040823], [113.2431329, 23.1040929], [113.2430657, 23.1041489]]]}}, {"type": "Feature", "id": 672658329, "properties": {"id": "672658329", "levels": 5, "levels_estimated": true, "height": 15, "building": "yes", "name": "广州酒家"}, "geometry": {"type": "Polygon", "coordinates": [[[113.2410475, 23.1053553], [113.2412173, 23.10544], [113.2413129, 23.105274], [113.2411324, 23.1051828], [113.2410475, 23.1053553]]]}}, {"type": "Feature", "id": 672658331, "properties": {"id": "672658331", "levels": 5, "levels_estimated": true, "height": 15, "building": "civic", "name": "波楼"}, "geometry": {"type": "Polygon", "coordinates": [[[113.242919, 23.105883], [113.2436033, 23.1060226], [113.2436633, 23.1058501], [113.2430227, 23.1056613], [113.242919, 23.105883]]]}}, {"type": "Feature", "id": 672658338, "properties": {"id": "672658338", "levels": 6, "levels_estimated": true, "height": 18, "building": "residential", "name": null}, "geometry": {"type": "Polygon", "coordinates": [[[113.2446236, 23.1030771], [113.2446448, 23.1029534], [113.2450491, 23.1030219], [113.2450263, 23.1031422], [113.2446236, 23.1030771]]]}}, {"type": "Feature", "id": 672658342, "properties": {"id": "672658342", "levels": 6, "levels_estimated": true, "height": 18, "building": "residential", "name": "边检宿舍"}, "geometry": {"type": "Polygon", "coordinates": [[[113.2435831, 23.1033006], [113.2438556, 23.1033462], [113.2439034, 23.1030792], [113.2436379, 23.1030337], [113.2435831, 23.1033006]]]}}, {"type": "Feature", "id": 672658349, "properties": {"id": "672658349", "levels": 6, "levels_estimated": true, "height": 18, "building": "residential", "name": null}, "geometry": {"type": "Polygon", "coordinates": [[[113.2458419, 23.1031453], [113.245884, 23.1029971], [113.2459371, 23.1030062], [113.2459017, 23.1031581], [113.2458419, 23.1031453]]]}}, {"type": "Feature", "id": 672658350, "properties": {"id": "672658350", "levels": 6, "levels_estimated": true, "height": 18, "building": "residential", "name": null}, "geometry": {"type": "Polygon", "coordinates": [[[113.2457895, 23.1031005], [113.2458337, 23.1031129], [113.2458739, 23.1029587], [113.2458257, 23.1029501], [113.2457895, 23.1031005]]]}}, {"type": "Feature", "id": 672658351, "properties": {"id": "672658351", "levels": 6, "levels_estimated": true, "height": 18, "building": "residential", "name": null}, "geometry": {"type": "Polygon", "coordinates": [[[113.2456594, 23.1030968], [113.2457734, 23.103119], [113.2458123, 23.1029624], [113.2457465, 23.102934], [113.2457076, 23.1029241], [113.2456594, 23.1030968]]]}}, {"type": "Feature", "id": 674258914, "properties": {"id": "674258914", "levels": 6, "levels_estimated": true, "height": 18, "building": "residential", "name": null}, "geometry": {"type": "Polygon", "coordinates": [[[113.2427445, 23.104191], [113.2427909, 23.1042337], [113.2428446, 23.1042411], [113.2429385, 23.1042608], [113.2430431, 23.1042781], [113.2431772, 23.1042954], [113.2432606, 23.1043055], [113.2433116, 23.1043034], [113.2433366, 23.1042808], [113.243381, 23.1042658], [113.243381, 23.1042238], [113.243373, 23.1042016], [113.2433515, 23.1041646], [113.2433031, 23.1041501], [113.2433916, 23.1040699], [113.2432937, 23.1039762], [113.2432696, 23.1039934], [113.2432468, 23.1039934], [113.243232, 23.1039934], [113.2432041, 23.1039659], [113.2431958, 23.1039577], [113.2431814, 23.1039533], [113.2431011, 23.1038589], [113.2430788, 23.1038327], [113.2430166, 23.1038806], [113.2429683, 23.1038422], [113.2429353, 23.1038161], [113.2429197, 23.1038051], [113.242902, 23.1037628], [113.2429657, 23.103714], [113.2430223, 23.1036716], [113.2429267, 23.1035805], [113.242817, 23.1036716], [113.2427852, 23.1036488], [113.2427639, 23.1036293], [113.2427321, 23.103613], [113.2426967, 23.1036228], [113.2426613, 23.1036358], [113.2426426, 23.1036549], [113.2426224, 23.1036716], [113.2426294, 23.1037025], [113.2426436, 23.1037335], [113.2426648, 23.1037693], [113.2427108, 23.1038214], [113.2427439, 23.1038656], [113.2427599, 23.1038868], [113.2427722, 23.1039128], [113.2427758, 23.1039275], [113.2427811, 23.1039454], [113.2427793, 23.1039617], [113.242774, 23.1039812], [113.2427634, 23.1040056], [113.242751, 23.1040382], [113.2427262, 23.1040821], [113.2427227, 23.1041017], [113.2427245, 23.1041228], [113.2427262, 23.1041456], [113.2427295, 23.1041602], [113.2427333, 23.1041782], [113.2427445, 23.104191]]]}}, {"type": "Feature", "id": 674258926, "properties": {"id": "674258926", "levels": 6, "levels_estimated": true, "height": 18, "building": "residential", "name": null}, "geometry": {"type": "Polygon", "coordinates": [[[113.2434116, 23.1037978], [113.2435296, 23.1036917], [113.2436315, 23.1036004], [113.2433284, 23.1032575], [113.2430629, 23.1034943], [113.2434116, 23.1037978]]]}}, {"type": "Feature", "id": 677423480, "properties": {"id": "677423480", "levels": 5, "levels_estimated": true, "height": 15, "building": "yes", "name": "中国共产党广东省委员会统一战线工作部"}, "geometry": {"type": "Polygon", "coordinates": [[[113.2553927, 23.1249858], [113.2554075, 23.1247753], [113.2556559, 23.1247901], [113.2556411, 23.1250006], [113.2553927, 23.1249858]]]}}, {"type": "Feature", "id": 681328095, "properties": {"id": "681328095", "levels": 9, "levels_estimated": false, "height": 27, "building": "hospital", "name": "荔湾区中医院"}, "geometry": {"type": "Polygon", "coordinates": [[[113.2371033, 23.120769], [113.2372781, 23.1207671], [113.2372818, 23.1210452], [113.237107, 23.1210471], [113.2371033, 23.120769]]]}}, {"type": "Feature", "id": 681328105, "properties": {"id": "681328105", "levels": 24, "levels_estimated": false, "height": 72, "building": "apartments", "name": null}, "geometry": {"type": "Polygon", "coordinates": [[[113.2382356, 23.1190727], [113.2382178, 23.118694], [113.2377257, 23.1187137], [113.2377435, 23.1190924], [113.2382356, 23.1190727]]]}}, {"type": "Feature", "id": 682257079, "properties": {"id": "682257079", "levels": 8, "levels_estimated": true, "height": 24, "building": "hospital", "name": null}, "geometry": {"type": "Polygon", "coordinates": [[[113.2517782, 23.1218233], [113.2518457, 23.1217593], [113.2517827, 23.1215608], [113.2517445, 23.1215711], [113.2517333, 23.1215133], [113.2515602, 23.1215463], [113.2513287, 23.1216083], [113.251295, 23.1215959], [113.251259, 23.1216001], [113.2512298, 23.1216332], [113.2512163, 23.1216807], [113.2512927, 23.1219515], [113.2517782, 23.1218233]]]}}, {"type": "Feature", "id": 682257080, "properties": {"id": "682257080", "levels": 5, "levels_estimated": true, "height": 15, "building": "yes", "name": null}, "geometry": {"type": "Polygon", "coordinates": [[[113.2507713, 23.121748], [113.2506961, 23.1214401], [113.2509717, 23.1213831], [113.251047, 23.121691], [113.2507713, 23.121748]]]}}, {"type": "Feature", "id": 684926980, "properties": {"id": "684926980", "levels": 5, "levels_estimated": true, "height": 15, "building": "yes", "name": "光复大厦"}, "geometry": {"type": "Polygon", "coordinates": [[[113.2463392, 23.1208156], [113.2463332, 23.1204742], [113.2464245, 23.1204596], [113.2464563, 23.1204615], [113.246488, 23.1204761], [113.2465436, 23.1204761], [113.2465575, 23.120717], [113.2469089, 23.120697], [113.2469109, 23.1208138], [113.2463392, 23.1208156]]]}}, {"type": "Feature", "id": 697535517, "properties": {"id": "697535517", "levels": 6, "levels_estimated": true, "height": 18, "building": "residential", "name": "龙德新街53号"}, "geometry": {"type": "Polygon", "coordinates": [[[113.2563683, 23.1036015], [113.2563648, 23.1034697], [113.2564426, 23.1034697], [113.2564408, 23.103595], [113.2563683, 23.1036015]]]}}, {"type": "Feature", "id": 698679965, "properties": {"id": "698679965", "levels": 6, "levels_estimated": true, "height": 18, "building": "residential", "name": "宝岗华庭"}, "geometry": {"type": "Polygon", "coordinates": [[[113.2547154, 23.1048219], [113.2553038, 23.104852], [113.2553131, 23.1045599], [113.2547247, 23.1045341], [113.2547154, 23.1048219]]]}}, {"type": "Feature", "id": 698679969, "properties": {"id": "698679969", "levels": 6, "levels_estimated": true, "height": 18, "building": "residential", "name": "昌龙苑"}, "geometry": {"type": "Polygon", "coordinates": [[[113.2554816, 23.1049854], [113.2560815, 23.1050204], [113.2561035, 23.1047007], [113.2555036, 23.1046658], [113.2554816, 23.1049854]]]}}, {"type": "Feature", "id": 698679973, "properties": {"id": "698679973", "levels": 6, "levels_estimated": true, "height": 18, "building": "residential", "name": "龙安里1号"}, "geometry": {"type": "Polygon", "coordinates": [[[113.2549364, 23.1042946], [113.254934, 23.1042238], [113.2550858, 23.1042302], [113.2550835, 23.1042989], [113.2549364, 23.1042946]]]}}, {"type": "Feature", "id": 698679976, "properties": {"id": "698679976", "levels": 6, "levels_estimated": true, "height": 18, "building": "residential", "name": null}, "geometry": {"type": "Polygon", "coordinates": [[[113.2548257, 23.1054619], [113.2550383, 23.1055242], [113.2550845, 23.1054251], [113.2548596, 23.1053599], [113.2548257, 23.1054619]]]}}, {"type": "Feature", "id": 698679977, "properties": {"id": "698679977", "levels": 6, "levels_estimated": true, "height": 18, "building": "residential", "name": null}, "geometry": {"type": "Polygon", "coordinates": [[[113.2548658, 23.1052975], [113.2549551, 23.1053004], [113.2549551, 23.10534], [113.2550968, 23.1053457], [113.2551092, 23.1051927], [113.2548843, 23.1051813], [113.2548658, 23.1052975]]]}}, {"type": "Feature", "id": 698679978, "properties": {"id": "698679978", "levels": 6, "levels_estimated": true, "height": 18, "building": "residential", "name": null}, "geometry": {"type": "Polygon", "coordinates": [[[113.2548843, 23.1051502], [113.2550784, 23.1051502], [113.2550845, 23.104966], [113.2549089, 23.1049631], [113.2548843, 23.1051502]]]}}, {"type": "Feature", "id": 698679979, "properties": {"id": "698679979", "levels": 6, "levels_estimated": true, "height": 18, "building": "residential", "name": null}, "geometry": {"type": "Polygon", "coordinates": [[[113.2550896, 23.1051654], [113.2551869, 23.1051654], [113.2551993, 23.1049847], [113.2551002, 23.1049831], [113.2550896, 23.1051654]]]}}, {"type": "Feature", "id": 698679980, "properties": {"id": "698679980", "levels": 6, "levels_estimated": true, "height": 18, "building": "residential", "name": null}, "geometry": {"type": "Polygon", "coordinates": [[[113.2552046, 23.1051687], [113.2553019, 23.1051719], [113.2553196, 23.1049831], [113.255217, 23.1049831], [113.2552046, 23.1051687]]]}}, {"type": "Feature", "id": 701913676, "properties": {"id": "701913676", "levels": 5, "levels_estimated": true, "height": 15, "building": "yes", "name": null}, "geometry": {"type": "Polygon", "coordinates": [[[113.2570025, 23.1233086], [113.2568618, 23.1232933], [113.2568443, 23.1234295], [113.256985, 23.1234448], [113.2570025, 23.1233086]]]}}, {"type": "Feature", "id": 701913677, "properties": {"id": "701913677", "levels": 5, "levels_estimated": true, "height": 15, "building": "yes", "name": null}, "geometry": {"type": "Polygon", "coordinates": [[[113.2568818, 23.1231335], [113.2568613, 23.1232932], [113.2568618, 23.1232933], [113.2570025, 23.1233086], [113.2570231, 23.1231488], [113.256967, 23.1231427], [113.2568818, 23.1231335]]]}}, {"type": "Feature", "id": 701913678, "properties": {"id": "701913678", "levels": 5, "levels_estimated": true, "height": 15, "building": "yes", "name": null}, "geometry": {"type": "Polygon", "coordinates": [[[113.2568818, 23.1231335], [113.256967, 23.1231427], [113.2569838, 23.1230126], [113.2568986, 23.1230033], [113.2568818, 23.1231335]]]}}, {"type": "Feature", "id": 701913684, "properties": {"id": "701913684", "levels": 5, "levels_estimated": true, "height": 15, "building": "yes", "name": null}, "geometry": {"type": "Polygon", "coordinates": [[[113.2561201, 23.1230521], [113.2562093, 23.1230618], [113.2562381, 23.1228375], [113.2561489, 23.1228278], [113.2561201, 23.1230521]]]}}, {"type": "Feature", "id": 701913686, "properties": {"id": "701913686", "levels": 5, "levels_estimated": true, "height": 15, "building": "yes", "name": null}, "geometry": {"type": "Polygon", "coordinates": [[[113.2566431, 23.1231606], [113.2566502, 23.1231052], [113.2565922, 23.1230989], [113.256585, 23.1231543], [113.2564317, 23.1231376], [113.2564205, 23.1232247], [113.2566319, 23.1232477], [113.2566431, 23.1231606]]]}}, {"type": "Feature", "id": 701913687, "properties": {"id": "701913687", "levels": 5, "levels_estimated": true, "height": 15, "building": "yes", "name": null}, "geometry": {"type": "Polygon", "coordinates": [[[113.2561389, 23.1231976], [113.2562163, 23.123206], [113.2562301, 23.1230989], [113.2561526, 23.1230905], [113.2561389, 23.1231976]]]}}, {"type": "Feature", "id": 701913688, "properties": {"id": "701913688", "levels": 5, "levels_estimated": true, "height": 15, "building": "yes", "name": null}, "geometry": {"type": "Polygon", "coordinates": [[[113.2563427, 23.1233185], [113.2563553, 23.1232205], [113.256281, 23.1232124], [113.2562684, 23.1233104], [113.2563427, 23.1233185]]]}}, {"type": "Feature", "id": 701913693, "properties": {"id": "701913693", "levels": 5, "levels_estimated": true, "height": 15, "building": "yes", "name": null}, "geometry": {"type": "Polygon", "coordinates": [[[113.2555729, 23.1227585], [113.2555648, 23.1228216], [113.2556426, 23.1228301], [113.2556508, 23.122767], [113.2555729, 23.1227585]]]}}, {"type": "Feature", "id": 701913694, "properties": {"id": "701913694", "levels": 5, "levels_estimated": true, "height": 15, "building": "yes", "name": null}, "geometry": {"type": "Polygon", "coordinates": [[[113.2554388, 23.1229016], [113.2555529, 23.122914], [113.2555648, 23.1228216], [113.2555729, 23.1227585], [113.2554588, 23.1227461], [113.2554388, 23.1229016]]]}}, {"type": "Feature", "id": 701913695, "properties": {"id": "701913695", "levels": 5, "levels_estimated": true, "height": 15, "building": "yes", "name": null}, "geometry": {"type": "Polygon", "coordinates": [[[113.2556668, 23.1229386], [113.2556758, 23.1228682], [113.2555971, 23.1228597], [113.255588, 23.12293], [113.2556668, 23.1229386]]]}}, {"type": "Feature", "id": 701913696, "properties": {"id": "701913696", "levels": 5, "levels_estimated": true, "height": 15, "building": "yes", "name": null}, "geometry": {"type": "Polygon", "coordinates": [[[113.2556748, 23.1232716], [113.2558001, 23.1232852], [113.2558653, 23.1227783], [113.25574, 23.1227646], [113.2557043, 23.1230425], [113.2556748, 23.1232716]]]}}, {"type": "Feature", "id": 701913697, "properties": {"id": "701913697", "levels": 5, "levels_estimated": true, "height": 15, "building": "yes", "name": null}, "geometry": {"type": "Polygon", "coordinates": [[[113.2554254, 23.1232445], [113.2556748, 23.1232716], [113.2557043, 23.1230425], [113.2554549, 23.1230153], [113.2554254, 23.1232445]]]}}, {"type": "Feature", "id": 701913698, "properties": {"id": "701913698", "levels": 5, "levels_estimated": true, "height": 15, "building": "yes", "name": null}, "geometry": {"type": "Polygon", "coordinates": [[[113.2552135, 23.1229682], [113.2552001, 23.1226771], [113.2550403, 23.1226833], [113.2550537, 23.1229744], [113.2552135, 23.1229682]]]}}, {"type": "Feature", "id": 701913699, "properties": {"id": "701913699", "levels": 5, "levels_estimated": true, "height": 15, "building": "yes", "name": null}, "geometry": {"type": "Polygon", "coordinates": [[[113.2552215, 23.1233407], [113.2552655, 23.1230434], [113.2550982, 23.1230225], [113.2550542, 23.1233198], [113.2552215, 23.1233407]]]}}, {"type": "Feature", "id": 701913700, "properties": {"id": "701913700", "levels": 5, "levels_estimated": true, "height": 15, "building": "yes", "name": null}, "geometry": {"type": "Polygon", "coordinates": [[[113.2549587, 23.1235232], [113.255235, 23.1235577], [113.2552586, 23.123398], [113.2549823, 23.1233635], [113.2549587, 23.1235232]]]}}, {"type": "Feature", "id": 704255621, "properties": {"id": "704255621", "levels": 5, "levels_estimated": true, "height": 15, "building": "yes", "name": "同福西"}, "geometry": {"type": "Polygon", "coordinates": [[[113.2466988, 23.1046874], [113.2468318, 23.1040113], [113.2467471, 23.1039972], [113.246772, 23.1038703], [113.2468131, 23.1038771], [113.2467956, 23.1039657], [113.2468394, 23.1039729], [113.2469111, 23.1036083], [113.2474855, 23.1037039], [113.2472249, 23.1050283], [113.2466505, 23.1049327], [113.2466772, 23.1047973], [113.2461353, 23.1047071], [113.2461569, 23.1045972], [113.2466988, 23.1046874]]]}}, {"type": "Feature", "id": 710585050, "properties": {"id": "710585050", "levels": 5, "levels_estimated": true, "height": 15, "building": "yes", "name": null}, "geometry": {"type": "Polygon", "coordinates": [[[113.2450818, 23.1249438], [113.2451539, 23.1251704], [113.2450163, 23.1252074], [113.2449949, 23.1251401], [113.2447265, 23.1252123], [113.2446758, 23.125053], [113.2450818, 23.1249438]]]}}, {"type": "Feature", "id": 713683212, "properties": {"id": "713683212", "levels": 30, "levels_estimated": false, "height": 90, "building": "residential", "name": null}, "geometry": {"type": "Polygon", "coordinates": [[[113.242243, 23.1199891], [113.2422827, 23.119871], [113.2423659, 23.1198947], [113.2423861, 23.1198345], [113.2425527, 23.1198819], [113.2425357, 23.1199323], [113.242627, 23.1199582], [113.2425847, 23.1200838], [113.2424983, 23.1200592], [113.2424779, 23.12012], [113.2423172, 23.1200743], [113.2423369, 23.1200158], [113.242243, 23.1199891]]]}}, {"type": "Feature", "id": 713683213, "properties": {"id": "713683213", "levels": 30, "levels_estimated": false, "height": 90, "building": "residential", "name": null}, "geometry": {"type": "Polygon", "coordinates": [[[113.2428498, 23.1201542], [113.2428923, 23.1200248], [113.2429715, 23.1200467], [113.2429883, 23.1200004], [113.243155, 23.1200387], [113.2431421, 23.1200928], [113.2432491, 23.1201242], [113.2432103, 23.1202558], [113.2430872, 23.1202216], [113.2430744, 23.1202606], [113.2429341, 23.1202216], [113.2429473, 23.1201813], [113.2428498, 23.1201542]]]}}, {"type": "Feature", "id": 713683214, "properties": {"id": "713683214", "levels": 30, "levels_estimated": false, "height": 90, "building": "residential", "name": null}, "geometry": {"type": "Polygon", "coordinates": [[[113.2423713, 23.1195766], [113.242456, 23.1196009], [113.2424409, 23.1196445], [113.2426054, 23.1196927], [113.2426208, 23.1196482], [113.2427198, 23.1196771], [113.242767, 23.1195407], [113.2426722, 23.1195129], [113.2426904, 23.1194604], [113.2425186, 23.1194101], [113.2424972, 23.1194718], [113.2424204, 23.1194495], [113.2423713, 23.1195766]]]}}, {"type": "Feature", "id": 713683215, "properties": {"id": "713683215", "levels": 30, "levels_estimated": false, "height": 90, "building": "residential", "name": null}, "geometry": {"type": "Polygon", "coordinates": [[[113.2429771, 23.1197335], [113.2430159, 23.1196042], [113.2431049, 23.1196267], [113.2431193, 23.1195786], [113.2433055, 23.1196258], [113.2432887, 23.1196819], [113.2433754, 23.1197039], [113.2433365, 23.1198338], [113.2432355, 23.1198082], [113.2432186, 23.1198648], [113.2430447, 23.1198207], [113.2430642, 23.1197555], [113.2429771, 23.1197335]]]}}, {"type": "Feature", "id": 713683216, "properties": {"id": "713683216", "levels": 30, "levels_estimated": false, "height": 90, "building": "residential", "name": null}, "geometry": {"type": "Polygon", "coordinates": [[[113.2432122, 23.118076], [113.2432618, 23.1179355], [113.2431781, 23.1179105], [113.2431947, 23.1178633], [113.2430342, 23.1178154], [113.2430121, 23.1178782], [113.2429464, 23.1178586], [113.2428974, 23.1179976], [113.2429608, 23.1180166], [113.242948, 23.1180527], [113.2431103, 23.1181012], [113.2431281, 23.1180509], [113.2432122, 23.118076]]]}}, {"type": "Feature", "id": 713683217, "properties": {"id": "713683217", "levels": 30, "levels_estimated": false, "height": 90, "building": "residential", "name": null}, "geometry": {"type": "Polygon", "coordinates": [[[113.2434858, 23.1181488], [113.2435247, 23.1180252], [113.2436193, 23.1180504], [113.2436338, 23.1180044], [113.2437836, 23.1180444], [113.2437692, 23.11809], [113.2438784, 23.1181191], [113.2438391, 23.1182437], [113.2437443, 23.1182185], [113.2437277, 23.1182713], [113.2435543, 23.1182251], [113.2435712, 23.1181715], [113.2434858, 23.1181488]]]}}, {"type": "Feature", "id": 713683218, "properties": {"id": "713683218", "levels": 30, "levels_estimated": false, "height": 90, "building": "residential", "name": null}, "geometry": {"type": "Polygon", "coordinates": [[[113.243345, 23.1185576], [113.2433939, 23.1184207], [113.2434828, 23.1184476], [113.2435001, 23.118399], [113.2436598, 23.1184472], [113.2436394, 23.1185043], [113.2437525, 23.1185385], [113.2437134, 23.118648], [113.243609, 23.1186164], [113.2435862, 23.1186801], [113.2434205, 23.11863], [113.2434365, 23.1185852], [113.243345, 23.1185576]]]}}, {"type": "Feature", "id": 713683219, "properties": {"id": "713683219", "levels": 30, "levels_estimated": false, "height": 90, "building": "residential", "name": null}, "geometry": {"type": "Polygon", "coordinates": [[[113.2427732, 23.1183948], [113.2428163, 23.1182696], [113.2428757, 23.1182869], [113.2428928, 23.1182371], [113.243066, 23.1182875], [113.2430509, 23.1183315], [113.2431258, 23.1183534], [113.2430827, 23.1184787], [113.2429997, 23.1184545], [113.2429785, 23.1185163], [113.2428176, 23.1184695], [113.2428369, 23.1184133], [113.2427732, 23.1183948]]]}}, {"type": "Feature", "id": 713685575, "properties": {"id": "713685575", "levels": 5, "levels_estimated": true, "height": 15, "building": "yes", "name": null}, "geometry": {"type": "Polygon", "coordinates": [[[113.2430156, 23.119], [113.2429977, 23.1190215], [113.2429887, 23.1190472], [113.2429897, 23.1190743], [113.2430006, 23.1190995], [113.2430201, 23.1191197], [113.2430437, 23.119132], [113.2430704, 23.1191369], [113.2430973, 23.1191339], [113.2431219, 23.1191233], [113.2431416, 23.1191061], [113.2431545, 23.1190842], [113.2431594, 23.1190596], [113.2431556, 23.1190349], [113.2431436, 23.1190125], [113.2431246, 23.1189947], [113.2430983, 23.1189825], [113.2430691, 23.1189793], [113.2430404, 23.1189854], [113.2430156, 23.119]]]}}, {"type": "Feature", "id": 722871655, "properties": {"id": "722871655", "levels": 22, "levels_estimated": false, "height": 66, "building": "apartments", "name": "福兴大厦"}, "geometry": {"type": "Polygon", "coordinates": [[[113.2599019, 23.1094539], [113.2600046, 23.109506], [113.2605638, 23.1094246], [113.2608257, 23.1093757], [113.2608787, 23.1093497], [113.2609106, 23.1093172], [113.2609212, 23.1092618], [113.2609248, 23.1092032], [113.2609248, 23.109086], [113.2603868, 23.1091837], [113.2603833, 23.1091121], [113.2599338, 23.1091935], [113.2598772, 23.1092618], [113.2599019, 23.1094539]]]}}, {"type": "Feature", "id": 722871658, "properties": {"id": "722871658", "levels": 5, "levels_estimated": true, "height": 15, "building": "yes", "name": "海幢派出所"}, "geometry": {"type": "Polygon", "coordinates": [[[113.259514, 23.1089833], [113.2597759, 23.1089996], [113.2597936, 23.1087913], [113.2597157, 23.1087522], [113.2595352, 23.1087554], [113.259514, 23.1089833]]]}}, {"type": "Feature", "id": 722871659, "properties": {"id": "722871659", "levels": 6, "levels_estimated": true, "height": 18, "building": "residential", "name": "同庆大厦"}, "geometry": {"type": "Polygon", "coordinates": [[[113.2595034, 23.1094147], [113.2597153, 23.1094147], [113.259718, 23.1093654], [113.2597528, 23.1093654], [113.2597716, 23.1090669], [113.2594578, 23.1090644], [113.2594497, 23.1093481], [113.2595061, 23.1093481], [113.2595034, 23.1094147]]]}}, {"type": "Feature", "id": 722871660, "properties": {"id": "722871660", "levels": 6, "levels_estimated": true, "height": 18, "building": "residential", "name": null}, "geometry": {"type": "Polygon", "coordinates": [[[113.2598793, 23.1090048], [113.260118, 23.1090048], [113.2606571, 23.1090196], [113.2606813, 23.1087976], [113.2598954, 23.1087754], [113.2598793, 23.1090048]]]}}, {"type": "Feature", "id": 722871664, "properties": {"id": "722871664", "levels": 6, "levels_estimated": true, "height": 18, "building": "residential", "name": null}, "geometry": {"type": "Polygon", "coordinates": [[[113.2594754, 23.1090258], [113.2593482, 23.1090215], [113.2593505, 23.1088658], [113.2594007, 23.108868], [113.2594042, 23.1088261], [113.259354, 23.1088261], [113.259368, 23.1086972], [113.259542, 23.108694], [113.2595396, 23.1087434], [113.2595221, 23.1087445], [113.2595186, 23.1088282], [113.2594416, 23.1088261], [113.2594381, 23.1088583], [113.2594766, 23.1088583], [113.2594754, 23.1090258]]]}}, {"type": "Feature", "id": 722871665, "properties": {"id": "722871665", "levels": 6, "levels_estimated": true, "height": 18, "building": "residential", "name": "廣州市海珠區教工之家"}, "geometry": {"type": "Polygon", "coordinates": [[[113.2593639, 23.1082051], [113.2592406, 23.1081852], [113.2592869, 23.107984], [113.2591729, 23.1079528], [113.2592191, 23.1078026], [113.2594594, 23.1078537], [113.2593639, 23.1082051]]]}}, {"type": "Feature", "id": 722871672, "properties": {"id": "722871672", "levels": 6, "levels_estimated": true, "height": 18, "building": "residential", "name": null}, "geometry": {"type": "Polygon", "coordinates": [[[113.2596887, 23.1080635], [113.2597258, 23.1080537], [113.2597011, 23.1079561], [113.2596604, 23.1079658], [113.2596887, 23.1080635]]]}}, {"type": "Feature", "id": 722871673, "properties": {"id": "722871673", "levels": 6, "levels_estimated": true, "height": 18, "building": "residential", "name": null}, "geometry": {"type": "Polygon", "coordinates": [[[113.2597435, 23.1080553], [113.2597878, 23.1080439], [113.2597931, 23.1079788], [113.2598497, 23.1079609], [113.2598355, 23.1079137], [113.259717, 23.1079528], [113.2597435, 23.1080553]]]}}, {"type": "Feature", "id": 722871674, "properties": {"id": "722871674", "levels": 6, "levels_estimated": true, "height": 18, "building": "residential", "name": null}, "geometry": {"type": "Polygon", "coordinates": [[[113.2591777, 23.1082866], [113.2593564, 23.1082894], [113.2593564, 23.1082299], [113.259227, 23.1082214], [113.2592301, 23.1081081], [113.2591438, 23.1081081], [113.2591346, 23.1082044], [113.2591808, 23.1082073], [113.2591777, 23.1082866]]]}}, {"type": "Feature", "id": 722871675, "properties": {"id": "722871675", "levels": 6, "levels_estimated": true, "height": 18, "building": "residential", "name": null}, "geometry": {"type": "Polygon", "coordinates": [[[113.2588739, 23.1078571], [113.259075, 23.1079188], [113.259118, 23.1078226], [113.2591716, 23.1078374], [113.2591877, 23.1077732], [113.2592226, 23.1077806], [113.2592843, 23.1076302], [113.2591662, 23.1075981], [113.2591823, 23.1075389], [113.2591448, 23.107529], [113.2591716, 23.1074451], [113.2590294, 23.1073958], [113.2588739, 23.1078571]]]}}, {"type": "Feature", "id": 722871676, "properties": {"id": "722871676", "levels": 6, "levels_estimated": true, "height": 18, "building": "residential", "name": null}, "geometry": {"type": "Polygon", "coordinates": [[[113.2592528, 23.1077862], [113.2594325, 23.1078281], [113.2594727, 23.1076875], [113.2593037, 23.1076406], [113.2592528, 23.1077862]]]}}, {"type": "Feature", "id": 722871677, "properties": {"id": "722871677", "levels": 6, "levels_estimated": true, "height": 18, "building": "residential", "name": null}, "geometry": {"type": "Polygon", "coordinates": [[[113.2593332, 23.1076061], [113.2594566, 23.1076283], [113.2594915, 23.1074161], [113.2593869, 23.1073914], [113.2593332, 23.1076061]]]}}, {"type": "Feature", "id": 722871678, "properties": {"id": "722871678", "levels": 6, "levels_estimated": true, "height": 18, "building": "residential", "name": null}, "geometry": {"type": "Polygon", "coordinates": [[[113.2592823, 23.1072015], [113.2593547, 23.1070337], [113.259175, 23.1069844], [113.2591401, 23.1071003], [113.2592554, 23.1071423], [113.2592374, 23.1071857], [113.2592823, 23.1072015]]]}}, {"type": "Feature", "id": 722871679, "properties": {"id": "722871679", "levels": 6, "levels_estimated": true, "height": 18, "building": "residential", "name": null}, "geometry": {"type": "Polygon", "coordinates": [[[113.259183, 23.1073002], [113.2592194, 23.1071839], [113.2590991, 23.107152], [113.2590627, 23.1072683], [113.259183, 23.1073002]]]}}, {"type": "Feature", "id": 722871681, "properties": {"id": "722871681", "levels": 5, "levels_estimated": true, "height": 15, "building": "yes", "name": "广州市海珠区教育局"}, "geometry": {"type": "Polygon", "coordinates": [[[113.2590167, 23.109261], [113.2593587, 23.10938], [113.2593864, 23.1092241], [113.2594183, 23.1092308], [113.2594325, 23.1091306], [113.2590443, 23.1090764], [113.2590167, 23.109261]]]}}, {"type": "Feature", "id": 722871682, "properties": {"id": "722871682", "levels": 9, "levels_estimated": false, "height": 27, "building": "commercial", "name": "云玉大廈"}, "geometry": {"type": "Polygon", "coordinates": [[[113.2583855, 23.1119636], [113.2584546, 23.1118346], [113.2585949, 23.1118851], [113.2586721, 23.1119131], [113.2587941, 23.1119748], [113.2587432, 23.1120515], [113.2585135, 23.1119449], [113.258479, 23.1120047], [113.2583855, 23.1119636]]]}}, {"type": "Feature", "id": 722871686, "properties": {"id": "722871686", "levels": 32, "levels_estimated": false, "height": 96, "building": "residential", "name": null}, "geometry": {"type": "Polygon", "coordinates": [[[113.255153, 23.1104266], [113.255153, 23.1104888], [113.2551647, 23.1105683], [113.2551904, 23.1106005], [113.2552254, 23.1106091], [113.2552441, 23.1105876], [113.2552441, 23.1105576], [113.2552626, 23.1105483], [113.255268, 23.1105755], [113.2552613, 23.1105927], [113.2552532, 23.1106125], [113.2552425, 23.1106236], [113.2552411, 23.1106409], [113.2552478, 23.1106544], [113.2552613, 23.1106532], [113.2552666, 23.1106643], [113.2552787, 23.1106717], [113.2552921, 23.1106717], [113.2553042, 23.1106655], [113.2553109, 23.1106569], [113.2553189, 23.1106458], [113.2553323, 23.1106532], [113.2553471, 23.1106544], [113.2553618, 23.1106544], [113.2553793, 23.1106544], [113.255394, 23.1106495], [113.2554061, 23.1106446], [113.2554289, 23.1106384], [113.255445, 23.1106285], [113.2554651, 23.1106174], [113.2554718, 23.1106026], [113.2554718, 23.1105841], [113.2554624, 23.1105693], [113.2554463, 23.1105644], [113.2554463, 23.1105508], [113.2554235, 23.1105508], [113.2554235, 23.1105163], [113.255445, 23.1105187], [113.2554718, 23.11052], [113.2554933, 23.11052], [113.2555174, 23.1105175], [113.2555295, 23.1105064], [113.2555402, 23.1104941], [113.2555469, 23.1104756], [113.2555389, 23.1104583], [113.2555214, 23.1104472], [113.2555027, 23.1104398], [113.2554839, 23.1104361], [113.2554839, 23.1104188], [113.255508, 23.1104238], [113.2555308, 23.1104262], [113.2555483, 23.1104262], [113.255563, 23.1104213], [113.2555764, 23.1104127], [113.2555831, 23.1103954], [113.2555845, 23.1103744], [113.2555764, 23.1103572], [113.2555563, 23.1103313], [113.2552183, 23.1100784], [113.2551888, 23.1101105], [113.2551754, 23.1101031], [113.2551821, 23.1100883], [113.2551848, 23.1100747], [113.2551875, 23.1100574], [113.2551875, 23.1100377], [113.2551768, 23.1100155], [113.255162, 23.1099933], [113.2551392, 23.1099735], [113.2551017, 23.10996], [113.2550735, 23.1099587], [113.255044, 23.1099612], [113.2550199, 23.1099686], [113.2550011, 23.1099846], [113.254985, 23.1100019], [113.2549649, 23.1100266], [113.2549582, 23.1100574], [113.2549635, 23.1100759], [113.2549702, 23.1100907], [113.2549689, 23.1101068], [113.2549287, 23.1101018], [113.254922, 23.1101758], [113.2549005, 23.1101684], [113.2548884, 23.1101647], [113.2548764, 23.1101647], [113.2548616, 23.1101709], [113.2548522, 23.1101869], [113.2548469, 23.1102091], [113.2548482, 23.110235], [113.2548469, 23.1102634], [113.2548509, 23.1102955], [113.2548589, 23.110314], [113.2548495, 23.1103313], [113.2548455, 23.110351], [113.2548509, 23.1103621], [113.2548603, 23.1103732], [113.2548764, 23.1103781], [113.2548951, 23.1103794], [113.2549099, 23.110372], [113.2549206, 23.1103584], [113.2549273, 23.1103399], [113.2549246, 23.1103053], [113.2549407, 23.1103053], [113.2549421, 23.1103448], [113.2549823, 23.1103473], [113.2549796, 23.1103695], [113.2549662, 23.1103695], [113.2549488, 23.1103707], [113.254938, 23.1103818], [113.2549367, 23.1103979], [113.2549407, 23.1104127], [113.2549515, 23.1104238], [113.2549676, 23.1104312], [113.254989, 23.1104349], [113.2550118, 23.1104324], [113.2550386, 23.1104312], [113.2550655, 23.1104262], [113.2550856, 23.1104188], [113.2551124, 23.110409], [113.2551325, 23.1104053], [113.255153, 23.1104266]]]}}, {"type": "Feature", "id": 722871687, "properties": {"id": "722871687", "levels": 6, "levels_estimated": true, "height": 18, "building": "residential", "name": null}, "geometry": {"type": "Polygon", "coordinates": [[[113.2543615, 23.110198], [113.2546552, 23.110377], [113.2548428, 23.1101426], [113.2551153, 23.1098041], [113.2547932, 23.1095925], [113.2543615, 23.110198]]]}}, {"type": "Feature", "id": 722871688, "properties": {"id": "722871688", "levels": 6, "levels_estimated": true, "height": 18, "building": "residential", "name": null}, "geometry": {"type": "Polygon", "coordinates": [[[113.2549948, 23.1110862], [113.2550928, 23.1109101], [113.2555598, 23.1111335], [113.2554571, 23.1113139], [113.2549948, 23.1110862]]]}}, {"type": "Feature", "id": 722871689, "properties": {"id": "722871689", "levels": 6, "levels_estimated": true, "height": 18, "building": "residential", "name": null}, "geometry": {"type": "Polygon", "coordinates": [[[113.2555059, 23.1113001], [113.2559465, 23.1114871], [113.2560204, 23.1113823], [113.2555737, 23.1111782], [113.2555059, 23.1113001]]]}}, {"type": "Feature", "id": 722871690, "properties": {"id": "722871690", "levels": 6, "levels_estimated": true, "height": 18, "building": "residential", "name": null}, "geometry": {"type": "Polygon", "coordinates": [[[113.2563408, 23.1117025], [113.2567352, 23.1118753], [113.2568276, 23.1117421], [113.2564117, 23.1115466], [113.2563408, 23.1117025]]]}}, {"type": "Feature", "id": 722871691, "properties": {"id": "722871691", "levels": 6, "levels_estimated": true, "height": 18, "building": "residential", "name": null}, "geometry": {"type": "Polygon", "coordinates": [[[113.2559607, 23.1115301], [113.2563127, 23.1116901], [113.2563855, 23.1115546], [113.2560335, 23.1113946], [113.2559607, 23.1115301]]]}}, {"type": "Feature", "id": 722871693, "properties": {"id": "722871693", "levels": 31, "levels_estimated": false, "height": 93, "building": "apartments", "name": "滨江1933"}, "geometry": {"type": "Polygon", "coordinates": [[[113.2569449, 23.1117559], [113.2573279, 23.1119235], [113.2573909, 23.1118075], [113.2576081, 23.111902], [113.2576361, 23.1118504], [113.2576664, 23.1118612], [113.2577653, 23.111648], [113.2577657, 23.1116257], [113.2577603, 23.1116112], [113.2577528, 23.111601], [113.25774, 23.1115882], [113.2577272, 23.1115779], [113.2577155, 23.1115674], [113.2576977, 23.111557], [113.2576782, 23.1115507], [113.2576577, 23.1115484], [113.2576344, 23.1115518], [113.2576198, 23.1115584], [113.2576047, 23.1115689], [113.2575964, 23.1115798], [113.2572048, 23.1114281], [113.2571308, 23.1115538], [113.2571, 23.1115401], [113.2569449, 23.1117559]]]}}, {"type": "Feature", "id": 737596463, "properties": {"id": "737596463", "levels": 5, "levels_estimated": true, "height": 15, "building": "yes", "name": null}, "geometry": {"type": "Polygon", "coordinates": [[[113.2546191, 23.1225153], [113.2548779, 23.1225238], [113.2548839, 23.1223702], [113.2546251, 23.1223617], [113.2546191, 23.1225153]]]}}, {"type": "Feature", "id": 751069099, "properties": {"id": "751069099", "levels": 6, "levels_estimated": true, "height": 18, "building": "residential", "name": "茶亭前"}, "geometry": {"type": "Polygon", "coordinates": [[[113.257949, 23.1044871], [113.2581858, 23.1046054], [113.2582738, 23.1044892], [113.2583369, 23.1043751], [113.258364, 23.10429], [113.2580482, 23.1041842], [113.2580234, 23.1042962], [113.2582287, 23.1043668], [113.2581791, 23.1044456], [113.2580009, 23.1043647], [113.257949, 23.1044871]]]}}, {"type": "Feature", "id": 751069100, "properties": {"id": "751069100", "levels": 6, "levels_estimated": true, "height": 18, "building": "residential", "name": null}, "geometry": {"type": "Polygon", "coordinates": [[[113.2580731, 23.1040867], [113.2581182, 23.1039311], [113.258479, 23.1040307], [113.2584272, 23.1041821], [113.2580731, 23.1040867]]]}}, {"type": "Feature", "id": 751069101, "properties": {"id": "751069101", "levels": 6, "levels_estimated": true, "height": 18, "building": "residential", "name": null}, "geometry": {"type": "Polygon", "coordinates": [[[113.2581373, 23.1038541], [113.2581864, 23.1036873], [113.2585463, 23.1037769], [113.2584972, 23.1039438], [113.2581373, 23.1038541]]]}}, {"type": "Feature", "id": 751069102, "properties": {"id": "751069102", "levels": 6, "levels_estimated": true, "height": 18, "building": "residential", "name": null}, "geometry": {"type": "Polygon", "coordinates": [[[113.258235, 23.1036054], [113.2586795, 23.1037143], [113.2587109, 23.1036056], [113.2582665, 23.1034966], [113.258235, 23.1036054]]]}}, {"type": "Feature", "id": 751069103, "properties": {"id": "751069103", "levels": 6, "levels_estimated": true, "height": 18, "building": "residential", "name": null}, "geometry": {"type": "Polygon", "coordinates": [[[113.258271, 23.1033153], [113.2586943, 23.1034224], [113.2587301, 23.1033024], [113.2583068, 23.1031954], [113.258271, 23.1033153]]]}}, {"type": "Feature", "id": 751069104, "properties": {"id": "751069104", "levels": 6, "levels_estimated": true, "height": 18, "building": "residential", "name": null}, "geometry": {"type": "Polygon", "coordinates": [[[113.2583203, 23.1031557], [113.2587691, 23.1032633], [113.2587976, 23.1031627], [113.2583488, 23.1030551], [113.2583203, 23.1031557]]]}}, {"type": "Feature", "id": 751069105, "properties": {"id": "751069105", "levels": 6, "levels_estimated": true, "height": 18, "building": "residential", "name": null}, "geometry": {"type": "Polygon", "coordinates": [[[113.2583728, 23.1029994], [113.2588249, 23.1031058], [113.2588558, 23.1029947], [113.2584037, 23.1028883], [113.2583728, 23.1029994]]]}}, {"type": "Feature", "id": 751069107, "properties": {"id": "751069107", "levels": 6, "levels_estimated": true, "height": 18, "building": "residential", "name": null}, "geometry": {"type": "Polygon", "coordinates": [[[113.2589017, 23.1034632], [113.2592705, 23.1035511], [113.2593029, 23.1034359], [113.2589341, 23.103348], [113.2589017, 23.1034632]]]}}, {"type": "Feature", "id": 751069108, "properties": {"id": "751069108", "levels": 6, "levels_estimated": true, "height": 18, "building": "residential", "name": null}, "geometry": {"type": "Polygon", "coordinates": [[[113.258946, 23.1032968], [113.2593171, 23.1033856], [113.2593505, 23.1032674], [113.2589794, 23.1031787], [113.258946, 23.1032968]]]}}, {"type": "Feature", "id": 751069109, "properties": {"id": "751069109", "levels": 6, "levels_estimated": true, "height": 18, "building": "residential", "name": null}, "geometry": {"type": "Polygon", "coordinates": [[[113.2589916, 23.1031239], [113.2593574, 23.1032174], [113.2593885, 23.1031143], [113.2590227, 23.1030209], [113.2589916, 23.1031239]]]}}, {"type": "Feature", "id": 751069119, "properties": {"id": "751069119", "levels": 5, "levels_estimated": true, "height": 15, "building": "yes", "name": null}, "geometry": {"type": "Polygon", "coordinates": [[[113.2597382, 23.105354], [113.259926, 23.1053639], [113.2599295, 23.1053063], [113.2599103, 23.1053053], [113.259914, 23.1052439], [113.2599275, 23.1052396], [113.2599275, 23.1052131], [113.2599388, 23.1052131], [113.2599482, 23.1052044], [113.2599523, 23.1051822], [113.2599509, 23.1051711], [113.2599462, 23.1051594], [113.2599375, 23.1051533], [113.2599132, 23.1051518], [113.2599187, 23.1050751], [113.2598284, 23.1050696], [113.259832, 23.1050194], [113.259766, 23.1050155], [113.2597508, 23.1052311], [113.2597284, 23.1052298], [113.2597256, 23.1052718], [113.2597432, 23.1052727], [113.2597382, 23.105354]]]}}, {"type": "Feature", "id": 751069120, "properties": {"id": "751069120", "levels": 5, "levels_estimated": true, "height": 15, "building": "yes", "name": null}, "geometry": {"type": "Polygon", "coordinates": [[[113.2595204, 23.1047669], [113.2596608, 23.1047962], [113.2596643, 23.1047814], [113.2597694, 23.1043425], [113.2597756, 23.1043165], [113.2596528, 23.1042857], [113.2595204, 23.1047669]]]}}, {"type": "Feature", "id": 751595345, "properties": {"id": "751595345", "levels": 28, "levels_estimated": false, "height": 84, "building": "commercial", "name": "广州民间金融大厦"}, "geometry": {"type": "Polygon", "coordinates": [[[113.2531063, 23.1139905], [113.2532443, 23.1136795], [113.253563, 23.1137992], [113.253425, 23.1141102], [113.2531063, 23.1139905]]]}}, {"type": "Feature", "id": 753675868, "properties": {"id": "753675868", "levels": 5, "levels_estimated": true, "height": 15, "building": "university", "name": "继续教育学院"}, "geometry": {"type": "Polygon", "coordinates": [[[113.2598792, 23.104296], [113.2604216, 23.1043257], [113.2604415, 23.1041617], [113.2598962, 23.1041312], [113.2598792, 23.104296]]]}}, {"type": "Feature", "id": 753675869, "properties": {"id": "753675869", "levels": 6, "levels_estimated": true, "height": 18, "building": "apartments", "name": null}, "geometry": {"type": "Polygon", "coordinates": [[[113.2599892, 23.1050562], [113.2601473, 23.1050874], [113.2601765, 23.1049622], [113.2600184, 23.104931], [113.2599892, 23.1050562]]]}}, {"type": "Feature", "id": 753675875, "properties": {"id": "753675875", "levels": 5, "levels_estimated": true, "height": 15, "building": "yes", "name": null}, "geometry": {"type": "Polygon", "coordinates": [[[113.2582073, 23.1049708], [113.2582931, 23.1047759], [113.2584299, 23.1048203], [113.2583816, 23.1049017], [113.258438, 23.1049338], [113.2584004, 23.1050276], [113.2582073, 23.1049708]]]}}, {"type": "Feature", "id": 753675876, "properties": {"id": "753675876", "levels": 5, "levels_estimated": true, "height": 15, "building": "yes", "name": null}, "geometry": {"type": "Polygon", "coordinates": [[[113.2585084, 23.1044814], [113.258577, 23.1044965], [113.2586456, 23.1042334], [113.2585771, 23.1042182], [113.2585084, 23.1044814]]]}}, {"type": "Feature", "id": 753675877, "properties": {"id": "753675877", "levels": 5, "levels_estimated": true, "height": 15, "building": "yes", "name": null}, "geometry": {"type": "Polygon", "coordinates": [[[113.2585879, 23.104206], [113.2587028, 23.1038575], [113.2587586, 23.103873], [113.2586438, 23.1042216], [113.2585879, 23.104206]]]}}, {"type": "Feature", "id": 753675878, "properties": {"id": "753675878", "levels": 6, "levels_estimated": true, "height": 18, "building": "apartments", "name": null}, "geometry": {"type": "Polygon", "coordinates": [[[113.2596603, 23.1040497], [113.2597926, 23.1040746], [113.2598501, 23.1038164], [113.2595603, 23.1037618], [113.2595396, 23.103855], [113.2596496, 23.1038757], [113.2596449, 23.1038965], [113.2596924, 23.1039055], [113.2596603, 23.1040497]]]}}, {"type": "Feature", "id": 753675879, "properties": {"id": "753675879", "levels": 6, "levels_estimated": true, "height": 18, "building": "apartments", "name": null}, "geometry": {"type": "Polygon", "coordinates": [[[113.2596528, 23.1042857], [113.2597756, 23.1043165], [113.2598047, 23.1040907], [113.2596581, 23.1040741], [113.2596528, 23.1042857]]]}}, {"type": "Feature", "id": 773116192, "properties": {"id": "773116192", "levels": 6, "levels_estimated": false, "height": 18, "building": "yes", "name": null}, "geometry": {"type": "Polygon", "coordinates": [[[113.2528138, 23.1132248], [113.2529482, 23.1129413], [113.252806, 23.1128843], [113.2526716, 23.1131677], [113.2528138, 23.1132248]]]}}, {"type": "Feature", "id": 775668939, "properties": {"id": "775668939", "levels": 7, "levels_estimated": false, "height": 21, "building": "yes", "name": "星寰國際商業中心"}, "geometry": {"type": "Polygon", "coordinates": [[[113.2584927, 23.1154384], [113.2586229, 23.1155243], [113.2587344, 23.1156733], [113.2589452, 23.1159277], [113.2592827, 23.1160469], [113.2593745, 23.1161237], [113.2593938, 23.1162201], [113.2592231, 23.1165095], [113.2591797, 23.1167093], [113.2590874, 23.1170213], [113.2589978, 23.1170613], [113.2586639, 23.1169689], [113.2585754, 23.1169552], [113.2584822, 23.1169485], [113.2584589, 23.1168356], [113.2585382, 23.1165912], [113.2586232, 23.1162749], [113.2585618, 23.1162115], [113.2584115, 23.1160812], [113.2583532, 23.1159734], [113.2583969, 23.1157116], [113.2583043, 23.1156693], [113.2583739, 23.1154662], [113.2584308, 23.1154528], [113.2584927, 23.1154384]]]}}, {"type": "Feature", "id": 777011936, "properties": {"id": "777011936", "levels": 5, "levels_estimated": true, "height": 15, "building": "yes", "name": "肆拾院"}, "geometry": {"type": "Polygon", "coordinates": [[[113.2413774, 23.1046618], [113.2414976, 23.104734], [113.241647, 23.1045243], [113.241741, 23.1043656], [113.2417425, 23.1043033], [113.2417641, 23.1042693], [113.2416809, 23.1042239], [113.2415237, 23.1044535], [113.2413774, 23.1046618]]]}}, {"type": "Feature", "id": 790918205, "properties": {"id": "790918205", "levels": 4, "levels_estimated": false, "height": 12, "building": "retail", "name": null}, "geometry": {"type": "Polygon", "coordinates": [[[113.2417077, 23.1170801], [113.2423739, 23.1173716], [113.2423542, 23.1174113], [113.2423501, 23.1174203], [113.2423337, 23.1174527], [113.242506, 23.1175156], [113.2425174, 23.1175004], [113.2425247, 23.1174907], [113.2425449, 23.1174639], [113.2425831, 23.1174413], [113.2426128, 23.1173587], [113.2425667, 23.1172934], [113.2424885, 23.117246], [113.2417974, 23.116871], [113.2417077, 23.1170801]]]}}, {"type": "Feature", "id": 791257922, "properties": {"id": "791257922", "levels": 5, "levels_estimated": true, "height": 15, "building": "yes", "name": null}, "geometry": {"type": "Polygon", "coordinates": [[[113.2359046, 23.110839], [113.2359034, 23.1104831], [113.236124, 23.1104824], [113.2361252, 23.1108382], [113.2359046, 23.110839]]]}}, {"type": "Feature", "id": 791257923, "properties": {"id": "791257923", "levels": 3, "levels_estimated": false, "height": 9, "building": "commercial", "name": null}, "geometry": {"type": "Polygon", "coordinates": [[[113.2367399, 23.1088755], [113.2366586, 23.1089003], [113.2365158, 23.1085665], [113.2363981, 23.1085945], [113.2363425, 23.1084393], [113.2368882, 23.1082617], [113.2378047, 23.1079662], [113.2382972, 23.1079086], [113.2386047, 23.1079109], [113.2386921, 23.1084077], [113.2383582, 23.108448], [113.2383593, 23.1084598], [113.2383788, 23.108674], [113.2377309, 23.1086746], [113.2370829, 23.1089174], [113.2368861, 23.1089405], [113.236771, 23.1089541], [113.2367399, 23.1088755]]]}}, {"type": "Feature", "id": 791257924, "properties": {"id": "791257924", "levels": 5, "levels_estimated": true, "height": 15, "building": "yes", "name": null}, "geometry": {"type": "Polygon", "coordinates": [[[113.2361723, 23.1108272], [113.2361711, 23.1104713], [113.2363917, 23.1104706], [113.2363929, 23.1108264], [113.2361723, 23.1108272]]]}}, {"type": "Feature", "id": 816900707, "properties": {"id": "816900707", "levels": 5, "levels_estimated": true, "height": 15, "building": "yes", "name": "华林寺"}, "geometry": {"type": "Polygon", "coordinates": [[[113.2415971, 23.121392], [113.241605, 23.1213176], [113.241614, 23.1212417], [113.2416186, 23.1212043], [113.241622, 23.1211764], [113.2416337, 23.1210716], [113.2416445, 23.1209783], [113.2416556, 23.1208915], [113.2416644, 23.1208227], [113.241677, 23.1207423], [113.2416903, 23.1206724], [113.2417086, 23.1205816], [113.2417287, 23.1204902], [113.2417633, 23.1203341], [113.2418825, 23.1197811], [113.241885, 23.1197693], [113.2422402, 23.1198437], [113.2421077, 23.1203638], [113.2420826, 23.120471], [113.2420651, 23.1205446], [113.2420335, 23.120681], [113.2420183, 23.1207483], [113.2420144, 23.120767], [113.2420102, 23.1207874], [113.242004, 23.1208227], [113.2419975, 23.1208627], [113.2419804, 23.1209833], [113.2419582, 23.1211529], [113.2419402, 23.1212841], [113.2419205, 23.1214251], [113.2415971, 23.121392]]]}}, {"type": "Feature", "id": 833377366, "properties": {"id": "833377366", "levels": 8, "levels_estimated": true, "height": 24, "building": "hospital", "name": null}, "geometry": {"type": "Polygon", "coordinates": [[[113.2512967, 23.1206362], [113.2516988, 23.1207584], [113.2516501, 23.120894], [113.2514019, 23.1208186], [113.2513677, 23.120845], [113.2514013, 23.1210119], [113.2512862, 23.1210315], [113.2512677, 23.1209394], [113.250978, 23.1209887], [113.250947, 23.1208349], [113.2512434, 23.1207844], [113.2512967, 23.1206362]]]}}, {"type": "Feature", "id": 833377367, "properties": {"id": "833377367", "levels": 12, "levels_estimated": false, "height": 36, "building": "hospital", "name": null}, "geometry": {"type": "Polygon", "coordinates": [[[113.2513145, 23.1204497], [113.2516029, 23.1205133], [113.2516971, 23.1201523], [113.2514087, 23.1200886], [113.2513145, 23.1204497]]]}}, {"type": "Feature", "id": 833377368, "properties": {"id": "833377368", "levels": 8, "levels_estimated": true, "height": 24, "building": "hospital", "name": null}, "geometry": {"type": "Polygon", "coordinates": [[[113.2510881, 23.1212929], [113.2514404, 23.1212262], [113.2514047, 23.1210669], [113.2510524, 23.1211337], [113.2510881, 23.1212929]]]}}, {"type": "Feature", "id": 835505843, "properties": {"id": "835505843", "levels": 6, "levels_estimated": true, "height": 18, "building": "apartments", "name": null}, "geometry": {"type": "Polygon", "coordinates": [[[113.246172, 23.106944], [113.246402, 23.1070256], [113.2464408, 23.1069329], [113.2463334, 23.1068948], [113.2464363, 23.1066495], [113.2463138, 23.106606], [113.246172, 23.106944]]]}}, {"type": "Feature", "id": 835505844, "properties": {"id": "835505844", "levels": 5, "levels_estimated": true, "height": 15, "building": "yes", "name": null}, "geometry": {"type": "Polygon", "coordinates": [[[113.2467031, 23.1068392], [113.2472219, 23.1068973], [113.2472934, 23.1063955], [113.2470265, 23.1063573], [113.2467897, 23.1063234], [113.2467031, 23.1068392]]]}}, {"type": "Feature", "id": 835505846, "properties": {"id": "835505846", "levels": 5, "levels_estimated": true, "height": 15, "building": "yes", "name": "大雄宝殿"}, "geometry": {"type": "Polygon", "coordinates": [[[113.2536607, 23.107542], [113.2538984, 23.1077658], [113.2542527, 23.1074528], [113.2541838, 23.1073988], [113.2540256, 23.1075256], [113.2538546, 23.1073542], [113.2536607, 23.107542]]]}}, {"type": "Feature", "id": 835505847, "properties": {"id": "835505847", "levels": 5, "levels_estimated": true, "height": 15, "building": "yes", "name": null}, "geometry": {"type": "Polygon", "coordinates": [[[113.2533785, 23.1081987], [113.2535816, 23.1080235], [113.2533886, 23.1078341], [113.2531855, 23.1080094], [113.2533785, 23.1081987]]]}}, {"type": "Feature", "id": 835505848, "properties": {"id": "835505848", "levels": 6, "levels_estimated": true, "height": 18, "building": "residential", "name": null}, "geometry": {"type": "Polygon", "coordinates": [[[113.2535011, 23.1086833], [113.2534674, 23.1086519], [113.2535548, 23.1085727], [113.2534663, 23.1084901], [113.253622, 23.108349], [113.2536403, 23.1083661], [113.253599, 23.1084036], [113.2536628, 23.1084632], [113.2537115, 23.1084191], [113.2537739, 23.1084774], [113.253734, 23.1085135], [113.2537063, 23.1085386], [113.2537453, 23.1085728], [113.2536362, 23.1086716], [113.2535748, 23.1086165], [113.2535011, 23.1086833]]]}}, {"type": "Feature", "id": 835505852, "properties": {"id": "835505852", "levels": 6, "levels_estimated": true, "height": 18, "building": "residential", "name": null}, "geometry": {"type": "Polygon", "coordinates": [[[113.2545039, 23.108539], [113.2546102, 23.1082868], [113.2545354, 23.1082601], [113.2544228, 23.1083495], [113.2543554, 23.108471], [113.2545039, 23.108539]]]}}, {"type": "Feature", "id": 835505854, "properties": {"id": "835505854", "levels": 6, "levels_estimated": true, "height": 18, "building": "residential", "name": null}, "geometry": {"type": "Polygon", "coordinates": [[[113.2542478, 23.1086052], [113.2544638, 23.1086795], [113.2545095, 23.1085526], [113.2543418, 23.1084794], [113.2542478, 23.1086052]]]}}, {"type": "Feature", "id": 835505857, "properties": {"id": "835505857", "levels": 9, "levels_estimated": false, "height": 27, "building": "residential", "name": null}, "geometry": {"type": "Polygon", "coordinates": [[[113.25176, 23.1089295], [113.2519827, 23.1087169], [113.2519948, 23.1086518], [113.2516528, 23.108583], [113.2516084, 23.1086109], [113.2516102, 23.1086972], [113.2516337, 23.1088415], [113.2516788, 23.1089112], [113.25176, 23.1089295]]]}}, {"type": "Feature", "id": 835505865, "properties": {"id": "835505865", "levels": 8, "levels_estimated": false, "height": 24, "building": "residential", "name": null}, "geometry": {"type": "Polygon", "coordinates": [[[113.2516688, 23.1096898], [113.2521039, 23.1098584], [113.2521685, 23.1097174], [113.2518172, 23.1095813], [113.2518463, 23.1095179], [113.2517625, 23.1094854], [113.2516688, 23.1096898]]]}}, {"type": "Feature", "id": 835505866, "properties": {"id": "835505866", "levels": 6, "levels_estimated": true, "height": 18, "building": "residential", "name": null}, "geometry": {"type": "Polygon", "coordinates": [[[113.2512471, 23.1094683], [113.2513322, 23.1094991], [113.2513558, 23.1094441], [113.2514114, 23.1094642], [113.2513834, 23.1095298], [113.2514637, 23.1095589], [113.2515179, 23.1094323], [113.2516195, 23.1094691], [113.2516632, 23.109367], [113.2515983, 23.1093435], [113.2516123, 23.1093105], [113.2515303, 23.1092808], [113.2515708, 23.1091861], [113.2515119, 23.1091648], [113.251481, 23.109237], [113.2514045, 23.1092092], [113.2514318, 23.1091454], [113.2513847, 23.1091283], [113.251351, 23.1092069], [113.2512756, 23.1091796], [113.2512107, 23.109331], [113.2512931, 23.1093608], [113.2512471, 23.1094683]]]}}, {"type": "Feature", "id": 835505871, "properties": {"id": "835505871", "levels": 5, "levels_estimated": true, "height": 15, "building": "yes", "name": "海珠区残疾人康复服务中心"}, "geometry": {"type": "Polygon", "coordinates": [[[113.2533011, 23.1069008], [113.2535501, 23.1070213], [113.253583, 23.1069555], [113.2536541, 23.1068132], [113.2534091, 23.1066865], [113.2533011, 23.1069008]]]}}, {"type": "Feature", "id": 835802765, "properties": {"id": "835802765", "levels": 3, "levels_estimated": true, "height": 9, "building": "commercial", "name": "广东石油化工建设集团公司"}, "geometry": {"type": "Polygon", "coordinates": [[[113.2515935, 23.10616], [113.2519454, 23.1062271], [113.2524218, 23.1064265], [113.2525248, 23.1062489], [113.2520398, 23.1060594], [113.25163, 23.1059765], [113.2515935, 23.10616]]]}}, {"type": "Feature", "id": 835802766, "properties": {"id": "835802766", "levels": 19, "levels_estimated": false, "height": 57, "building": "residential", "name": null}, "geometry": {"type": "Polygon", "coordinates": [[[113.2475665, 23.1031847], [113.2478293, 23.1032499], [113.2479021, 23.1030014], [113.2476393, 23.1029363], [113.2475665, 23.1031847]]]}}, {"type": "Feature", "id": 835802779, "properties": {"id": "835802779", "levels": 5, "levels_estimated": true, "height": 15, "building": "yes", "name": null}, "geometry": {"type": "Polygon", "coordinates": [[[113.250715, 23.1072498], [113.2506806, 23.1070445], [113.2511291, 23.1069518], [113.2511398, 23.1070386], [113.2510604, 23.1070623], [113.251084, 23.1071768], [113.250715, 23.1072498]]]}}, {"type": "Feature", "id": 835802788, "properties": {"id": "835802788", "levels": 6, "levels_estimated": true, "height": 18, "building": "residential", "name": null}, "geometry": {"type": "Polygon", "coordinates": [[[113.2488625, 23.1074342], [113.2490835, 23.1074813], [113.249135, 23.1072773], [113.2491529, 23.1072065], [113.2489311, 23.1071591], [113.24891, 23.107243], [113.2490664, 23.1072764], [113.2490477, 23.1073504], [113.2488921, 23.1073172], [113.2488625, 23.1074342]]]}}, {"type": "Feature", "id": 835802789, "properties": {"id": "835802789", "levels": 6, "levels_estimated": true, "height": 18, "building": "residential", "name": null}, "geometry": {"type": "Polygon", "coordinates": [[[113.2498157, 23.1076074], [113.2500807, 23.1076565], [113.2501072, 23.1075352], [113.2500718, 23.1075287], [113.2500516, 23.1075088], [113.2500411, 23.1074824], [113.2500516, 23.1074345], [113.2498613, 23.1073992], [113.2498157, 23.1076074]]]}}, {"type": "Feature", "id": 835802790, "properties": {"id": "835802790", "levels": 6, "levels_estimated": true, "height": 18, "building": "residential", "name": null}, "geometry": {"type": "Polygon", "coordinates": [[[113.2498779, 23.107377], [113.2500827, 23.1074133], [113.2500554, 23.1071761], [113.2498627, 23.1072082], [113.2498779, 23.107377]]]}}, {"type": "Feature", "id": 835802791, "properties": {"id": "835802791", "levels": 6, "levels_estimated": true, "height": 18, "building": "residential", "name": null}, "geometry": {"type": "Polygon", "coordinates": [[[113.2501113, 23.1076615], [113.2503911, 23.1077139], [113.2504191, 23.1075875], [113.2501393, 23.1075352], [113.2501113, 23.1076615]]]}}, {"type": "Feature", "id": 835802792, "properties": {"id": "835802792", "levels": 6, "levels_estimated": true, "height": 18, "building": "residential", "name": null}, "geometry": {"type": "Polygon", "coordinates": [[[113.2491944, 23.1079405], [113.2493284, 23.1079722], [113.2494354, 23.1075903], [113.2493015, 23.1075586], [113.2491944, 23.1079405]]]}}, {"type": "Feature", "id": 835802804, "properties": {"id": "835802804", "levels": 5, "levels_estimated": true, "height": 15, "building": "yes", "name": "南华西司法所"}, "geometry": {"type": "Polygon", "coordinates": [[[113.2513196, 23.1083989], [113.2512892, 23.1081227], [113.2514294, 23.1081159], [113.2514819, 23.1083924], [113.2514367, 23.1083959], [113.2514185, 23.1083978], [113.2513196, 23.1083989]]]}}, {"type": "Feature", "id": 835802808, "properties": {"id": "835802808", "levels": 30, "levels_estimated": false, "height": 90, "building": "residential", "name": null}, "geometry": {"type": "Polygon", "coordinates": [[[113.2518097, 23.1082758], [113.2519526, 23.1083368], [113.2519935, 23.1082758], [113.2520266, 23.1082805], [113.2520547, 23.108365], [113.2521976, 23.1083134], [113.252144, 23.108196], [113.2521848, 23.1081831], [113.2521517, 23.1081068], [113.2520481, 23.1081483], [113.2520241, 23.1081679], [113.2519348, 23.1081256], [113.2518225, 23.1077313], [113.2517536, 23.107743], [113.2517306, 23.1076562], [113.2517459, 23.1076304], [113.2518352, 23.1076656], [113.2518812, 23.1075975], [113.251677, 23.1074919], [113.2516286, 23.107567], [113.2515903, 23.1075529], [113.2515341, 23.1076351], [113.2516566, 23.1076914], [113.2515699, 23.1077078], [113.2516158, 23.1078721], [113.2516898, 23.1078557], [113.2516947, 23.1078716], [113.2516174, 23.1078874], [113.2516604, 23.1080266], [113.2517676, 23.107994], [113.2517859, 23.1080631], [113.2516636, 23.1080937], [113.2517194, 23.1082377], [113.2518202, 23.1082121], [113.2518395, 23.1082318], [113.2518097, 23.1082758]]]}}, {"type": "Feature", "id": 835802809, "properties": {"id": "835802809", "levels": 30, "levels_estimated": false, "height": 90, "building": "residential", "name": null}, "geometry": {"type": "Polygon", "coordinates": [[[113.2523992, 23.1084313], [113.252354, 23.1083446], [113.2523968, 23.1083258], [113.2523911, 23.1083148], [113.2523495, 23.1083331], [113.2522998, 23.1082379], [113.2524141, 23.1081875], [113.2524453, 23.1082471], [113.2524793, 23.1082321], [113.2525415, 23.1081121], [113.2525133, 23.1080619], [113.2524642, 23.1080853], [113.2524483, 23.1080571], [113.2524115, 23.1080746], [113.2523655, 23.107993], [113.25257, 23.1078955], [113.2526266, 23.1079959], [113.2526626, 23.1079787], [113.2527236, 23.108087], [113.2526543, 23.1082946], [113.2525567, 23.108267], [113.2525969, 23.1083441], [113.2523992, 23.1084313]]]}}, {"type": "Feature", "id": 835802810, "properties": {"id": "835802810", "levels": 6, "levels_estimated": true, "height": 18, "building": "residential", "name": null}, "geometry": {"type": "Polygon", "coordinates": [[[113.249197, 23.1074573], [113.2497416, 23.1075617], [113.2497901, 23.1073475], [113.2496807, 23.1073265], [113.2496495, 23.1074643], [113.2496104, 23.1074568], [113.2496393, 23.1073296], [113.2495209, 23.1073069], [113.2494903, 23.1074418], [113.2494407, 23.1074323], [113.2494686, 23.1073091], [113.2493767, 23.1072915], [113.2493474, 23.107421], [113.2492973, 23.1074114], [113.2493226, 23.1072996], [113.2492364, 23.107283], [113.249197, 23.1074573]]]}}, {"type": "Feature", "id": 835802814, "properties": {"id": "835802814", "levels": 5, "levels_estimated": true, "height": 15, "building": "yes", "name": "龙溪潘氏私宅"}, "geometry": {"type": "Polygon", "coordinates": [[[113.2522, 23.1093282], [113.2523862, 23.1094547], [113.2524131, 23.1094213], [113.2524615, 23.1094542], [113.2525513, 23.1093424], [113.2524852, 23.1092974], [113.2525664, 23.1091963], [113.2523979, 23.1090818], [113.2522, 23.1093282]]]}}, {"type": "Feature", "id": 835802816, "properties": {"id": "835802816", "levels": 3, "levels_estimated": true, "height": 9, "building": "commercial", "name": null}, "geometry": {"type": "Polygon", "coordinates": [[[113.2540524, 23.109684], [113.254252, 23.1097847], [113.2544397, 23.1094886], [113.2544344, 23.1094571], [113.2544183, 23.1094275], [113.254385, 23.1093988], [113.2543045, 23.1093653], [113.2542423, 23.1093455], [113.2540524, 23.109684]]]}}, {"type": "Feature", "id": 836151068, "properties": {"id": "836151068", "levels": 5, "levels_estimated": true, "height": 15, "building": "yes", "name": null}, "geometry": {"type": "Polygon", "coordinates": [[[113.2546283, 23.1081165], [113.2544289, 23.1079354], [113.2546858, 23.1076962], [113.2548851, 23.1078773], [113.2546283, 23.1081165]]]}}, {"type": "Feature", "id": 837287662, "properties": {"id": "837287662", "levels": 8, "levels_estimated": false, "height": 24, "building": "residential", "name": null}, "geometry": {"type": "Polygon", "coordinates": [[[113.2525396, 23.1094171], [113.2527605, 23.1095657], [113.2528434, 23.1094615], [113.2526769, 23.1093494], [113.2527253, 23.1092886], [113.2528862, 23.1093968], [113.2529644, 23.1092985], [113.2527491, 23.1091537], [113.2525396, 23.1094171]]]}}, {"type": "Feature", "id": 837287663, "properties": {"id": "837287663", "levels": 8, "levels_estimated": false, "height": 24, "building": "residential", "name": null}, "geometry": {"type": "Polygon", "coordinates": [[[113.2524432, 23.1095775], [113.2526596, 23.1096884], [113.2527278, 23.1095757], [113.2525114, 23.1094648], [113.2524432, 23.1095775]]]}}, {"type": "Feature", "id": 837287664, "properties": {"id": "837287664", "levels": 6, "levels_estimated": true, "height": 18, "building": "residential", "name": null}, "geometry": {"type": "Polygon", "coordinates": [[[113.2530456, 23.1097695], [113.2532253, 23.1098933], [113.2532828, 23.1098227], [113.2531494, 23.1097308], [113.2531663, 23.1097101], [113.2533004, 23.1098025], [113.2533527, 23.1097384], [113.2532007, 23.1096336], [113.2532433, 23.1095813], [113.2533954, 23.1096861], [113.25343, 23.1096436], [113.2532494, 23.1095192], [113.2530456, 23.1097695]]]}}, {"type": "Feature", "id": 837287665, "properties": {"id": "837287665", "levels": 8, "levels_estimated": false, "height": 24, "building": "residential", "name": null}, "geometry": {"type": "Polygon", "coordinates": [[[113.2527789, 23.109599], [113.2529493, 23.1097115], [113.2530261, 23.1096127], [113.2528575, 23.1094997], [113.2527789, 23.109599]]]}}, {"type": "Feature", "id": 837287666, "properties": {"id": "837287666", "levels": 6, "levels_estimated": true, "height": 18, "building": "residential", "name": null}, "geometry": {"type": "Polygon", "coordinates": [[[113.2530261, 23.1096127], [113.2530518, 23.1095798], [113.2529999, 23.1095456], [113.2531066, 23.1094085], [113.2532273, 23.109488], [113.2530182, 23.1097568], [113.2529493, 23.1097115], [113.2530261, 23.1096127]]]}}, {"type": "Feature", "id": 837287667, "properties": {"id": "837287667", "levels": 6, "levels_estimated": true, "height": 18, "building": "residential", "name": null}, "geometry": {"type": "Polygon", "coordinates": [[[113.2528993, 23.109438], [113.2529952, 23.1093094], [113.2530946, 23.1093721], [113.2529987, 23.1095007], [113.2528993, 23.109438]]]}}, {"type": "Feature", "id": 837287668, "properties": {"id": "837287668", "levels": 6, "levels_estimated": true, "height": 18, "building": "residential", "name": null}, "geometry": {"type": "Polygon", "coordinates": [[[113.2535049, 23.1096092], [113.2532638, 23.1094695], [113.2533672, 23.1093186], [113.2536083, 23.1094583], [113.2535049, 23.1096092]]]}}, {"type": "Feature", "id": 837287669, "properties": {"id": "837287669", "levels": 6, "levels_estimated": true, "height": 18, "building": "residential", "name": null}, "geometry": {"type": "Polygon", "coordinates": [[[113.2530525, 23.1092803], [113.2531376, 23.1091608], [113.2533537, 23.1092909], [113.2532533, 23.109432], [113.2531878, 23.1093926], [113.2532468, 23.1093097], [113.2531725, 23.109265], [113.2531289, 23.1093263], [113.2530525, 23.1092803]]]}}, {"type": "Feature", "id": 837287670, "properties": {"id": "837287670", "levels": 5, "levels_estimated": false, "height": 15, "building": "residential", "name": null}, "geometry": {"type": "Polygon", "coordinates": [[[113.2526512, 23.1097611], [113.2526876, 23.1096838], [113.2529964, 23.1098066], [113.2529619, 23.10988], [113.2528998, 23.1098553], [113.2529088, 23.1098361], [113.2527271, 23.1097637], [113.2527161, 23.1097869], [113.2526512, 23.1097611]]]}}, {"type": "Feature", "id": 837287671, "properties": {"id": "837287671", "levels": 5, "levels_estimated": false, "height": 15, "building": "residential", "name": null}, "geometry": {"type": "Polygon", "coordinates": [[[113.2525837, 23.1098654], [113.2526201, 23.1097881], [113.2529289, 23.109911], [113.2528944, 23.1099844], [113.2528323, 23.1099597], [113.2528413, 23.1099404], [113.2526596, 23.1098681], [113.2526487, 23.1098913], [113.2525837, 23.1098654]]]}}, {"type": "Feature", "id": 837287672, "properties": {"id": "837287672", "levels": 5, "levels_estimated": false, "height": 15, "building": "residential", "name": null}, "geometry": {"type": "Polygon", "coordinates": [[[113.252499, 23.1099937], [113.2525421, 23.1098979], [113.2528838, 23.1100284], [113.2528407, 23.110124], [113.252499, 23.1099937]]]}}, {"type": "Feature", "id": 837287673, "properties": {"id": "837287673", "levels": 5, "levels_estimated": false, "height": 15, "building": "residential", "name": null}, "geometry": {"type": "Polygon", "coordinates": [[[113.2521671, 23.1098654], [113.2524501, 23.1099826], [113.2525019, 23.1098768], [113.2522189, 23.1097596], [113.2521671, 23.1098654]]]}}, {"type": "Feature", "id": 837287674, "properties": {"id": "837287674", "levels": 5, "levels_estimated": false, "height": 15, "building": "residential", "name": null}, "geometry": {"type": "Polygon", "coordinates": [[[113.2523544, 23.1097424], [113.2523911, 23.1096622], [113.2525892, 23.1097389], [113.2525525, 23.1098192], [113.2523544, 23.1097424]]]}}, {"type": "Feature", "id": 837287675, "properties": {"id": "837287675", "levels": 5, "levels_estimated": false, "height": 15, "building": "residential", "name": null}, "geometry": {"type": "Polygon", "coordinates": [[[113.2536759, 23.1102831], [113.2537132, 23.110225], [113.2536832, 23.1102087], [113.2537433, 23.110115], [113.2537931, 23.1101404], [113.2538936, 23.1101995], [113.2539141, 23.1102076], [113.2538168, 23.1103595], [113.2536759, 23.1102831]]]}}, {"type": "Feature", "id": 837287676, "properties": {"id": "837287676", "levels": 5, "levels_estimated": false, "height": 15, "building": "residential", "name": null}, "geometry": {"type": "Polygon", "coordinates": [[[113.2537931, 23.1101404], [113.2538375, 23.1100765], [113.2537926, 23.11005], [113.2539595, 23.1098098], [113.2541535, 23.1099239], [113.2539781, 23.1101763], [113.2539296, 23.1101477], [113.2538936, 23.1101995], [113.2537931, 23.1101404]]]}}, {"type": "Feature", "id": 837287677, "properties": {"id": "837287677", "levels": 8, "levels_estimated": false, "height": 24, "building": "residential", "name": null}, "geometry": {"type": "Polygon", "coordinates": [[[113.2489056, 23.1086858], [113.2489463, 23.1085762], [113.2492316, 23.1086661], [113.2491909, 23.1087755], [113.2489056, 23.1086858]]]}}, {"type": "Feature", "id": 837287678, "properties": {"id": "837287678", "levels": 18, "levels_estimated": false, "height": 54, "building": "apartments", "name": null}, "geometry": {"type": "Polygon", "coordinates": [[[113.2497163, 23.1089575], [113.250182, 23.1091213], [113.2502249, 23.1090285], [113.2497464, 23.1088608], [113.2497163, 23.1089575]]]}}, {"type": "Feature", "id": 837287679, "properties": {"id": "837287679", "levels": 6, "levels_estimated": true, "height": 18, "building": "residential", "name": null}, "geometry": {"type": "Polygon", "coordinates": [[[113.2504857, 23.1091917], [113.2506811, 23.1092529], [113.2507441, 23.109083], [113.2505487, 23.1090218], [113.2504857, 23.1091917]]]}}, {"type": "Feature", "id": 837287680, "properties": {"id": "837287680", "levels": 6, "levels_estimated": true, "height": 18, "building": "residential", "name": null}, "geometry": {"type": "Polygon", "coordinates": [[[113.2502444, 23.1090213], [113.2503009, 23.1087274], [113.2503744, 23.1087394], [113.250448, 23.1087514], [113.2503914, 23.1090452], [113.2502444, 23.1090213]]]}}, {"type": "Feature", "id": 855462340, "properties": {"id": "855462340", "levels": 5, "levels_estimated": true, "height": 15, "building": "yes", "name": null}, "geometry": {"type": "Polygon", "coordinates": [[[113.2547153, 23.1073967], [113.25493, 23.1075805], [113.2550096, 23.1075018], [113.2547949, 23.107318], [113.2547814, 23.1073301], [113.2547485, 23.1073644], [113.2547153, 23.1073967]]]}}, {"type": "Feature", "id": 855462341, "properties": {"id": "855462341", "levels": 5, "levels_estimated": true, "height": 15, "building": "yes", "name": null}, "geometry": {"type": "Polygon", "coordinates": [[[113.2547485, 23.1073644], [113.2547115, 23.1073344], [113.2546825, 23.1073646], [113.2545391, 23.1072481], [113.2546279, 23.1071556], [113.254786, 23.107284], [113.254759, 23.107312], [113.2547814, 23.1073301], [113.2547485, 23.1073644]]]}}, {"type": "Feature", "id": 855462342, "properties": {"id": "855462342", "levels": 5, "levels_estimated": true, "height": 15, "building": "yes", "name": null}, "geometry": {"type": "Polygon", "coordinates": [[[113.2550687, 23.1073713], [113.2547628, 23.1071214], [113.2548636, 23.1070169], [113.2551695, 23.1072668], [113.2550687, 23.1073713]]]}}, {"type": "Feature", "id": 855462343, "properties": {"id": "855462343", "levels": 8, "levels_estimated": true, "height": 24, "building": "hospital", "name": null}, "geometry": {"type": "Polygon", "coordinates": [[[113.2566435, 23.1080741], [113.2567139, 23.1079082], [113.2565749, 23.1078584], [113.2566724, 23.1076327], [113.2569322, 23.1077273], [113.2569051, 23.1078103], [113.2570495, 23.1078551], [113.257026, 23.1079165], [113.2576269, 23.1080957], [113.2575258, 23.1083364], [113.2566435, 23.1080741]]]}}, {"type": "Feature", "id": 855462344, "properties": {"id": "855462344", "levels": 8, "levels_estimated": true, "height": 24, "building": "hospital", "name": null}, "geometry": {"type": "Polygon", "coordinates": [[[113.2560481, 23.1080071], [113.2564941, 23.1081822], [113.2566237, 23.1079031], [113.2561778, 23.1077278], [113.2560481, 23.1080071]]]}}, {"type": "Feature", "id": 855462345, "properties": {"id": "855462345", "levels": 8, "levels_estimated": true, "height": 24, "building": "hospital", "name": null}, "geometry": {"type": "Polygon", "coordinates": [[[113.2568972, 23.1072758], [113.2569067, 23.1072403], [113.2568461, 23.1072265], [113.2569111, 23.1069844], [113.256633, 23.1069212], [113.256649, 23.1068619], [113.2566124, 23.1068536], [113.2566353, 23.1067686], [113.2571404, 23.1068836], [113.2570269, 23.1073054], [113.2568972, 23.1072758]]]}}, {"type": "Feature", "id": 855462346, "properties": {"id": "855462346", "levels": 8, "levels_estimated": true, "height": 24, "building": "hospital", "name": null}, "geometry": {"type": "Polygon", "coordinates": [[[113.2564645, 23.1074355], [113.2570116, 23.1075763], [113.2570495, 23.107452], [113.2565024, 23.1073111], [113.2564645, 23.1074355]]]}}, {"type": "Feature", "id": 855462347, "properties": {"id": "855462347", "levels": 8, "levels_estimated": true, "height": 24, "building": "hospital", "name": null}, "geometry": {"type": "Polygon", "coordinates": [[[113.2571816, 23.1072614], [113.2572359, 23.1070196], [113.2574405, 23.1070584], [113.2574161, 23.107152], [113.2574021, 23.1072221], [113.2573862, 23.1073002], [113.2571816, 23.1072614]]]}}, {"type": "Feature", "id": 855462348, "properties": {"id": "855462348", "levels": 8, "levels_estimated": true, "height": 24, "building": "hospital", "name": null}, "geometry": {"type": "Polygon", "coordinates": [[[113.2574392, 23.1072664], [113.2574466, 23.1072297], [113.2574021, 23.1072221], [113.2574161, 23.107152], [113.2574606, 23.1071595], [113.2574796, 23.1070647], [113.2575915, 23.1070837], [113.2575669, 23.1072066], [113.2576495, 23.1072206], [113.2576337, 23.1072994], [113.2574392, 23.1072664]]]}}, {"type": "Feature", "id": 855462349, "properties": {"id": "855462349", "levels": 8, "levels_estimated": true, "height": 24, "building": "hospital", "name": null}, "geometry": {"type": "Polygon", "coordinates": [[[113.2564031, 23.106486], [113.2564505, 23.1062843], [113.2569355, 23.1063808], [113.256888, 23.1065826], [113.2564031, 23.106486]]]}}, {"type": "Feature", "id": 855462351, "properties": {"id": "855462351", "levels": 8, "levels_estimated": true, "height": 24, "building": "hospital", "name": null}, "geometry": {"type": "Polygon", "coordinates": [[[113.2570985, 23.1077094], [113.2571175, 23.1075098], [113.257395, 23.1075321], [113.2573761, 23.1077317], [113.2570985, 23.1077094]]]}}, {"type": "Feature", "id": 855462352, "properties": {"id": "855462352", "levels": 6, "levels_estimated": true, "height": 18, "building": "residential", "name": null}, "geometry": {"type": "Polygon", "coordinates": [[[113.2565938, 23.1082733], [113.2570478, 23.1084533], [113.2571149, 23.1083101], [113.2566609, 23.1081301], [113.2565938, 23.1082733]]]}}, {"type": "Feature", "id": 855462353, "properties": {"id": "855462353", "levels": 6, "levels_estimated": true, "height": 18, "building": "residential", "name": null}, "geometry": {"type": "Polygon", "coordinates": [[[113.2570474, 23.108482], [113.2573149, 23.1085944], [113.2574159, 23.108391], [113.2571485, 23.1082785], [113.2570474, 23.108482]]]}}, {"type": "Feature", "id": 855462354, "properties": {"id": "855462354", "levels": 6, "levels_estimated": true, "height": 18, "building": "residential", "name": null}, "geometry": {"type": "Polygon", "coordinates": [[[113.2573493, 23.1086144], [113.2574567, 23.1083758], [113.2576105, 23.1084343], [113.2575033, 23.108673], [113.2573493, 23.1086144]]]}}, {"type": "Feature", "id": 855462355, "properties": {"id": "855462355", "levels": 29, "levels_estimated": false, "height": 87, "building": "apartments", "name": null}, "geometry": {"type": "Polygon", "coordinates": [[[113.2571227, 23.1108582], [113.2575854, 23.1111237], [113.2577007, 23.1111154], [113.2578433, 23.11104], [113.2579667, 23.1106663], [113.257739, 23.1106027], [113.2576724, 23.1108046], [113.2577701, 23.1108318], [113.2577493, 23.1108949], [113.2575338, 23.1109535], [113.2574983, 23.1109331], [113.2575544, 23.1108503], [113.2572476, 23.1106742], [113.2571227, 23.1108582]]]}}, {"type": "Feature", "id": 855462357, "properties": {"id": "855462357", "levels": 5, "levels_estimated": true, "height": 15, "building": "yes", "name": "海珠区人才管理办公室"}, "geometry": {"type": "Polygon", "coordinates": [[[113.2562893, 23.1085347], [113.2564082, 23.1085801], [113.2564437, 23.1085099], [113.2564748, 23.1084459], [113.256351, 23.1083955], [113.2562893, 23.1085347]]]}}, {"type": "Feature", "id": 855462358, "properties": {"id": "855462358", "levels": 5, "levels_estimated": true, "height": 15, "building": "yes", "name": "广州市人才培训中心海珠分教处"}, "geometry": {"type": "Polygon", "coordinates": [[[113.2564082, 23.1085801], [113.2566635, 23.1086799], [113.256696, 23.1086097], [113.2564437, 23.1085099], [113.2564082, 23.1085801]]]}}, {"type": "Feature", "id": 855462361, "properties": {"id": "855462361", "levels": 30, "levels_estimated": false, "height": 90, "building": "residential", "name": "海悦大厦"}, "geometry": {"type": "Polygon", "coordinates": [[[113.2554765, 23.109737], [113.2555265, 23.1097762], [113.2555672, 23.1097323], [113.2555993, 23.1097575], [113.255562, 23.1097977], [113.2556152, 23.1098394], [113.2556811, 23.1097683], [113.2557552, 23.1098264], [113.2556986, 23.1098875], [113.2557445, 23.1099235], [113.2557791, 23.1098862], [113.2558111, 23.1099112], [113.2557724, 23.109953], [113.2558355, 23.1100024], [113.2558993, 23.1099335], [113.2559371, 23.109963], [113.2559935, 23.1099019], [113.2559349, 23.1098561], [113.2559522, 23.1098373], [113.2560129, 23.1098847], [113.2560667, 23.1098264], [113.2560077, 23.1097804], [113.2560524, 23.109732], [113.2560081, 23.1096974], [113.2559691, 23.1097397], [113.2559295, 23.1097088], [113.2559651, 23.1096701], [113.2559161, 23.1096319], [113.2558799, 23.1096713], [113.2558136, 23.1096196], [113.2558569, 23.1095726], [113.2558008, 23.1095288], [113.2557617, 23.1095713], [113.2557305, 23.1095469], [113.2557692, 23.109505], [113.255715, 23.1094628], [113.2556494, 23.1095339], [113.2556, 23.1094953], [113.2555483, 23.1095513], [113.2556051, 23.1095957], [113.2555953, 23.1096063], [113.2555489, 23.10957], [113.2554969, 23.1096261], [113.2555446, 23.1096635], [113.2554765, 23.109737]]]}}, {"type": "Feature", "id": 855462363, "properties": {"id": "855462363", "levels": 9, "levels_estimated": false, "height": 27, "building": "residential", "name": null}, "geometry": {"type": "Polygon", "coordinates": [[[113.2562194, 23.1094287], [113.2563418, 23.1092239], [113.2559945, 23.1090483], [113.2560385, 23.1089748], [113.2560975, 23.1090046], [113.2561688, 23.1088853], [113.2559812, 23.1087905], [113.2558878, 23.1089469], [113.2559572, 23.108982], [113.2559314, 23.1090252], [113.2558785, 23.1089985], [113.2557941, 23.1091398], [113.2558138, 23.1092235], [113.2562194, 23.1094287]]]}}, {"type": "Feature", "id": 855462364, "properties": {"id": "855462364", "levels": 9, "levels_estimated": false, "height": 27, "building": "residential", "name": null}, "geometry": {"type": "Polygon", "coordinates": [[[113.2563147, 23.1094688], [113.2564556, 23.1092743], [113.2567854, 23.1094764], [113.2568359, 23.1094066], [113.2566691, 23.1093373], [113.2567603, 23.1091305], [113.2570173, 23.1092132], [113.256934, 23.1094608], [113.2568817, 23.1094413], [113.2568368, 23.1095172], [113.256887, 23.109548], [113.2567897, 23.1096822], [113.2566999, 23.1097048], [113.2563147, 23.1094688]]]}}, {"type": "Feature", "id": 855462367, "properties": {"id": "855462367", "levels": 5, "levels_estimated": true, "height": 15, "building": "yes", "name": null}, "geometry": {"type": "Polygon", "coordinates": [[[113.2559057, 23.1086923], [113.2560594, 23.1087589], [113.2561195, 23.1086415], [113.2559657, 23.108575], [113.2559057, 23.1086923]]]}}, {"type": "Feature", "id": 855462370, "properties": {"id": "855462370", "levels": 6, "levels_estimated": true, "height": 18, "building": "residential", "name": null}, "geometry": {"type": "Polygon", "coordinates": [[[113.2567897, 23.1107096], [113.2570559, 23.1102852], [113.2570225, 23.1102545], [113.2570919, 23.1101436], [113.2572055, 23.1102039], [113.2568639, 23.1107489], [113.2567897, 23.1107096]]]}}, {"type": "Feature", "id": 855462371, "properties": {"id": "855462371", "levels": 6, "levels_estimated": true, "height": 18, "building": "residential", "name": null}, "geometry": {"type": "Polygon", "coordinates": [[[113.2557758, 23.1104219], [113.2560566, 23.1106336], [113.256129, 23.1105524], [113.2558482, 23.1103407], [113.2557758, 23.1104219]]]}}, {"type": "Feature", "id": 855462372, "properties": {"id": "855462372", "levels": 6, "levels_estimated": true, "height": 18, "building": "residential", "name": null}, "geometry": {"type": "Polygon", "coordinates": [[[113.2556775, 23.1105473], [113.2559872, 23.1107741], [113.2560591, 23.1106911], [113.2557494, 23.1104642], [113.2556775, 23.1105473]]]}}, {"type": "Feature", "id": 855462373, "properties": {"id": "855462373", "levels": 6, "levels_estimated": true, "height": 18, "building": "residential", "name": null}, "geometry": {"type": "Polygon", "coordinates": [[[113.2556706, 23.1108457], [113.2558225, 23.1109452], [113.255916, 23.1108245], [113.255764, 23.110725], [113.2556706, 23.1108457]]]}}, {"type": "Feature", "id": 855462374, "properties": {"id": "855462374", "levels": 6, "levels_estimated": true, "height": 18, "building": "residential", "name": null}, "geometry": {"type": "Polygon", "coordinates": [[[113.2554856, 23.1110533], [113.2559147, 23.1113079], [113.2563567, 23.1107237], [113.2561422, 23.1105954], [113.2558289, 23.1110138], [113.2556143, 23.1108836], [113.2554856, 23.1110533]]]}}, {"type": "Feature", "id": 863247229, "properties": {"id": "863247229", "levels": 6, "levels_estimated": true, "height": 18, "building": "apartments", "name": null}, "geometry": {"type": "Polygon", "coordinates": [[[113.2473134, 23.105149], [113.2475624, 23.1051904], [113.2476021, 23.1050112], [113.2473333, 23.1050311], [113.2473134, 23.105149]]]}}, {"type": "Feature", "id": 878667271, "properties": {"id": "878667271", "levels": 5, "levels_estimated": true, "height": 15, "building": "yes", "name": "宝岗天主堂"}, "geometry": {"type": "Polygon", "coordinates": [[[113.258443, 23.1078986], [113.2584655, 23.1077469], [113.2586023, 23.107753], [113.2586029, 23.1077654], [113.2585717, 23.1079113], [113.258443, 23.1078986]]]}}, {"type": "Feature", "id": 892874294, "properties": {"id": "892874294", "levels": 5, "levels_estimated": false, "height": 15, "building": "commercial", "name": "华林国际A馆"}, "geometry": {"type": "Polygon", "coordinates": [[[113.2418505, 23.1189298], [113.2420328, 23.1183732], [113.242204, 23.1184206], [113.2420589, 23.1188638], [113.2419449, 23.1189708], [113.2418505, 23.1189298]]]}}, {"type": "Feature", "id": 893891892, "properties": {"id": "893891892", "levels": 6, "levels_estimated": true, "height": 18, "building": "residential", "name": null}, "geometry": {"type": "Polygon", "coordinates": [[[113.255247, 23.103032], [113.2557408, 23.1030118], [113.2557276, 23.1027402], [113.2552338, 23.1027605], [113.255247, 23.103032]]]}}, {"type": "Feature", "id": 927753140, "properties": {"id": "927753140", "levels": 5, "levels_estimated": false, "height": 15, "building": "yes", "name": "誉田国际电子商务中心"}, "geometry": {"type": "Polygon", "coordinates": [[[113.2484381, 23.1109647], [113.2485105, 23.1109721], [113.2484998, 23.1110189], [113.2487145, 23.1110436], [113.2487251, 23.1109721], [113.2487251, 23.1109326], [113.248709, 23.1108882], [113.2486849, 23.1108438], [113.2486393, 23.1108142], [113.2485749, 23.110787], [113.2484971, 23.1107648], [113.2484515, 23.1107599], [113.2484489, 23.1107991], [113.2484381, 23.1109647]]]}}, {"type": "Feature", "id": 927760220, "properties": {"id": "927760220", "levels": 23, "levels_estimated": false, "height": 69, "building": "wholesale", "name": "新亚洲国际数码电子城"}, "geometry": {"type": "Polygon", "coordinates": [[[113.2474978, 23.1119534], [113.2479599, 23.1119689], [113.2479766, 23.1115469], [113.2475145, 23.1115315], [113.2474978, 23.1119534]]]}}, {"type": "Feature", "id": 927760475, "properties": {"id": "927760475", "levels": 3, "levels_estimated": false, "height": 9, "building": "retail", "name": null}, "geometry": {"type": "Polygon", "coordinates": [[[113.2486973, 23.1126978], [113.248807, 23.1127117], [113.2488818, 23.1122177], [113.2487688, 23.1122011], [113.2486973, 23.1126978]]]}}, {"type": "Feature", "id": 928113165, "properties": {"id": "928113165", "levels": 5, "levels_estimated": true, "height": 15, "building": "yes", "name": "爱群大厦旋转餐厅"}, "geometry": {"type": "Polygon", "coordinates": [[[113.2518405, 23.1123196], [113.2518386, 23.1122885], [113.2518427, 23.1122715], [113.2518666, 23.1122355], [113.2518945, 23.1122177], [113.2519303, 23.1122094], [113.2519704, 23.1122151], [113.2519995, 23.1122311], [113.2520211, 23.1122556], [113.2520322, 23.1122851], [113.2520322, 23.1123133], [113.2520203, 23.112344], [113.2519986, 23.1123679], [113.2519493, 23.1123882], [113.251923, 23.1123883], [113.2518906, 23.1123789], [113.2518624, 23.1123586], [113.2518405, 23.1123196]]]}}, {"type": "Feature", "id": 928115005, "properties": {"id": "928115005", "levels": 30, "levels_estimated": false, "height": 90, "building": "office", "name": null}, "geometry": {"type": "Polygon", "coordinates": [[[113.2523166, 23.1124743], [113.2523756, 23.1123461], [113.2526064, 23.1124299], [113.2526545, 23.1124645], [113.2526842, 23.112499], [113.2526976, 23.1125409], [113.2526976, 23.1125755], [113.2526815, 23.1126075], [113.2526519, 23.1126223], [113.2525124, 23.1125853], [113.2524963, 23.1125508], [113.2523166, 23.1124743]]]}}, {"type": "Feature", "id": 928115006, "properties": {"id": "928115006", "levels": 12, "levels_estimated": true, "height": 36, "building": "office", "name": null}, "geometry": {"type": "Polygon", "coordinates": [[[113.252155, 23.1124068], [113.2523166, 23.1124743], [113.2523756, 23.1123461], [113.2522185, 23.1122854], [113.252155, 23.1124068]]]}}, {"type": "Feature", "id": 928120253, "properties": {"id": "928120253", "levels": 8, "levels_estimated": false, "height": 24, "building": "yes", "name": "銀灯食府"}, "geometry": {"type": "Polygon", "coordinates": [[[113.2601383, 23.1189193], [113.2602968, 23.118694], [113.2601372, 23.1186042], [113.2599944, 23.1188212], [113.2601383, 23.1189193]]]}}, {"type": "Feature", "id": 932447160, "properties": {"id": "932447160", "levels": 12, "levels_estimated": false, "height": 36, "building": "hospital", "name": null}, "geometry": {"type": "Polygon", "coordinates": [[[113.2382455, 23.1116813], [113.2385309, 23.1116695], [113.2385424, 23.1119054], [113.2383814, 23.111912], [113.2383807, 23.1118967], [113.2382563, 23.1119018], [113.2382455, 23.1116813]]]}}, {"type": "Feature", "id": 932447268, "properties": {"id": "932447268", "levels": 15, "levels_estimated": false, "height": 45, "building": "hospital", "name": null}, "geometry": {"type": "Polygon", "coordinates": [[[113.2383241, 23.1121826], [113.2383131, 23.1120225], [113.2388174, 23.1119932], [113.2388284, 23.1121533], [113.2383241, 23.1121826]]]}}, {"type": "Feature", "id": 932450460, "properties": {"id": "932450460", "levels": 7, "levels_estimated": false, "height": 21, "building": "hospital", "name": null}, "geometry": {"type": "Polygon", "coordinates": [[[113.2565509, 23.1153071], [113.2567118, 23.1153529], [113.2567381, 23.1152783], [113.2569656, 23.11535], [113.2569389, 23.1154266], [113.2571294, 23.1154853], [113.2572965, 23.1151644], [113.2573382, 23.1151732], [113.257372, 23.1150117], [113.2566758, 23.1148168], [113.2565509, 23.1153071]]]}}, {"type": "Feature", "id": 932454887, "properties": {"id": "932454887", "levels": 4, "levels_estimated": false, "height": 12, "building": "wholesale", "name": null}, "geometry": {"type": "Polygon", "coordinates": [[[113.2506664, 23.1157841], [113.251436, 23.1159231], [113.2515424, 23.1154249], [113.2507729, 23.1152859], [113.2506664, 23.1157841]]]}}, {"type": "Feature", "id": 932455303, "properties": {"id": "932455303", "levels": 26, "levels_estimated": false, "height": 78, "building": "apartments", "name": "山海城"}, "geometry": {"type": "Polygon", "coordinates": [[[113.2520892, 23.1152549], [113.252736, 23.1154133], [113.2527877, 23.1152349], [113.2521408, 23.1150764], [113.2520892, 23.1152549]]]}}, {"type": "Feature", "id": 932455677, "properties": {"id": "932455677", "levels": 43, "levels_estimated": false, "height": 129, "building": "yes", "name": "新中国大厦"}, "geometry": {"type": "Polygon", "coordinates": [[[113.2480574, 23.1136136], [113.248111, 23.1135692], [113.24817, 23.1134705], [113.2482022, 23.1133274], [113.2482022, 23.1131744], [113.2481915, 23.1130856], [113.2473868, 23.112982], [113.2473117, 23.1135395], [113.2480574, 23.1136136]]]}}, {"type": "Feature", "id": 932462821, "properties": {"id": "932462821", "levels": 35, "levels_estimated": false, "height": 105, "building": "apartments", "name": null}, "geometry": {"type": "Polygon", "coordinates": [[[113.2361803, 23.1233802], [113.2365129, 23.1233259], [113.2365936, 23.1232588], [113.2366365, 23.1231848], [113.2366202, 23.1231335], [113.2363573, 23.1231335], [113.2362607, 23.1231582], [113.2361642, 23.1232618], [113.2361803, 23.1233802]]]}}, {"type": "Feature", "id": 932462822, "properties": {"id": "932462822", "levels": 32, "levels_estimated": false, "height": 96, "building": "apartments", "name": null}, "geometry": {"type": "Polygon", "coordinates": [[[113.2358244, 23.1244328], [113.2360143, 23.1243865], [113.2359714, 23.1242376], [113.2361404, 23.1241965], [113.2361903, 23.1243696], [113.2363918, 23.1243205], [113.2363203, 23.1240724], [113.235841, 23.1241891], [113.2357704, 23.1239442], [113.235528, 23.1240033], [113.235549, 23.1240764], [113.2354464, 23.1241013], [113.23548, 23.124218], [113.2355919, 23.1241908], [113.2356283, 23.1243173], [113.2357805, 23.1242802], [113.2358244, 23.1244328]]]}}, {"type": "Feature", "id": 932462823, "properties": {"id": "932462823", "levels": 32, "levels_estimated": false, "height": 96, "building": "apartments", "name": null}, "geometry": {"type": "Polygon", "coordinates": [[[113.2359826, 23.1236867], [113.2361915, 23.1236519], [113.2361792, 23.1235891], [113.2362551, 23.1235764], [113.2362371, 23.1234851], [113.2361042, 23.1235072], [113.2360936, 23.1234533], [113.2359437, 23.1234783], [113.2359552, 23.1235368], [113.2359021, 23.1235456], [113.2359129, 23.1236005], [113.235964, 23.123592], [113.2359826, 23.1236867]]]}}, {"type": "Feature", "id": 932463126, "properties": {"id": "932463126", "levels": 4, "levels_estimated": false, "height": 12, "building": "yes", "name": null}, "geometry": {"type": "Polygon", "coordinates": [[[113.2361362, 23.1240035], [113.2363437, 23.1239638], [113.2362769, 23.1236689], [113.2360694, 23.1237086], [113.2361362, 23.1240035]]]}}, {"type": "Feature", "id": 932645656, "properties": {"id": "932645656", "levels": 30, "levels_estimated": false, "height": 90, "building": "hospital", "name": null}, "geometry": {"type": "Polygon", "coordinates": [[[113.2507342, 23.1201929], [113.250812, 23.1202175], [113.2508737, 23.1202274], [113.2509434, 23.1202299], [113.2510132, 23.1202225], [113.2511017, 23.1201904], [113.251048, 23.1201682], [113.2509595, 23.120146], [113.2508737, 23.1201411], [113.2508013, 23.1201509], [113.2507342, 23.1201929]]]}}, {"type": "Feature", "id": 932645723, "properties": {"id": "932645723", "levels": 7, "levels_estimated": false, "height": 21, "building": "hospital", "name": null}, "geometry": {"type": "Polygon", "coordinates": [[[113.2511178, 23.1203705], [113.2509032, 23.1203187], [113.2509059, 23.1203803], [113.2509488, 23.1204025], [113.2509595, 23.1204469], [113.2509354, 23.1204815], [113.25082, 23.1204938], [113.2507691, 23.1204617], [113.2507718, 23.1204124], [113.2508039, 23.1203877], [113.250812, 23.1203458], [113.2507074, 23.1203532], [113.2506886, 23.1203902], [113.2506403, 23.1204025], [113.2506323, 23.1203779], [113.2505947, 23.120368], [113.2505733, 23.1202151], [113.2507074, 23.1201657], [113.2507986, 23.1201337], [113.2508817, 23.1201139], [113.2509488, 23.1201115], [113.250989, 23.1201016], [113.2510293, 23.1200843], [113.2510695, 23.1200893], [113.2510749, 23.1201213], [113.2510668, 23.1201509], [113.2511312, 23.1201805], [113.2512358, 23.1202126], [113.2512465, 23.1202545], [113.2512626, 23.1203088], [113.2512465, 23.1203483], [113.2512036, 23.1203877], [113.2511795, 23.1204149], [113.2511285, 23.1204297], [113.2511097, 23.120405], [113.2511178, 23.1203705]]]}}, {"type": "Feature", "id": 932646620, "properties": {"id": "932646620", "levels": 19, "levels_estimated": false, "height": 57, "building": "residential", "name": "丽日广场"}, "geometry": {"type": "Polygon", "coordinates": [[[113.2507737, 23.1197135], [113.2507892, 23.1196478], [113.2507138, 23.1196327], [113.2506983, 23.1196983], [113.2506128, 23.1196812], [113.2506684, 23.1194464], [113.2512236, 23.1195575], [113.2511622, 23.119817], [113.2510317, 23.1197908], [113.2510513, 23.1197082], [113.2510058, 23.1196991], [113.25099, 23.1197659], [113.2508977, 23.1197474], [113.2509159, 23.1196707], [113.2508566, 23.1196589], [113.2508405, 23.1197269], [113.2507737, 23.1197135]]]}}, {"type": "Feature", "id": 932646761, "properties": {"id": "932646761", "levels": 32, "levels_estimated": false, "height": 96, "building": "apartments", "name": "兰亭璟濠"}, "geometry": {"type": "Polygon", "coordinates": [[[113.2496585, 23.119717], [113.2500743, 23.1199366], [113.2500072, 23.1200106], [113.2499616, 23.1199933], [113.249908, 23.1200673], [113.249916, 23.1201364], [113.2498892, 23.120166], [113.2497014, 23.1200772], [113.2497337, 23.1200005], [113.2498062, 23.1200325], [113.2498759, 23.1199437], [113.2496183, 23.1198206], [113.2496585, 23.119717]]]}}, {"type": "Feature", "id": 932646800, "properties": {"id": "932646800", "levels": 3, "levels_estimated": false, "height": 9, "building": "yes", "name": null}, "geometry": {"type": "Polygon", "coordinates": [[[113.2503183, 23.1200056], [113.2501547, 23.1198946], [113.2501388, 23.1198549], [113.2498248, 23.1196726], [113.2498114, 23.1196233], [113.2498597, 23.1195887], [113.2502593, 23.1197984], [113.2503076, 23.1198379], [113.2503344, 23.1198996], [113.2503426, 23.119961], [113.2503183, 23.1200056]]]}}, {"type": "Feature", "id": 932646892, "properties": {"id": "932646892", "levels": 3, "levels_estimated": false, "height": 9, "building": "yes", "name": null}, "geometry": {"type": "Polygon", "coordinates": [[[113.2501842, 23.119643], [113.2502487, 23.1196551], [113.2503507, 23.1196526], [113.2504204, 23.1196058], [113.2504578, 23.1195443], [113.2504685, 23.1194975], [113.2502595, 23.119443], [113.2501842, 23.119643]]]}}, {"type": "Feature", "id": 932647245, "properties": {"id": "932647245", "levels": 23, "levels_estimated": false, "height": 69, "building": "residential", "name": "大新大厦"}, "geometry": {"type": "Polygon", "coordinates": [[[113.2517125, 23.1184372], [113.2522581, 23.1185226], [113.2522233, 23.1187105], [113.2520541, 23.118684], [113.2520402, 23.118759], [113.2521489, 23.1187761], [113.2521316, 23.1188697], [113.2517756, 23.118814], [113.2517926, 23.1187222], [113.2518928, 23.1187379], [113.251908, 23.1186559], [113.2516786, 23.11862], [113.2517125, 23.1184372]]]}}, {"type": "Feature", "id": 932717799, "properties": {"id": "932717799", "levels": 26, "levels_estimated": false, "height": 78, "building": "residential", "name": "天鹅大厦"}, "geometry": {"type": "Polygon", "coordinates": [[[113.2431057, 23.1062847], [113.2427302, 23.1061416], [113.2426766, 23.1060972], [113.2426766, 23.1060578], [113.2426766, 23.1060084], [113.2427141, 23.1059393], [113.2431969, 23.1061022], [113.2431057, 23.1062847]]]}}, {"type": "Feature", "id": 932717800, "properties": {"id": "932717800", "levels": 15, "levels_estimated": false, "height": 45, "building": "office", "name": "海星大厦"}, "geometry": {"type": "Polygon", "coordinates": [[[113.243526, 23.1065212], [113.24311, 23.1063575], [113.2431866, 23.1061928], [113.2436027, 23.1063565], [113.243526, 23.1065212]]]}}, {"type": "Feature", "id": 932718107, "properties": {"id": "932718107", "levels": 30, "levels_estimated": false, "height": 90, "building": "residential", "name": "碧蓝映居"}, "geometry": {"type": "Polygon", "coordinates": [[[113.246861, 23.1072131], [113.2468788, 23.1071324], [113.2467667, 23.1071115], [113.2467974, 23.1069726], [113.2470013, 23.1070107], [113.2469528, 23.1072302], [113.246861, 23.1072131]]]}}, {"type": "Feature", "id": 932721415, "properties": {"id": "932721415", "levels": 3, "levels_estimated": false, "height": 9, "building": "yes", "name": null}, "geometry": {"type": "Polygon", "coordinates": [[[113.2447859, 23.1049481], [113.245446, 23.1050785], [113.2456974, 23.1051614], [113.2459455, 23.105209], [113.2459792, 23.1050142], [113.2448216, 23.1048064], [113.2447859, 23.1049481]]]}}, {"type": "Feature", "id": 932724080, "properties": {"id": "932724080", "levels": 7, "levels_estimated": false, "height": 21, "building": "residential", "name": null}, "geometry": {"type": "Polygon", "coordinates": [[[113.2442557, 23.1056597], [113.2443812, 23.1052648], [113.2446249, 23.1053303], [113.2445966, 23.1054191], [113.2444592, 23.1053821], [113.2444542, 23.1053978], [113.2445769, 23.1054309], [113.2445531, 23.105506], [113.2444139, 23.1054685], [113.2443963, 23.1055239], [113.2445193, 23.105557], [113.2445041, 23.105605], [113.2443949, 23.1055757], [113.2443781, 23.1056285], [113.2444829, 23.1056567], [113.2444641, 23.1057158], [113.2442557, 23.1056597]]]}}, {"type": "Feature", "id": 932724224, "properties": {"id": "932724224", "levels": 7, "levels_estimated": false, "height": 21, "building": "residential", "name": null}, "geometry": {"type": "Polygon", "coordinates": [[[113.2445306, 23.1061156], [113.2446276, 23.1058666], [113.2449333, 23.1059672], [113.2448363, 23.1062163], [113.2445306, 23.1061156]]]}}, {"type": "Feature", "id": 932724664, "properties": {"id": "932724664", "levels": 8, "levels_estimated": false, "height": 24, "building": "residential", "name": null}, "geometry": {"type": "Polygon", "coordinates": [[[113.2441185, 23.1064172], [113.2442881, 23.1058255], [113.2444373, 23.1058616], [113.2442678, 23.1064534], [113.2441185, 23.1064172]]]}}, {"type": "Feature", "id": 932725418, "properties": {"id": "932725418", "levels": 20, "levels_estimated": false, "height": 60, "building": "residential", "name": null}, "geometry": {"type": "Polygon", "coordinates": [[[113.2440083, 23.1065938], [113.2440571, 23.106449], [113.2442237, 23.1065045], [113.2441523, 23.1066855], [113.2440787, 23.106707], [113.2439875, 23.1067259], [113.2438624, 23.1066876], [113.243903, 23.1065681], [113.2440083, 23.1065938]]]}}, {"type": "Feature", "id": 932726254, "properties": {"id": "932726254", "levels": 1, "levels_estimated": false, "height": 3, "building": "yes", "name": null}, "geometry": {"type": "Polygon", "coordinates": [[[113.2428645, 23.1055594], [113.2429101, 23.105478], [113.2429664, 23.105367], [113.2429905, 23.10533], [113.2431756, 23.1053448], [113.2431194, 23.1054644], [113.2430953, 23.1055138], [113.2430335, 23.1055421], [113.2430039, 23.1056063], [113.2428645, 23.1055594]]]}}, {"type": "Feature", "id": 932726255, "properties": {"id": "932726255", "levels": 7, "levels_estimated": false, "height": 21, "building": "residential", "name": null}, "geometry": {"type": "Polygon", "coordinates": [[[113.2427429, 23.1058118], [113.2428581, 23.1056404], [113.2429701, 23.1057041], [113.2428549, 23.1058755], [113.2427429, 23.1058118]]]}}, {"type": "Feature", "id": 932726303, "properties": {"id": "932726303", "levels": 6, "levels_estimated": false, "height": 18, "building": "apartments", "name": null}, "geometry": {"type": "Polygon", "coordinates": [[[113.2425845, 23.1052399], [113.2428824, 23.1053124], [113.2429045, 23.1052356], [113.2426739, 23.1051794], [113.2426928, 23.1051139], [113.2429712, 23.1051816], [113.2429946, 23.1051003], [113.2426489, 23.1050161], [113.2425845, 23.1052399]]]}}, {"type": "Feature", "id": 932726304, "properties": {"id": "932726304", "levels": 6, "levels_estimated": false, "height": 18, "building": "apartments", "name": null}, "geometry": {"type": "Polygon", "coordinates": [[[113.2425418, 23.1052965], [113.2428194, 23.1053856], [113.2427898, 23.1054638], [113.2424172, 23.1053442], [113.2424733, 23.1051963], [113.2425683, 23.1052268], [113.2425418, 23.1052965]]]}}, {"type": "Feature", "id": 933950929, "properties": {"id": "933950929", "levels": 4, "levels_estimated": false, "height": 12, "building": "hospital", "name": null}, "geometry": {"type": "Polygon", "coordinates": [[[113.2386523, 23.11177], [113.2392126, 23.1117584], [113.2392151, 23.1118599], [113.2395278, 23.1118534], [113.2395238, 23.1116911], [113.2392383, 23.111697], [113.2392351, 23.1115638], [113.2386476, 23.111576], [113.2386523, 23.11177]]]}}, {"type": "Feature", "id": 933952582, "properties": {"id": "933952582", "levels": 9, "levels_estimated": false, "height": 27, "building": "residential", "name": null}, "geometry": {"type": "Polygon", "coordinates": [[[113.2431273, 23.1126076], [113.2434465, 23.1126199], [113.2434492, 23.1125311], [113.2432346, 23.1125163], [113.2432346, 23.1123658], [113.24313, 23.1123658], [113.2431273, 23.1126076]]]}}, {"type": "Feature", "id": 933952584, "properties": {"id": "933952584", "levels": 8, "levels_estimated": false, "height": 24, "building": "residential", "name": null}, "geometry": {"type": "Polygon", "coordinates": [[[113.2428806, 23.1126125], [113.242894, 23.1122104], [113.2429826, 23.1122105], [113.2430685, 23.1122106], [113.2430685, 23.1122944], [113.2429711, 23.112302], [113.2429661, 23.1123684], [113.2430656, 23.1123658], [113.2430738, 23.1124646], [113.2429503, 23.112467], [113.2429475, 23.1125093], [113.243055, 23.1125066], [113.243063, 23.1126051], [113.2428806, 23.1126125]]]}}, {"type": "Feature", "id": 933953378, "properties": {"id": "933953378", "levels": 31, "levels_estimated": false, "height": 93, "building": "apartments", "name": null}, "geometry": {"type": "Polygon", "coordinates": [[[113.2424569, 23.1177956], [113.24173, 23.1175464], [113.2417084, 23.117492], [113.241813, 23.1172133], [113.2423501, 23.1174203], [113.2424895, 23.1174741], [113.2425174, 23.1175004], [113.2425399, 23.1175216], [113.242556, 23.1175759], [113.2425533, 23.1176228], [113.2424569, 23.1177956]]]}}, {"type": "Feature", "id": 934147701, "properties": {"id": "934147701", "levels": 1, "levels_estimated": false, "height": 3, "building": "retail", "name": null}, "geometry": {"type": "Polygon", "coordinates": [[[113.2366765, 23.119311], [113.2367582, 23.1193043], [113.236708, 23.1186737], [113.2366205, 23.1186802], [113.2366765, 23.119311]]]}}, {"type": "Feature", "id": 934152235, "properties": {"id": "934152235", "levels": 9, "levels_estimated": false, "height": 27, "building": "residential", "name": null}, "geometry": {"type": "Polygon", "coordinates": [[[113.2394935, 23.1176496], [113.2399317, 23.1177508], [113.2399556, 23.1176631], [113.2395175, 23.1175619], [113.2394935, 23.1176496]]]}}, {"type": "Feature", "id": 934152236, "properties": {"id": "934152236", "levels": 9, "levels_estimated": false, "height": 27, "building": "residential", "name": null}, "geometry": {"type": "Polygon", "coordinates": [[[113.2395897, 23.1174782], [113.2399823, 23.1175794], [113.2400049, 23.1175052], [113.2396123, 23.1174039], [113.2395897, 23.1174782]]]}}, {"type": "Feature", "id": 934152237, "properties": {"id": "934152237", "levels": 3, "levels_estimated": false, "height": 9, "building": "yes", "name": null}, "geometry": {"type": "Polygon", "coordinates": [[[113.2392998, 23.1179829], [113.2398524, 23.1180988], [113.2400482, 23.1174574], [113.2396087, 23.1173562], [113.2394366, 23.1175931], [113.2392998, 23.1179829]]]}}, {"type": "Feature", "id": 934152238, "properties": {"id": "934152238", "levels": 9, "levels_estimated": false, "height": 27, "building": "residential", "name": null}, "geometry": {"type": "Polygon", "coordinates": [[[113.2393348, 23.117975], [113.239831, 23.1180835], [113.2398605, 23.1179972], [113.2393616, 23.117896], [113.2393348, 23.117975]]]}}, {"type": "Feature", "id": 934152239, "properties": {"id": "934152239", "levels": 9, "levels_estimated": false, "height": 27, "building": "residential", "name": null}, "geometry": {"type": "Polygon", "coordinates": [[[113.2393727, 23.1178136], [113.2398808, 23.1179165], [113.239903, 23.1178239], [113.2393948, 23.117721], [113.2393727, 23.1178136]]]}}, {"type": "Feature", "id": 934153415, "properties": {"id": "934153415", "levels": 15, "levels_estimated": false, "height": 45, "building": "residential", "name": "荔景华庭"}, "geometry": {"type": "Polygon", "coordinates": [[[113.2403138, 23.1155131], [113.2404882, 23.115555], [113.240566, 23.1155353], [113.2406437, 23.1154909], [113.2406813, 23.1154933], [113.2407108, 23.1153552], [113.2406142, 23.1153379], [113.2406142, 23.1152861], [113.2407135, 23.1152886], [113.240743, 23.11518], [113.2406411, 23.1151726], [113.2406545, 23.1151184], [113.2407457, 23.1151184], [113.2407805, 23.1149605], [113.2407698, 23.1149112], [113.2407162, 23.1148519], [113.2406679, 23.1148322], [113.2405713, 23.1148297], [113.2405579, 23.1148815], [113.2405123, 23.114884], [113.2405177, 23.1148248], [113.2404426, 23.1148248], [113.2403782, 23.1148248], [113.2403085, 23.1148544], [113.2402816, 23.1149038], [113.2402602, 23.1149408], [113.2402495, 23.1150518], [113.2403433, 23.115069], [113.2403326, 23.1151184], [113.2402495, 23.1151184], [113.2402387, 23.1152368], [113.2403246, 23.1152466], [113.2403138, 23.1153083], [113.2402173, 23.1153009], [113.2402092, 23.1153503], [113.2402173, 23.1153971], [113.2402468, 23.1154415], [113.2402736, 23.1154933], [113.2403138, 23.1155131]]]}}, {"type": "Feature", "id": 934153416, "properties": {"id": "934153416", "levels": 4, "levels_estimated": false, "height": 12, "building": "yes", "name": null}, "geometry": {"type": "Polygon", "coordinates": [[[113.240311, 23.1155777], [113.2402466, 23.1155432], [113.2402037, 23.1154963], [113.2401689, 23.1154371], [113.240201, 23.1149536], [113.2402466, 23.1148623], [113.2403137, 23.1148105], [113.2404103, 23.1147858], [113.2405794, 23.1147705], [113.2407162, 23.1148026], [113.2407966, 23.1148396], [113.240826, 23.1149412], [113.240751, 23.1154144], [113.2407188, 23.1155106], [113.2406706, 23.1155673], [113.2405578, 23.115627], [113.240311, 23.1155777]]]}}, {"type": "Feature", "id": 934154748, "properties": {"id": "934154748", "levels": 7, "levels_estimated": false, "height": 21, "building": "wholesale", "name": "广州南太日用品批发市场"}, "geometry": {"type": "Polygon", "coordinates": [[[113.2451969, 23.1110268], [113.2452174, 23.11077], [113.2459048, 23.1107902], [113.2458882, 23.1110482], [113.2451969, 23.1110268]]]}}, {"type": "Feature", "id": 934154749, "properties": {"id": "934154749", "levels": 7, "levels_estimated": false, "height": 21, "building": "wholesale", "name": "广州岭南国际电子数码广场"}, "geometry": {"type": "Polygon", "coordinates": [[[113.2447574, 23.1109173], [113.2449333, 23.1109204], [113.2449884, 23.1108645], [113.2450322, 23.1106036], [113.2450384, 23.1103171], [113.2446952, 23.1103025], [113.2446929, 23.1106753], [113.2447662, 23.1106798], [113.2447574, 23.1109173]]]}}, {"type": "Feature", "id": 934154750, "properties": {"id": "934154750", "levels": 10, "levels_estimated": false, "height": 30, "building": "wholesale", "name": null}, "geometry": {"type": "Polygon", "coordinates": [[[113.2452769, 23.1107343], [113.2453236, 23.1102889], [113.2455158, 23.1103069], [113.2454727, 23.1107498], [113.2452769, 23.1107343]]]}}, {"type": "Feature", "id": 934155797, "properties": {"id": "934155797", "levels": 8, "levels_estimated": false, "height": 24, "building": "residential", "name": null}, "geometry": {"type": "Polygon", "coordinates": [[[113.2463916, 23.1101529], [113.2464373, 23.1100686], [113.2465124, 23.1100439], [113.2466705, 23.1101011], [113.2466384, 23.1101924], [113.246523, 23.1101505], [113.2465016, 23.1101949], [113.2463916, 23.1101529]]]}}, {"type": "Feature", "id": 934157688, "properties": {"id": "934157688", "levels": 6, "levels_estimated": false, "height": 18, "building": "yes", "name": null}, "geometry": {"type": "Polygon", "coordinates": [[[113.2484014, 23.1121424], [113.2484783, 23.1114111], [113.2486609, 23.1114254], [113.2485725, 23.112155], [113.2484014, 23.1121424]]]}}, {"type": "Feature", "id": 934157689, "properties": {"id": "934157689", "levels": 7, "levels_estimated": false, "height": 21, "building": "wholesale", "name": null}, "geometry": {"type": "Polygon", "coordinates": [[[113.248098, 23.1116673], [113.2484354, 23.111687], [113.2484559, 23.1113904], [113.2482862, 23.1113805], [113.2482831, 23.1114266], [113.2481153, 23.1114168], [113.248098, 23.1116673]]]}}, {"type": "Feature", "id": 934158647, "properties": {"id": "934158647", "levels": 4, "levels_estimated": false, "height": 12, "building": "residential", "name": null}, "geometry": {"type": "Polygon", "coordinates": [[[113.2497472, 23.1117054], [113.250124, 23.1117408], [113.2500886, 23.1121619], [113.2497013, 23.1121402], [113.2497472, 23.1117054]]]}}, {"type": "Feature", "id": 934160028, "properties": {"id": "934160028", "levels": 5, "levels_estimated": false, "height": 15, "building": "office", "name": "同发制衣企业有限公司"}, "geometry": {"type": "Polygon", "coordinates": [[[113.2520618, 23.1134389], [113.2521558, 23.1134631], [113.2522603, 23.1131429], [113.2521664, 23.1131009], [113.2520618, 23.1134389]]]}}, {"type": "Feature", "id": 934160400, "properties": {"id": "934160400", "levels": 4, "levels_estimated": false, "height": 12, "building": "residential", "name": null}, "geometry": {"type": "Polygon", "coordinates": [[[113.2524131, 23.1135499], [113.2525285, 23.1132835], [113.2527459, 23.1133693], [113.2527033, 23.1134839], [113.252571, 23.1134416], [113.2525125, 23.1135716], [113.2524131, 23.1135499]]]}}, {"type": "Feature", "id": 934721357, "properties": {"id": "934721357", "levels": 2, "levels_estimated": false, "height": 6, "building": "yes", "name": null}, "geometry": {"type": "Polygon", "coordinates": [[[113.2467725, 23.1074689], [113.2467349, 23.1075182], [113.2466705, 23.1077945], [113.2468878, 23.1078438], [113.2470219, 23.1078685], [113.2471077, 23.1075478], [113.2467725, 23.1074689]]]}}, {"type": "Feature", "id": 934722841, "properties": {"id": "934722841", "levels": 1, "levels_estimated": false, "height": 3, "building": "yes", "name": null}, "geometry": {"type": "Polygon", "coordinates": [[[113.2470434, 23.1078833], [113.2472312, 23.1079694], [113.2472928, 23.1079351], [113.2473974, 23.1076144], [113.2471319, 23.1075675], [113.2470434, 23.1078833]]]}}, {"type": "Feature", "id": 934722842, "properties": {"id": "934722842", "levels": 8, "levels_estimated": false, "height": 24, "building": "yes", "name": "喜捷来国际商贸中心"}, "geometry": {"type": "Polygon", "coordinates": [[[113.2473062, 23.1080091], [113.2474135, 23.1076095], [113.2475612, 23.1076462], [113.2474755, 23.107874], [113.2474151, 23.1080343], [113.2474108, 23.1080461], [113.247404, 23.1080439], [113.2473062, 23.1080091]]]}}, {"type": "Feature", "id": 934722935, "properties": {"id": "934722935", "levels": 6, "levels_estimated": false, "height": 18, "building": "residential", "name": null}, "geometry": {"type": "Polygon", "coordinates": [[[113.247374, 23.1081092], [113.2480382, 23.1083674], [113.2480736, 23.1082903], [113.2474151, 23.1080343], [113.2474094, 23.1080321], [113.247404, 23.1080439], [113.247374, 23.1081092]]]}}, {"type": "Feature", "id": 934723224, "properties": {"id": "934723224", "levels": 8, "levels_estimated": false, "height": 24, "building": "residential", "name": null}, "geometry": {"type": "Polygon", "coordinates": [[[113.2485806, 23.1085655], [113.2486254, 23.1084664], [113.2489131, 23.1085767], [113.2488682, 23.1086757], [113.2485806, 23.1085655]]]}}, {"type": "Feature", "id": 934723225, "properties": {"id": "934723225", "levels": 8, "levels_estimated": false, "height": 24, "building": "residential", "name": null}, "geometry": {"type": "Polygon", "coordinates": [[[113.2480506, 23.1083758], [113.2481056, 23.1082554], [113.2485901, 23.1084427], [113.2485351, 23.1085631], [113.2480506, 23.1083758]]]}}, {"type": "Feature", "id": 934723754, "properties": {"id": "934723754", "levels": 6, "levels_estimated": false, "height": 18, "building": "residential", "name": null}, "geometry": {"type": "Polygon", "coordinates": [[[113.2474725, 23.1079562], [113.2478047, 23.1080363], [113.2478329, 23.1079376], [113.2475006, 23.1078574], [113.2474725, 23.1079562]]]}}, {"type": "Feature", "id": 934725482, "properties": {"id": "934725482", "levels": 40, "levels_estimated": false, "height": 120, "building": "apartments", "name": null}, "geometry": {"type": "Polygon", "coordinates": [[[113.2550311, 23.1094545], [113.2549882, 23.1092226], [113.2551813, 23.109198], [113.2550901, 23.1088773], [113.2552403, 23.1088427], [113.2551974, 23.1085862], [113.2553101, 23.1085615], [113.255235, 23.1083], [113.2555515, 23.1082112], [113.2557446, 23.1082654], [113.2557875, 23.1084135], [113.2554549, 23.1085023], [113.2555515, 23.1088033], [113.255353, 23.1088477], [113.2554442, 23.1091141], [113.255353, 23.1094249], [113.2550311, 23.1094545]]]}}, {"type": "Feature", "id": 937785800, "properties": {"id": "937785800", "levels": 26, "levels_estimated": false, "height": 78, "building": "office", "name": "和业广场"}, "geometry": {"type": "Polygon", "coordinates": [[[113.242103, 23.1251734], [113.2420827, 23.1248332], [113.2425878, 23.1248078], [113.242608, 23.1251481], [113.242103, 23.1251734]]]}}, {"type": "Feature", "id": 940518456, "properties": {"id": "940518456", "levels": 6, "levels_estimated": false, "height": 18, "building": "yes", "name": null}, "geometry": {"type": "Polygon", "coordinates": [[[113.2435491, 23.1061648], [113.2429078, 23.1059574], [113.242919, 23.105883], [113.2435898, 23.1060582], [113.2435491, 23.1061648]]]}}, {"type": "Feature", "id": 940666058, "properties": {"id": "940666058", "levels": 3, "levels_estimated": false, "height": 9, "building": "retail", "name": null}, "geometry": {"type": "Polygon", "coordinates": [[[113.2361101, 23.1160959], [113.2363354, 23.116079], [113.2364879, 23.1160818], [113.2365354, 23.1160365], [113.236558, 23.1158887], [113.2363812, 23.1159233], [113.2362931, 23.1158639], [113.2360904, 23.1159034], [113.2361101, 23.1160959]]]}}, {"type": "Feature", "id": 941077955, "properties": {"id": "941077955", "levels": 5, "levels_estimated": true, "height": 15, "building": "yes", "name": null}, "geometry": {"type": "Polygon", "coordinates": [[[113.238986, 23.1125261], [113.2388707, 23.1120179], [113.2391283, 23.1119735], [113.2392383, 23.1124792], [113.238986, 23.1125261]]]}}, {"type": "Feature", "id": 941081778, "properties": {"id": "941081778", "levels": 7, "levels_estimated": false, "height": 21, "building": "residential", "name": null}, "geometry": {"type": "Polygon", "coordinates": [[[113.2435387, 23.1054494], [113.2438035, 23.1055261], [113.2438272, 23.1054567], [113.2435625, 23.10538], [113.2435387, 23.1054494]]]}}, {"type": "Feature", "id": 941081779, "properties": {"id": "941081779", "levels": 7, "levels_estimated": false, "height": 21, "building": "residential", "name": null}, "geometry": {"type": "Polygon", "coordinates": [[[113.2438412, 23.1055236], [113.2440305, 23.1055672], [113.2441185, 23.1052443], [113.2439292, 23.1052006], [113.2438412, 23.1055236]]]}}, {"type": "Feature", "id": 941086681, "properties": {"id": "941086681", "levels": 5, "levels_estimated": false, "height": 15, "building": "commercial", "name": null}, "geometry": {"type": "Polygon", "coordinates": [[[113.2594149, 23.1188106], [113.2595575, 23.1189016], [113.259438, 23.11906], [113.2592955, 23.1189691], [113.2594149, 23.1188106]]]}}, {"type": "Feature", "id": 941088161, "properties": {"id": "941088161", "levels": 3, "levels_estimated": false, "height": 9, "building": "commercial", "name": null}, "geometry": {"type": "Polygon", "coordinates": [[[113.2601057, 23.11894], [113.2599528, 23.1188364], [113.2598752, 23.1188487], [113.2597517, 23.1190559], [113.2599555, 23.1191792], [113.2601057, 23.11894]]]}}, {"type": "Feature", "id": 941088314, "properties": {"id": "941088314", "levels": 5, "levels_estimated": false, "height": 15, "building": "commercial", "name": null}, "geometry": {"type": "Polygon", "coordinates": [[[113.2594674, 23.1193199], [113.2595077, 23.1192853], [113.2595586, 23.1192829], [113.259733, 23.1193815], [113.2596445, 23.1195221], [113.2594405, 23.1194013], [113.2594674, 23.1193199]]]}}, {"type": "Feature", "id": 942147730, "properties": {"id": "942147730", "levels": 5, "levels_estimated": false, "height": 15, "building": "commercial", "name": null}, "geometry": {"type": "Polygon", "coordinates": [[[113.2380283, 23.1090769], [113.2380241, 23.1089313], [113.2384249, 23.1089216], [113.2384291, 23.1090671], [113.2381144, 23.1090748], [113.2380283, 23.1090769]]]}}, {"type": "Feature", "id": 942148037, "properties": {"id": "942148037", "levels": 7, "levels_estimated": false, "height": 21, "building": "apartments", "name": null}, "geometry": {"type": "Polygon", "coordinates": [[[113.2380269, 23.1092686], [113.2383881, 23.1092615], [113.2383851, 23.1091281], [113.2381063, 23.1091335], [113.2380238, 23.1091352], [113.2380269, 23.1092686]]]}}, {"type": "Feature", "id": 942148038, "properties": {"id": "942148038", "levels": 3, "levels_estimated": true, "height": 9, "building": "retail", "name": null}, "geometry": {"type": "Polygon", "coordinates": [[[113.2380238, 23.1091352], [113.2380283, 23.1090769], [113.2381144, 23.1090748], [113.2381063, 23.1091335], [113.2380238, 23.1091352]]]}}, {"type": "Feature", "id": 942148230, "properties": {"id": "942148230", "levels": 4, "levels_estimated": false, "height": 12, "building": "commercial", "name": null}, "geometry": {"type": "Polygon", "coordinates": [[[113.2384543, 23.1093081], [113.2386876, 23.1093032], [113.2386858, 23.1092323], [113.2387596, 23.1092308], [113.2387521, 23.1089217], [113.2384449, 23.1089281], [113.2384543, 23.1093081]]]}}, {"type": "Feature", "id": 942148904, "properties": {"id": "942148904", "levels": 2, "levels_estimated": false, "height": 6, "building": "yes", "name": null}, "geometry": {"type": "Polygon", "coordinates": [[[113.2404983, 23.1087687], [113.2408938, 23.1087585], [113.2408915, 23.1086831], [113.240496, 23.1086933], [113.2404983, 23.1087687]]]}}, {"type": "Feature", "id": 942149624, "properties": {"id": "942149624", "levels": 5, "levels_estimated": false, "height": 15, "building": "residential", "name": null}, "geometry": {"type": "Polygon", "coordinates": [[[113.2407763, 23.1089519], [113.2407741, 23.1088779], [113.2409833, 23.1088725], [113.2409855, 23.1089465], [113.2407763, 23.1089519]]]}}, {"type": "Feature", "id": 942149625, "properties": {"id": "942149625", "levels": 3, "levels_estimated": false, "height": 9, "building": "yes", "name": null}, "geometry": {"type": "Polygon", "coordinates": [[[113.240513, 23.1090017], [113.2405065, 23.1088785], [113.2407332, 23.1088684], [113.2407397, 23.1089917], [113.240513, 23.1090017]]]}}, {"type": "Feature", "id": 942151829, "properties": {"id": "942151829", "levels": 5, "levels_estimated": true, "height": 15, "building": "yes", "name": null}, "geometry": {"type": "Polygon", "coordinates": [[[113.2361655, 23.1103459], [113.2364165, 23.1103331], [113.2363991, 23.1100454], [113.2361482, 23.1100582], [113.2361655, 23.1103459]]]}}, {"type": "Feature", "id": 942152101, "properties": {"id": "942152101", "levels": 5, "levels_estimated": true, "height": 15, "building": "yes", "name": null}, "geometry": {"type": "Polygon", "coordinates": [[[113.2374438, 23.110756], [113.2376343, 23.110745], [113.2376114, 23.1104102], [113.2374209, 23.1104212], [113.2374438, 23.110756]]]}}, {"type": "Feature", "id": 942615447, "properties": {"id": "942615447", "levels": 9, "levels_estimated": false, "height": 27, "building": "residential", "name": null}, "geometry": {"type": "Polygon", "coordinates": [[[113.2377065, 23.1171026], [113.2376953, 23.116906], [113.2382964, 23.1168769], [113.2383076, 23.1170735], [113.2377065, 23.1171026]]]}}, {"type": "Feature", "id": 942615448, "properties": {"id": "942615448", "levels": 9, "levels_estimated": false, "height": 27, "building": "residential", "name": null}, "geometry": {"type": "Polygon", "coordinates": [[[113.237719, 23.1176814], [113.2383101, 23.1176538], [113.2382982, 23.1174365], [113.2377071, 23.117464], [113.237719, 23.1176814]]]}}, {"type": "Feature", "id": 942615449, "properties": {"id": "942615449", "levels": 9, "levels_estimated": false, "height": 27, "building": "residential", "name": null}, "geometry": {"type": "Polygon", "coordinates": [[[113.2377558, 23.1168054], [113.2377583, 23.1166024], [113.2383098, 23.1166082], [113.2383073, 23.1168112], [113.2377558, 23.1168054]]]}}, {"type": "Feature", "id": 942615450, "properties": {"id": "942615450", "levels": 9, "levels_estimated": false, "height": 27, "building": "residential", "name": null}, "geometry": {"type": "Polygon", "coordinates": [[[113.2377436, 23.1173794], [113.2377341, 23.1172014], [113.2383023, 23.1171756], [113.2383118, 23.1173536], [113.2377436, 23.1173794]]]}}, {"type": "Feature", "id": 942620485, "properties": {"id": "942620485", "levels": 1, "levels_estimated": false, "height": 3, "building": "commercial", "name": null}, "geometry": {"type": "Polygon", "coordinates": [[[113.2361268, 23.1240265], [113.2363655, 23.1239747], [113.2362662, 23.1236417], [113.2366633, 23.123201], [113.2366633, 23.1231517], [113.2364433, 23.1231039], [113.2360425, 23.1236949], [113.2361268, 23.1240265]]]}}, {"type": "Feature", "id": 942624490, "properties": {"id": "942624490", "levels": 21, "levels_estimated": false, "height": 63, "building": "apartments", "name": null}, "geometry": {"type": "Polygon", "coordinates": [[[113.2435678, 23.1153612], [113.2439939, 23.1154293], [113.2440755, 23.1149973], [113.2436493, 23.1149293], [113.2435678, 23.1153612]]]}}, {"type": "Feature", "id": 942880490, "properties": {"id": "942880490", "levels": 3, "levels_estimated": false, "height": 9, "building": "wholesale", "name": "滨滨电子城"}, "geometry": {"type": "Polygon", "coordinates": [[[113.2433044, 23.1121362], [113.2434332, 23.1121434], [113.2434733, 23.1116527], [113.2434519, 23.1115861], [113.2434036, 23.1115343], [113.2433259, 23.1115193], [113.2432856, 23.1115269], [113.2433044, 23.1121362]]]}}, {"type": "Feature", "id": 942880812, "properties": {"id": "942880812", "levels": 4, "levels_estimated": false, "height": 12, "building": "yes", "name": "穗华口腔荔湾院区"}, "geometry": {"type": "Polygon", "coordinates": [[[113.2429618, 23.1118174], [113.2432109, 23.1118183], [113.2432121, 23.1115427], [113.2428425, 23.1115413], [113.2428417, 23.1117104], [113.2429623, 23.1117109], [113.2429618, 23.1118174]]]}}, {"type": "Feature", "id": 942884683, "properties": {"id": "942884683", "levels": 3, "levels_estimated": false, "height": 9, "building": "terrace", "name": null}, "geometry": {"type": "Polygon", "coordinates": [[[113.2593631, 23.1119017], [113.2590875, 23.1118385], [113.259114, 23.1117406], [113.2593896, 23.1118037], [113.2593631, 23.1119017]]]}}, {"type": "Feature", "id": 942884713, "properties": {"id": "942884713", "levels": 2, "levels_estimated": false, "height": 6, "building": "terrace", "name": null}, "geometry": {"type": "Polygon", "coordinates": [[[113.2590705, 23.1117659], [113.2589257, 23.111724], [113.2588828, 23.1116895], [113.2586575, 23.1116253], [113.2586789, 23.1115513], [113.2589176, 23.1116056], [113.2589793, 23.1116525], [113.2590944, 23.1116794], [113.2590705, 23.1117659]]]}}, {"type": "Feature", "id": 942884908, "properties": {"id": "942884908", "levels": 2, "levels_estimated": false, "height": 6, "building": "retail", "name": null}, "geometry": {"type": "Polygon", "coordinates": [[[113.259285, 23.112674], [113.2593466, 23.1124865], [113.2593493, 23.1123731], [113.2592447, 23.1122645], [113.2592099, 23.112299], [113.2591026, 23.1125975], [113.2591455, 23.1126543], [113.259285, 23.112674]]]}}, {"type": "Feature", "id": 943326154, "properties": {"id": "943326154", "levels": 6, "levels_estimated": false, "height": 18, "building": "yes", "name": null}, "geometry": {"type": "Polygon", "coordinates": [[[113.2484031, 23.1121963], [113.2485581, 23.1122174], [113.2484499, 23.1128864], [113.2482951, 23.1128653], [113.2484031, 23.1121963]]]}}, {"type": "Feature", "id": 943326944, "properties": {"id": "943326944", "levels": 6, "levels_estimated": true, "height": 18, "building": "apartments", "name": null}, "geometry": {"type": "Polygon", "coordinates": [[[113.2498728, 23.1183906], [113.2506164, 23.118573], [113.2506906, 23.1183169], [113.249947, 23.1181346], [113.2498728, 23.1183906]]]}}, {"type": "Feature", "id": 943327062, "properties": {"id": "943327062", "levels": 7, "levels_estimated": false, "height": 21, "building": "yes", "name": "仁爱楼"}, "geometry": {"type": "Polygon", "coordinates": [[[113.2493782, 23.1182691], [113.249709, 23.1183609], [113.2498055, 23.1180671], [113.2494746, 23.1179752], [113.2493782, 23.1182691]]]}}, {"type": "Feature", "id": 943327238, "properties": {"id": "943327238", "levels": 6, "levels_estimated": true, "height": 18, "building": "apartments", "name": null}, "geometry": {"type": "Polygon", "coordinates": [[[113.2489637, 23.1196853], [113.2486042, 23.1196695], [113.2485908, 23.1199295], [113.2489502, 23.1199453], [113.2489637, 23.1196853]]]}}, {"type": "Feature", "id": 943327240, "properties": {"id": "943327240", "levels": 6, "levels_estimated": true, "height": 18, "building": "apartments", "name": null}, "geometry": {"type": "Polygon", "coordinates": [[[113.2471827, 23.1185157], [113.2475153, 23.1185502], [113.2475263, 23.1184834], [113.2474405, 23.1182712], [113.2472256, 23.1182542], [113.2471827, 23.1185157]]]}}, {"type": "Feature", "id": 943327735, "properties": {"id": "943327735", "levels": 8, "levels_estimated": true, "height": 24, "building": "hospital", "name": null}, "geometry": {"type": "Polygon", "coordinates": [[[113.2484356, 23.1221966], [113.24912, 23.1220532], [113.2490736, 23.1218662], [113.2486081, 23.1219638], [113.2485725, 23.1218198], [113.2485172, 23.1218314], [113.2484913, 23.1217267], [113.2481584, 23.1217964], [113.2481955, 23.1219462], [113.2481344, 23.121959], [113.2481602, 23.1220633], [113.2480736, 23.1220814], [113.2478768, 23.1221227], [113.2479231, 23.1223095], [113.2482404, 23.122243], [113.2482155, 23.1221424], [113.248412, 23.1221012], [113.2484356, 23.1221966]]]}}, {"type": "Feature", "id": 943328139, "properties": {"id": "943328139", "levels": 6, "levels_estimated": true, "height": 18, "building": "apartments", "name": null}, "geometry": {"type": "Polygon", "coordinates": [[[113.2458416, 23.1223441], [113.2458258, 23.1221441], [113.2463193, 23.1221145], [113.2463244, 23.1223244], [113.2458416, 23.1223441]]]}}, {"type": "Feature", "id": 943328140, "properties": {"id": "943328140", "levels": 6, "levels_estimated": true, "height": 18, "building": "apartments", "name": null}, "geometry": {"type": "Polygon", "coordinates": [[[113.248567, 23.1244036], [113.2488728, 23.1243493], [113.2488137, 23.1241076], [113.2485026, 23.1241668], [113.248567, 23.1244036]]]}}, {"type": "Feature", "id": 943328194, "properties": {"id": "943328194", "levels": 6, "levels_estimated": true, "height": 18, "building": "apartments", "name": null}, "geometry": {"type": "Polygon", "coordinates": [[[113.2474916, 23.1253149], [113.2471913, 23.125375], [113.2470079, 23.124601], [113.2473081, 23.1245408], [113.2474916, 23.1253149]]]}}, {"type": "Feature", "id": 943330766, "properties": {"id": "943330766", "levels": 5, "levels_estimated": true, "height": 15, "building": "yes", "name": null}, "geometry": {"type": "Polygon", "coordinates": [[[113.2461903, 23.1216485], [113.2462281, 23.1213547], [113.2456163, 23.1213476], [113.2456377, 23.1217669], [113.2460511, 23.1217494], [113.2461903, 23.1216485]]]}}, {"type": "Feature", "id": 943595618, "properties": {"id": "943595618", "levels": 5, "levels_estimated": true, "height": 15, "building": "yes", "name": null}, "geometry": {"type": "Polygon", "coordinates": [[[113.2595423, 23.1132169], [113.2596228, 23.1130788], [113.26002, 23.1132458], [113.2599503, 23.1133987], [113.2595423, 23.1132169]]]}}, {"type": "Feature", "id": 943813766, "properties": {"id": "943813766", "levels": 4, "levels_estimated": false, "height": 12, "building": "hospital", "name": null}, "geometry": {"type": "Polygon", "coordinates": [[[113.2575133, 23.115113], [113.2575845, 23.1149116], [113.2577905, 23.1149732], [113.2577192, 23.1151746], [113.2575133, 23.115113]]]}}, {"type": "Feature", "id": 943813767, "properties": {"id": "943813767", "levels": 8, "levels_estimated": true, "height": 24, "building": "hospital", "name": null}, "geometry": {"type": "Polygon", "coordinates": [[[113.2574948, 23.1151173], [113.2575644, 23.1149049], [113.2574616, 23.1148764], [113.257392, 23.1150888], [113.2574948, 23.1151173]]]}}, {"type": "Feature", "id": 943814463, "properties": {"id": "943814463", "levels": 12, "levels_estimated": false, "height": 36, "building": "commercial", "name": null}, "geometry": {"type": "Polygon", "coordinates": [[[113.2557001, 23.1141845], [113.2558368, 23.113925], [113.2556934, 23.1138611], [113.2556113, 23.1140169], [113.2554855, 23.1139609], [113.2554371, 23.1140528], [113.2555998, 23.1141254], [113.2555896, 23.1141446], [113.2556019, 23.1141679], [113.2556559, 23.1141969], [113.2557001, 23.1141845]]]}}, {"type": "Feature", "id": 943814466, "properties": {"id": "943814466", "levels": 9, "levels_estimated": false, "height": 27, "building": "hospital", "name": null}, "geometry": {"type": "Polygon", "coordinates": [[[113.2557085, 23.1142359], [113.2563871, 23.1144209], [113.2565375, 23.1141667], [113.2558936, 23.1138807], [113.2557085, 23.1142359]]]}}, {"type": "Feature", "id": 943814939, "properties": {"id": "943814939", "levels": 4, "levels_estimated": false, "height": 12, "building": "commercial", "name": null}, "geometry": {"type": "Polygon", "coordinates": [[[113.2556354, 23.1139616], [113.255311, 23.1138119], [113.255367, 23.1137092], [113.2556914, 23.1138588], [113.2556354, 23.1139616]]]}}, {"type": "Feature", "id": 943815006, "properties": {"id": "943815006", "levels": 10, "levels_estimated": false, "height": 30, "building": "residential", "name": null}, "geometry": {"type": "Polygon", "coordinates": [[[113.2550501, 23.1137954], [113.2552119, 23.1138628], [113.2552533, 23.1137785], [113.2551828, 23.1137492], [113.2552401, 23.1136329], [113.2551489, 23.1135949], [113.2550501, 23.1137954]]]}}, {"type": "Feature", "id": 944329422, "properties": {"id": "944329422", "levels": 6, "levels_estimated": false, "height": 18, "building": "commercial", "name": null}, "geometry": {"type": "Polygon", "coordinates": [[[113.254062, 23.113339], [113.2542689, 23.1133595], [113.2545045, 23.1134336], [113.2546704, 23.1135365], [113.2548195, 23.1136532], [113.2546854, 23.1139216], [113.2539307, 23.1135926], [113.254062, 23.113339]]]}}, {"type": "Feature", "id": 944330789, "properties": {"id": "944330789", "levels": 4, "levels_estimated": false, "height": 12, "building": "commercial", "name": null}, "geometry": {"type": "Polygon", "coordinates": [[[113.2553178, 23.1141151], [113.2549606, 23.1139658], [113.2550175, 23.1138543], [113.2551666, 23.1139149], [113.2551838, 23.1138811], [113.2553936, 23.1139644], [113.2553178, 23.1141151]]]}}, {"type": "Feature", "id": 944333411, "properties": {"id": "944333411", "levels": 20, "levels_estimated": false, "height": 60, "building": "apartments", "name": "中庸·金寓"}, "geometry": {"type": "Polygon", "coordinates": [[[113.2533352, 23.1134646], [113.2536784, 23.1135994], [113.2537725, 23.1133822], [113.2534349, 23.1132507], [113.2533352, 23.1134646]]]}}, {"type": "Feature", "id": 944334671, "properties": {"id": "944334671", "levels": 8, "levels_estimated": false, "height": 24, "building": "office", "name": null}, "geometry": {"type": "Polygon", "coordinates": [[[113.2533878, 23.1130349], [113.2531932, 23.1129552], [113.2531021, 23.1131434], [113.253063, 23.1131274], [113.253037, 23.1131811], [113.2529485, 23.1131448], [113.2531335, 23.1127625], [113.2534558, 23.1128944], [113.2533878, 23.1130349]]]}}, {"type": "Feature", "id": 944335892, "properties": {"id": "944335892", "levels": 7, "levels_estimated": false, "height": 21, "building": "residential", "name": null}, "geometry": {"type": "Polygon", "coordinates": [[[113.2432952, 23.1124894], [113.2433196, 23.1122027], [113.2434468, 23.1122119], [113.2434224, 23.1124986], [113.2432952, 23.1124894]]]}}, {"type": "Feature", "id": 944335893, "properties": {"id": "944335893", "levels": 7, "levels_estimated": false, "height": 21, "building": "residential", "name": null}, "geometry": {"type": "Polygon", "coordinates": [[[113.2432781, 23.1120963], [113.2430886, 23.112101], [113.2430957, 23.1123449], [113.2432245, 23.1123418], [113.2432227, 23.1122807], [113.2432834, 23.1122792], [113.2432781, 23.1120963]]]}}, {"type": "Feature", "id": 944336103, "properties": {"id": "944336103", "levels": 7, "levels_estimated": false, "height": 21, "building": "residential", "name": null}, "geometry": {"type": "Polygon", "coordinates": [[[113.2426193, 23.1126089], [113.2428207, 23.112614], [113.242823, 23.1125347], [113.2427291, 23.1125323], [113.242737, 23.1122684], [113.2426297, 23.1122657], [113.2426193, 23.1126089]]]}}, {"type": "Feature", "id": 944336682, "properties": {"id": "944336682", "levels": 6, "levels_estimated": false, "height": 18, "building": "residential", "name": null}, "geometry": {"type": "Polygon", "coordinates": [[[113.2428162, 23.1117022], [113.2421215, 23.111717], [113.2421188, 23.1115591], [113.2428162, 23.1115517], [113.2428162, 23.1117022]]]}}, {"type": "Feature", "id": 944348111, "properties": {"id": "944348111", "levels": 3, "levels_estimated": false, "height": 9, "building": "commercial", "name": "广州酒家"}, "geometry": {"type": "Polygon", "coordinates": [[[113.2407697, 23.1164361], [113.2406463, 23.1163769], [113.2406008, 23.1163837], [113.2403459, 23.1166014], [113.2403868, 23.1166145], [113.2406437, 23.116697], [113.2407106, 23.1165584], [113.2407697, 23.1164361]]]}}, {"type": "Feature", "id": 945124735, "properties": {"id": "945124735", "levels": 4, "levels_estimated": false, "height": 12, "building": "retail", "name": null}, "geometry": {"type": "Polygon", "coordinates": [[[113.2575362, 23.116821], [113.2576489, 23.1168607], [113.2576944, 23.1166187], [113.2576005, 23.1165989], [113.2575362, 23.116821]]]}}, {"type": "Feature", "id": 945124736, "properties": {"id": "945124736", "levels": 4, "levels_estimated": false, "height": 12, "building": "retail", "name": null}, "geometry": {"type": "Polygon", "coordinates": [[[113.2571258, 23.1167247], [113.2573298, 23.1167694], [113.2573915, 23.116577], [113.2571821, 23.1165447], [113.2571258, 23.1167247]]]}}, {"type": "Feature", "id": 945124737, "properties": {"id": "945124737", "levels": 2, "levels_estimated": false, "height": 6, "building": "retail", "name": null}, "geometry": {"type": "Polygon", "coordinates": [[[113.2575093, 23.1168058], [113.2573591, 23.1167614], [113.2573994, 23.1166084], [113.2575576, 23.1166282], [113.2575093, 23.1168058]]]}}, {"type": "Feature", "id": 945125247, "properties": {"id": "945125247", "levels": 6, "levels_estimated": false, "height": 18, "building": "commercial", "name": null}, "geometry": {"type": "Polygon", "coordinates": [[[113.2570963, 23.1167149], [113.2568629, 23.1166581], [113.2569462, 23.1164413], [113.257083, 23.1164783], [113.2570346, 23.1166187], [113.2571205, 23.1166362], [113.2570963, 23.1167149]]]}}, {"type": "Feature", "id": 945125248, "properties": {"id": "945125248", "levels": 6, "levels_estimated": false, "height": 18, "building": "commercial", "name": null}, "geometry": {"type": "Polygon", "coordinates": [[[113.2568495, 23.1166606], [113.2568899, 23.1165474], [113.2566403, 23.1164682], [113.2565653, 23.1164561], [113.2565197, 23.116535], [113.2566215, 23.1165891], [113.2568495, 23.1166606]]]}}, {"type": "Feature", "id": 945125249, "properties": {"id": "945125249", "levels": 5, "levels_estimated": false, "height": 15, "building": "retail", "name": null}, "geometry": {"type": "Polygon", "coordinates": [[[113.2563495, 23.1163231], [113.2563318, 23.1163893], [113.2563909, 23.1164287], [113.2565008, 23.1165175], [113.2565545, 23.1163893], [113.2563495, 23.1163231]]]}}, {"type": "Feature", "id": 945125301, "properties": {"id": "945125301", "levels": 7, "levels_estimated": false, "height": 21, "building": "commercial", "name": null}, "geometry": {"type": "Polygon", "coordinates": [[[113.2563238, 23.1163917], [113.2562728, 23.1163597], [113.2562058, 23.1163251], [113.2562058, 23.1162536], [113.2562192, 23.1161993], [113.256364, 23.1162363], [113.2563238, 23.1163917]]]}}, {"type": "Feature", "id": 945136662, "properties": {"id": "945136662", "levels": 4, "levels_estimated": false, "height": 12, "building": "wholesale", "name": "德丰大厦"}, "geometry": {"type": "Polygon", "coordinates": [[[113.2527287, 23.1154967], [113.25303, 23.1155703], [113.2533305, 23.1145391], [113.2529786, 23.114459], [113.2527915, 23.1151337], [113.2528196, 23.1151416], [113.2527567, 23.1154238], [113.2527287, 23.1154967]]]}}, {"type": "Feature", "id": 945237401, "properties": {"id": "945237401", "levels": 3, "levels_estimated": false, "height": 9, "building": "residential", "name": null}, "geometry": {"type": "Polygon", "coordinates": [[[113.2470045, 23.1074141], [113.2471602, 23.1074299], [113.24722, 23.1069303], [113.2470643, 23.1069146], [113.2470045, 23.1074141]]]}}, {"type": "Feature", "id": 945387036, "properties": {"id": "945387036", "levels": 28, "levels_estimated": false, "height": 84, "building": "office", "name": "金汇大厦"}, "geometry": {"type": "Polygon", "coordinates": [[[113.2567417, 23.1197726], [113.2570564, 23.1198026], [113.2570911, 23.119495], [113.2567764, 23.119465], [113.2567417, 23.1197726]]]}}, {"type": "Feature", "id": 945387116, "properties": {"id": "945387116", "levels": 15, "levels_estimated": false, "height": 45, "building": "office", "name": "丰铂大厦"}, "geometry": {"type": "Polygon", "coordinates": [[[113.2562972, 23.1194484], [113.2563268, 23.1192598], [113.2566578, 23.1193038], [113.2566285, 23.1194903], [113.2565218, 23.1194761], [113.2565332, 23.1194036], [113.256418, 23.1193883], [113.2564063, 23.1194629], [113.2562972, 23.1194484]]]}}, {"type": "Feature", "id": 945387794, "properties": {"id": "945387794", "levels": 9, "levels_estimated": false, "height": 27, "building": "apartments", "name": null}, "geometry": {"type": "Polygon", "coordinates": [[[113.2551971, 23.1193486], [113.2555973, 23.1194304], [113.2556585, 23.119177], [113.2552584, 23.1190952], [113.2551971, 23.1193486]]]}}, {"type": "Feature", "id": 945388339, "properties": {"id": "945388339", "levels": 9, "levels_estimated": false, "height": 27, "building": "apartments", "name": null}, "geometry": {"type": "Polygon", "coordinates": [[[113.2560554, 23.1198312], [113.2561033, 23.1196131], [113.2557072, 23.1195396], [113.2556594, 23.1197577], [113.2560554, 23.1198312]]]}}, {"type": "Feature", "id": 945390414, "properties": {"id": "945390414", "levels": 15, "levels_estimated": false, "height": 45, "building": "office", "name": "解放大厦"}, "geometry": {"type": "Polygon", "coordinates": [[[113.2567069, 23.1202033], [113.2568867, 23.1202127], [113.2568834, 23.1202669], [113.2570999, 23.1202782], [113.2571151, 23.1200326], [113.2567187, 23.1200119], [113.2567069, 23.1202033]]]}}, {"type": "Feature", "id": 945390926, "properties": {"id": "945390926", "levels": 9, "levels_estimated": false, "height": 27, "building": "yes", "name": "广州市公安局出入境管理处"}, "geometry": {"type": "Polygon", "coordinates": [[[113.2567582, 23.1207015], [113.2569942, 23.1207015], [113.257064, 23.1206719], [113.2571069, 23.1206077], [113.2571283, 23.1203512], [113.2567689, 23.1203216], [113.2567582, 23.1207015]]]}}, {"type": "Feature", "id": 945391047, "properties": {"id": "945391047", "levels": 9, "levels_estimated": false, "height": 27, "building": "apartments", "name": null}, "geometry": {"type": "Polygon", "coordinates": [[[113.2563704, 23.1202423], [113.2564, 23.1199735], [113.2566681, 23.1199985], [113.2566385, 23.1202673], [113.2563704, 23.1202423]]]}}, {"type": "Feature", "id": 945391048, "properties": {"id": "945391048", "levels": 9, "levels_estimated": false, "height": 27, "building": "apartments", "name": null}, "geometry": {"type": "Polygon", "coordinates": [[[113.2558505, 23.120635], [113.2559908, 23.1206421], [113.2560071, 23.1203688], [113.2558668, 23.1203617], [113.2558505, 23.120635]]]}}, {"type": "Feature", "id": 945391049, "properties": {"id": "945391049", "levels": 9, "levels_estimated": false, "height": 27, "building": "apartments", "name": null}, "geometry": {"type": "Polygon", "coordinates": [[[113.2560744, 23.1202295], [113.2563161, 23.1202448], [113.2563587, 23.1199581], [113.2561066, 23.1199285], [113.2560744, 23.1202295]]]}}, {"type": "Feature", "id": 945391050, "properties": {"id": "945391050", "levels": 9, "levels_estimated": false, "height": 27, "building": "apartments", "name": null}, "geometry": {"type": "Polygon", "coordinates": [[[113.2558492, 23.1202213], [113.2558868, 23.1199007], [113.2560641, 23.119916], [113.2560265, 23.1202366], [113.2558492, 23.1202213]]]}}, {"type": "Feature", "id": 945391206, "properties": {"id": "945391206", "levels": 9, "levels_estimated": false, "height": 27, "building": "apartments", "name": null}, "geometry": {"type": "Polygon", "coordinates": [[[113.2561079, 23.1198715], [113.25645, 23.1199131], [113.2564799, 23.1197053], [113.2561378, 23.1196637], [113.2561079, 23.1198715]]]}}, {"type": "Feature", "id": 945391428, "properties": {"id": "945391428", "levels": 7, "levels_estimated": false, "height": 21, "building": "apartments", "name": null}, "geometry": {"type": "Polygon", "coordinates": [[[113.2567594, 23.1211536], [113.2567706, 23.1210536], [113.2571579, 23.1210902], [113.2571467, 23.1211902], [113.2567594, 23.1211536]]]}}, {"type": "Feature", "id": 945391429, "properties": {"id": "945391429", "levels": 7, "levels_estimated": false, "height": 21, "building": "apartments", "name": null}, "geometry": {"type": "Polygon", "coordinates": [[[113.2567099, 23.1212935], [113.2567206, 23.1212096], [113.2563129, 23.121185], [113.2563129, 23.1212639], [113.2567099, 23.1212935]]]}}, {"type": "Feature", "id": 945391430, "properties": {"id": "945391430", "levels": 7, "levels_estimated": false, "height": 21, "building": "apartments", "name": null}, "geometry": {"type": "Polygon", "coordinates": [[[113.2567578, 23.1212967], [113.2567645, 23.1212335], [113.2571401, 23.1212672], [113.2571334, 23.1213304], [113.2567578, 23.1212967]]]}}, {"type": "Feature", "id": 945391431, "properties": {"id": "945391431", "levels": 7, "levels_estimated": false, "height": 21, "building": "apartments", "name": null}, "geometry": {"type": "Polygon", "coordinates": [[[113.2567206, 23.1211258], [113.2563183, 23.1211011], [113.256329, 23.1210074], [113.256726, 23.121032], [113.2567206, 23.1211258]]]}}, {"type": "Feature", "id": 945391510, "properties": {"id": "945391510", "levels": 3, "levels_estimated": false, "height": 9, "building": "terrace", "name": null}, "geometry": {"type": "Polygon", "coordinates": [[[113.2570908, 23.1210172], [113.2570696, 23.1208944], [113.2563451, 23.1208544], [113.2563505, 23.1209679], [113.2568386, 23.1209777], [113.2570908, 23.1210172]]]}}, {"type": "Feature", "id": 945535053, "properties": {"id": "945535053", "levels": 4, "levels_estimated": true, "height": 12, "building": "school", "name": null}, "geometry": {"type": "Polygon", "coordinates": [[[113.254316, 23.1184521], [113.2536473, 23.118327], [113.2536618, 23.1182614], [113.2531426, 23.1181643], [113.253102, 23.1183482], [113.2542899, 23.1185704], [113.254316, 23.1184521]]]}}, {"type": "Feature", "id": 945535054, "properties": {"id": "945535054", "levels": 4, "levels_estimated": true, "height": 12, "building": "school", "name": null}, "geometry": {"type": "Polygon", "coordinates": [[[113.2543798, 23.1183774], [113.2547533, 23.1184506], [113.2547014, 23.1186744], [113.2543279, 23.1186012], [113.2543798, 23.1183774]]]}}, {"type": "Feature", "id": 945819652, "properties": {"id": "945819652", "levels": 7, "levels_estimated": false, "height": 21, "building": "wholesale", "name": "展览大楼"}, "geometry": {"type": "Polygon", "coordinates": [[[113.2464686, 23.1119193], [113.2472003, 23.1119429], [113.2472186, 23.1114603], [113.246487, 23.1114368], [113.2464686, 23.1119193]]]}}, {"type": "Feature", "id": 945822521, "properties": {"id": "945822521", "levels": 4, "levels_estimated": false, "height": 12, "building": "school", "name": null}, "geometry": {"type": "Polygon", "coordinates": [[[113.2515424, 23.1135424], [113.2518376, 23.1135871], [113.2518049, 23.1137698], [113.2517066, 23.1137549], [113.2517237, 23.1136593], [113.2516243, 23.1136443], [113.2516122, 23.113712], [113.2515148, 23.1136972], [113.2515424, 23.1135424]]]}}, {"type": "Feature", "id": 945822656, "properties": {"id": "945822656", "levels": 4, "levels_estimated": true, "height": 12, "building": "school", "name": null}, "geometry": {"type": "Polygon", "coordinates": [[[113.2515302, 23.1139613], [113.2515668, 23.1137847], [113.2517195, 23.1138115], [113.2516829, 23.1139881], [113.2515302, 23.1139613]]]}}, {"type": "Feature", "id": 945822658, "properties": {"id": "945822658", "levels": 4, "levels_estimated": false, "height": 12, "building": "school", "name": null}, "geometry": {"type": "Polygon", "coordinates": [[[113.2512811, 23.1142209], [113.2517071, 23.1142815], [113.2517235, 23.1141838], [113.2515608, 23.1141606], [113.2515762, 23.1140693], [113.2517334, 23.1140917], [113.2517497, 23.1139949], [113.2513753, 23.1139415], [113.2513621, 23.1140199], [113.2514998, 23.1140395], [113.2514795, 23.1141596], [113.2513823, 23.1141458], [113.2513908, 23.1140955], [113.2513289, 23.1140866], [113.2513234, 23.1141192], [113.2512987, 23.1141157], [113.2512811, 23.1142209]]]}}, {"type": "Feature", "id": 945829972, "properties": {"id": "945829972", "levels": 12, "levels_estimated": false, "height": 36, "building": "commercial", "name": null}, "geometry": {"type": "Polygon", "coordinates": [[[113.251975, 23.1128154], [113.2520635, 23.1128795], [113.2522191, 23.1130029], [113.2524278, 23.1127348], [113.2521538, 23.1125761], [113.251975, 23.1128154]]]}}, {"type": "Feature", "id": 945829973, "properties": {"id": "945829973", "levels": 3, "levels_estimated": false, "height": 9, "building": "commercial", "name": null}, "geometry": {"type": "Polygon", "coordinates": [[[113.2522227, 23.1130072], [113.2524325, 23.1127395], [113.2526144, 23.1128459], [113.2525159, 23.1130749], [113.2524695, 23.1131059], [113.2523944, 23.1131083], [113.2522227, 23.1130072]]]}}, {"type": "Feature", "id": 945829974, "properties": {"id": "945829974", "levels": 5, "levels_estimated": false, "height": 15, "building": "commercial", "name": null}, "geometry": {"type": "Polygon", "coordinates": [[[113.2515949, 23.1123704], [113.2517104, 23.1125163], [113.2518338, 23.1126643], [113.2519519, 23.112799], [113.2521154, 23.1125681], [113.2521476, 23.1125163], [113.2516392, 23.1122794], [113.2515949, 23.1123704]]]}}, {"type": "Feature", "id": 945835776, "properties": {"id": "945835776", "levels": 3, "levels_estimated": false, "height": 9, "building": "retail", "name": null}, "geometry": {"type": "Polygon", "coordinates": [[[113.2477702, 23.1156862], [113.2479714, 23.1157306], [113.2478186, 23.1160923], [113.2476147, 23.1160242], [113.2476898, 23.1158762], [113.2477702, 23.1156862]]]}}, {"type": "Feature", "id": 945835777, "properties": {"id": "945835777", "levels": 2, "levels_estimated": false, "height": 6, "building": "retail", "name": null}, "geometry": {"type": "Polygon", "coordinates": [[[113.2477729, 23.1156468], [113.2479794, 23.1157035], [113.2480358, 23.1155259], [113.2478158, 23.1154889], [113.2477729, 23.1156468]]]}}, {"type": "Feature", "id": 945835778, "properties": {"id": "945835778", "levels": 3, "levels_estimated": false, "height": 9, "building": "retail", "name": null}, "geometry": {"type": "Polygon", "coordinates": [[[113.2474993, 23.1163128], [113.2476951, 23.116372], [113.2477997, 23.1161155], [113.2475932, 23.1160538], [113.2474993, 23.1163128]]]}}, {"type": "Feature", "id": 945835779, "properties": {"id": "945835779", "levels": 3, "levels_estimated": false, "height": 9, "building": "retail", "name": null}, "geometry": {"type": "Polygon", "coordinates": [[[113.2478614, 23.1153014], [113.2480733, 23.1153261], [113.2480386, 23.1154953], [113.2478185, 23.1154617], [113.2478614, 23.1153014]]]}}, {"type": "Feature", "id": 945938688, "properties": {"id": "945938688", "levels": 3, "levels_estimated": false, "height": 9, "building": "retail", "name": null}, "geometry": {"type": "Polygon", "coordinates": [[[113.2516354, 23.1160898], [113.2519332, 23.1161712], [113.2519778, 23.116009], [113.2516837, 23.1159147], [113.2516354, 23.1160898]]]}}, {"type": "Feature", "id": 946685124, "properties": {"id": "946685124", "levels": 3, "levels_estimated": false, "height": 9, "building": "wholesale", "name": "长堤国际数码城"}, "geometry": {"type": "Polygon", "coordinates": [[[113.247869, 23.1111689], [113.2481162, 23.1111804], [113.2481385, 23.1107764], [113.2480385, 23.1107717], [113.2480328, 23.1108758], [113.2479337, 23.1108711], [113.247938, 23.1107931], [113.2478507, 23.110789], [113.2478461, 23.1108716], [113.2478853, 23.1108735], [113.2478819, 23.1109171], [113.247869, 23.1111689]]]}}, {"type": "Feature", "id": 946695712, "properties": {"id": "946695712", "levels": 12, "levels_estimated": false, "height": 36, "building": "apartments", "name": null}, "geometry": {"type": "Polygon", "coordinates": [[[113.2467758, 23.1111003], [113.2463735, 23.1110756], [113.2463842, 23.1109005], [113.2467946, 23.1109177], [113.2467758, 23.1111003]]]}}, {"type": "Feature", "id": 946695713, "properties": {"id": "946695713", "levels": 5, "levels_estimated": false, "height": 15, "building": "commercial", "name": null}, "geometry": {"type": "Polygon", "coordinates": [[[113.2459426, 23.1107276], [113.2461412, 23.110737], [113.2461654, 23.1103034], [113.245985, 23.1102949], [113.2459764, 23.1104491], [113.2459303, 23.1104469], [113.2459229, 23.1105802], [113.2459507, 23.1105815], [113.2459426, 23.1107276]]]}}, {"type": "Feature", "id": 946696122, "properties": {"id": "946696122", "levels": 6, "levels_estimated": false, "height": 18, "building": "wholesale", "name": null}, "geometry": {"type": "Polygon", "coordinates": [[[113.2459386, 23.1110533], [113.2461352, 23.1110588], [113.2461448, 23.1107663], [113.2459482, 23.1107608], [113.2459386, 23.1110533]]]}}, {"type": "Feature", "id": 946696387, "properties": {"id": "946696387", "levels": 8, "levels_estimated": false, "height": 24, "building": "residential", "name": null}, "geometry": {"type": "Polygon", "coordinates": [[[113.2463868, 23.110316], [113.246378, 23.1106263], [113.2465644, 23.1106308], [113.2465669, 23.1105434], [113.2464807, 23.1105413], [113.2464819, 23.1104982], [113.2465583, 23.1105], [113.2465598, 23.1104443], [113.2464832, 23.1104425], [113.2464857, 23.1103526], [113.2463868, 23.110316]]]}}, {"type": "Feature", "id": 946715520, "properties": {"id": "946715520", "levels": 6, "levels_estimated": false, "height": 18, "building": "apartments", "name": null}, "geometry": {"type": "Polygon", "coordinates": [[[113.2475237, 23.1078363], [113.2480218, 23.1079603], [113.2480634, 23.1078189], [113.2475653, 23.107695], [113.2475237, 23.1078363]]]}}, {"type": "Feature", "id": 946715949, "properties": {"id": "946715949", "levels": 25, "levels_estimated": false, "height": 75, "building": "apartments", "name": null}, "geometry": {"type": "Polygon", "coordinates": [[[113.2490585, 23.1084436], [113.2493648, 23.1085237], [113.2494493, 23.1082504], [113.249143, 23.1081703], [113.2490585, 23.1084436]]]}}, {"type": "Feature", "id": 946715950, "properties": {"id": "946715950", "levels": 8, "levels_estimated": false, "height": 24, "building": "apartments", "name": null}, "geometry": {"type": "Polygon", "coordinates": [[[113.2494062, 23.108566], [113.2495094, 23.1082211], [113.2491109, 23.1081202], [113.2490078, 23.1084651], [113.2494062, 23.108566]]]}}, {"type": "Feature", "id": 946718188, "properties": {"id": "946718188", "levels": 6, "levels_estimated": false, "height": 18, "building": "apartments", "name": null}, "geometry": {"type": "Polygon", "coordinates": [[[113.2427037, 23.1049889], [113.2430658, 23.1050778], [113.2431194, 23.1049396], [113.242878, 23.1048779], [113.2428539, 23.1049421], [113.2427305, 23.1049125], [113.2427037, 23.1049889]]]}}, {"type": "Feature", "id": 946718582, "properties": {"id": "946718582", "levels": 7, "levels_estimated": false, "height": 21, "building": "residential", "name": null}, "geometry": {"type": "Polygon", "coordinates": [[[113.2435677, 23.1053178], [113.2432912, 23.1052624], [113.2433401, 23.1050562], [113.2436234, 23.105113], [113.2435996, 23.1052134], [113.243376, 23.1051685], [113.2433643, 23.1052178], [113.2435811, 23.1052613], [113.2435677, 23.1053178]]]}}, {"type": "Feature", "id": 946718583, "properties": {"id": "946718583", "levels": 7, "levels_estimated": false, "height": 21, "building": "residential", "name": null}, "geometry": {"type": "Polygon", "coordinates": [[[113.2437013, 23.1050192], [113.2438783, 23.1050586], [113.2438651, 23.105137], [113.2436209, 23.1050759], [113.2437013, 23.1050192]]]}}, {"type": "Feature", "id": 946718584, "properties": {"id": "946718584", "levels": 7, "levels_estimated": false, "height": 21, "building": "residential", "name": null}, "geometry": {"type": "Polygon", "coordinates": [[[113.2438942, 23.1051443], [113.2441168, 23.1051907], [113.2441371, 23.1051082], [113.2439145, 23.1050619], [113.2438942, 23.1051443]]]}}, {"type": "Feature", "id": 946718585, "properties": {"id": "946718585", "levels": 7, "levels_estimated": false, "height": 21, "building": "residential", "name": null}, "geometry": {"type": "Polygon", "coordinates": [[[113.2434818, 23.105451], [113.2432097, 23.1053931], [113.2432328, 23.1053012], [113.2435049, 23.1053591], [113.2434818, 23.105451]]]}}, {"type": "Feature", "id": 946718586, "properties": {"id": "946718586", "levels": 9, "levels_estimated": false, "height": 27, "building": "residential", "name": null}, "geometry": {"type": "Polygon", "coordinates": [[[113.2437174, 23.1049698], [113.2441171, 23.1050389], [113.2441385, 23.1049452], [113.2438462, 23.1049032], [113.2438569, 23.1048588], [113.2441519, 23.1049008], [113.2441761, 23.1047922], [113.2438676, 23.1047404], [113.2438247, 23.104807], [113.2437603, 23.1048687], [113.2436906, 23.1049254], [113.2437174, 23.1049698]]]}}, {"type": "Feature", "id": 946719171, "properties": {"id": "946719171", "levels": 3, "levels_estimated": false, "height": 9, "building": "residential", "name": null}, "geometry": {"type": "Polygon", "coordinates": [[[113.2431865, 23.1049791], [113.2432669, 23.1049939], [113.2434011, 23.1049741], [113.2435191, 23.1049322], [113.2436505, 23.1048212], [113.2434547, 23.1047595], [113.2434198, 23.1048138], [113.2432374, 23.1047842], [113.2431865, 23.1049791]]]}}, {"type": "Feature", "id": 946719237, "properties": {"id": "946719237", "levels": 7, "levels_estimated": false, "height": 21, "building": "residential", "name": null}, "geometry": {"type": "Polygon", "coordinates": [[[113.243594, 23.1053498], [113.2437524, 23.1053837], [113.2437739, 23.1053121], [113.2436209, 23.1052782], [113.243594, 23.1053498]]]}}, {"type": "Feature", "id": 946719238, "properties": {"id": "946719238", "levels": 7, "levels_estimated": false, "height": 21, "building": "residential", "name": null}, "geometry": {"type": "Polygon", "coordinates": [[[113.2436231, 23.1052489], [113.24378, 23.1052845], [113.2438002, 23.1052093], [113.2436433, 23.1051736], [113.2436231, 23.1052489]]]}}, {"type": "Feature", "id": 946719394, "properties": {"id": "946719394", "levels": 7, "levels_estimated": false, "height": 21, "building": "residential", "name": null}, "geometry": {"type": "Polygon", "coordinates": [[[113.2441841, 23.1051919], [113.2441814, 23.1051006], [113.2444765, 23.1051425], [113.2444577, 23.1052387], [113.2441841, 23.1051919]]]}}, {"type": "Feature", "id": 946719395, "properties": {"id": "946719395", "levels": 7, "levels_estimated": false, "height": 21, "building": "residential", "name": null}, "geometry": {"type": "Polygon", "coordinates": [[[113.2440527, 23.1056063], [113.2441977, 23.1056526], [113.2443048, 23.1053448], [113.2441546, 23.1053078], [113.2440527, 23.1056063]]]}}, {"type": "Feature", "id": 946720116, "properties": {"id": "946720116", "levels": 12, "levels_estimated": false, "height": 36, "building": "office", "name": null}, "geometry": {"type": "Polygon", "coordinates": [[[113.2435351, 23.1065602], [113.2438163, 23.1066762], [113.243882, 23.1065414], [113.2436008, 23.1064255], [113.2435351, 23.1065602]]]}}, {"type": "Feature", "id": 946720117, "properties": {"id": "946720117", "levels": 5, "levels_estimated": false, "height": 15, "building": "residential", "name": null}, "geometry": {"type": "Polygon", "coordinates": [[[113.2436825, 23.1059492], [113.2441117, 23.1060973], [113.2439481, 23.1065117], [113.243822, 23.1064772], [113.2438946, 23.1063187], [113.2437362, 23.1062724], [113.2437603, 23.106233], [113.2435779, 23.1061713], [113.2436825, 23.1059492]]]}}, {"type": "Feature", "id": 946720118, "properties": {"id": "946720118", "levels": 5, "levels_estimated": false, "height": 15, "building": "residential", "name": null}, "geometry": {"type": "Polygon", "coordinates": [[[113.2441616, 23.1059448], [113.2437106, 23.1058105], [113.2437634, 23.1056603], [113.2442145, 23.1057946], [113.2441616, 23.1059448]]]}}, {"type": "Feature", "id": 946720274, "properties": {"id": "946720274", "levels": 8, "levels_estimated": false, "height": 24, "building": "residential", "name": null}, "geometry": {"type": "Polygon", "coordinates": [[[113.2436638, 23.1058185], [113.2432132, 23.105705], [113.2432321, 23.1056551], [113.2432857, 23.1056625], [113.2433339, 23.1055002], [113.2437471, 23.1056156], [113.2436638, 23.1058185]]]}}, {"type": "Feature", "id": 946726988, "properties": {"id": "946726988", "levels": 2, "levels_estimated": false, "height": 6, "building": "yes", "name": null}, "geometry": {"type": "Polygon", "coordinates": [[[113.2445999, 23.105821], [113.244683, 23.1055767], [113.2450372, 23.1056699], [113.2449487, 23.1059166], [113.2445999, 23.105821]]]}}, {"type": "Feature", "id": 946728087, "properties": {"id": "946728087", "levels": 1, "levels_estimated": false, "height": 3, "building": "yes", "name": null}, "geometry": {"type": "Polygon", "coordinates": [[[113.2445058, 23.105784], [113.2445724, 23.1058018], [113.2446506, 23.1055537], [113.244584, 23.1055359], [113.2445058, 23.105784]]]}}, {"type": "Feature", "id": 946728429, "properties": {"id": "946728429", "levels": 12, "levels_estimated": false, "height": 36, "building": "commercial", "name": "海鸣坊"}, "geometry": {"type": "Polygon", "coordinates": [[[113.2449483, 23.1068278], [113.2447223, 23.106764], [113.2449482, 23.1060871], [113.2451835, 23.1061544], [113.2451487, 23.1062585], [113.2450176, 23.1062206], [113.2450089, 23.1062468], [113.2451444, 23.106285], [113.2451112, 23.1063846], [113.2449532, 23.10634], [113.2449302, 23.1064089], [113.2450698, 23.1064483], [113.2450507, 23.1065055], [113.2448891, 23.1064599], [113.2448582, 23.1065525], [113.2450284, 23.1066005], [113.2450068, 23.1066652], [113.2448432, 23.106619], [113.2448226, 23.1066807], [113.2449824, 23.1067258], [113.2449483, 23.1068278]]]}}, {"type": "Feature", "id": 946737793, "properties": {"id": "946737793", "levels": 6, "levels_estimated": true, "height": 18, "building": "residential", "name": null}, "geometry": {"type": "Polygon", "coordinates": [[[113.24508, 23.1055693], [113.2447823, 23.105515], [113.2447179, 23.1054682], [113.2446133, 23.1054386], [113.2446374, 23.1053448], [113.2451202, 23.1054262], [113.24508, 23.1055693]]]}}, {"type": "Feature", "id": 947154851, "properties": {"id": "947154851", "levels": 5, "levels_estimated": true, "height": 15, "building": "yes", "name": null}, "geometry": {"type": "Polygon", "coordinates": [[[113.2455945, 23.1131136], [113.2457299, 23.1131222], [113.24575, 23.1128522], [113.2456147, 23.1128436], [113.2455945, 23.1131136]]]}}, {"type": "Feature", "id": 947818192, "properties": {"id": "947818192", "levels": 4, "levels_estimated": false, "height": 12, "building": "retail", "name": "上下九美食广场"}, "geometry": {"type": "Polygon", "coordinates": [[[113.2365935, 23.1186317], [113.2370174, 23.1186088], [113.2369878, 23.1182074], [113.2365586, 23.1182198], [113.2365935, 23.1186317]]]}}, {"type": "Feature", "id": 948101450, "properties": {"id": "948101450", "levels": 5, "levels_estimated": true, "height": 15, "building": "yes", "name": null}, "geometry": {"type": "Polygon", "coordinates": [[[113.2428849, 23.1177731], [113.2428215, 23.1177568], [113.2428593, 23.117632], [113.2429228, 23.1176483], [113.2428849, 23.1177731]]]}}, {"type": "Feature", "id": 948101451, "properties": {"id": "948101451", "levels": 2, "levels_estimated": false, "height": 6, "building": "yes", "name": null}, "geometry": {"type": "Polygon", "coordinates": [[[113.2425474, 23.1176904], [113.2426164, 23.1177076], [113.2426532, 23.1175825], [113.2425842, 23.1175653], [113.2425474, 23.1176904]]]}}, {"type": "Feature", "id": 948101452, "properties": {"id": "948101452", "levels": 5, "levels_estimated": false, "height": 15, "building": "commercial", "name": "上下九步行街欢迎您"}, "geometry": {"type": "Polygon", "coordinates": [[[113.2425474, 23.1176904], [113.2425842, 23.1175653], [113.2426532, 23.1175825], [113.2428593, 23.117632], [113.2429228, 23.1176483], [113.2428849, 23.1177731], [113.2428215, 23.1177568], [113.2426164, 23.1177076], [113.2425474, 23.1176904]]]}}, {"type": "Feature", "id": 948722250, "properties": {"id": "948722250", "levels": 2, "levels_estimated": false, "height": 6, "building": "yes", "name": null}, "geometry": {"type": "Polygon", "coordinates": [[[113.2428215, 23.1177568], [113.2428849, 23.1177731], [113.2429228, 23.1176483], [113.2428593, 23.117632], [113.2428215, 23.1177568]]]}}, {"type": "Feature", "id": 951698815, "properties": {"id": "951698815", "levels": 10, "levels_estimated": false, "height": 30, "building": "yes", "name": null}, "geometry": {"type": "Polygon", "coordinates": [[[113.2367757, 23.1193024], [113.2369477, 23.1192905], [113.2369138, 23.1188751], [113.2367417, 23.1188871], [113.2367757, 23.1193024]]]}}, {"type": "Feature", "id": 953943404, "properties": {"id": "953943404", "levels": 3, "levels_estimated": false, "height": 9, "building": "residential", "name": null}, "geometry": {"type": "Polygon", "coordinates": [[[113.2480653, 23.1078982], [113.2483336, 23.107969], [113.2483871, 23.108019], [113.2489774, 23.1081688], [113.2490201, 23.1080116], [113.2480814, 23.1078217], [113.2480653, 23.1078982]]]}}, {"type": "Feature", "id": 953943697, "properties": {"id": "953943697", "levels": 4, "levels_estimated": false, "height": 12, "building": "school", "name": null}, "geometry": {"type": "Polygon", "coordinates": [[[113.2487519, 23.108473], [113.2488486, 23.1084944], [113.2489209, 23.1082312], [113.2486446, 23.1081671], [113.2482155, 23.108019], [113.2481457, 23.1081621], [113.2482505, 23.1082033], [113.2482691, 23.1081621], [113.2485053, 23.1082354], [113.2485186, 23.1082115], [113.2488084, 23.1082995], [113.2487519, 23.108473]]]}}, {"type": "Feature", "id": 953944049, "properties": {"id": "953944049", "levels": 4, "levels_estimated": false, "height": 12, "building": "yes", "name": null}, "geometry": {"type": "Polygon", "coordinates": [[[113.2479654, 23.1082107], [113.2480912, 23.1082435], [113.2481247, 23.1081351], [113.2479989, 23.1081023], [113.2479654, 23.1082107]]]}}, {"type": "Feature", "id": 953944559, "properties": {"id": "953944559", "levels": 28, "levels_estimated": false, "height": 84, "building": "apartments", "name": null}, "geometry": {"type": "Polygon", "coordinates": [[[113.2503799, 23.108694], [113.2507338, 23.1087266], [113.2507488, 23.1085889], [113.2503949, 23.1085563], [113.2503799, 23.108694]]]}}, {"type": "Feature", "id": 953944560, "properties": {"id": "953944560", "levels": 28, "levels_estimated": false, "height": 84, "building": "apartments", "name": null}, "geometry": {"type": "Polygon", "coordinates": [[[113.2492723, 23.1087503], [113.2496113, 23.1088776], [113.2496715, 23.1087421], [113.24955, 23.1086965], [113.2496053, 23.1085718], [113.249492, 23.1085293], [113.2494325, 23.1086635], [113.2493282, 23.1086243], [113.2492723, 23.1087503]]]}}, {"type": "Feature", "id": 953944561, "properties": {"id": "953944561", "levels": 28, "levels_estimated": false, "height": 84, "building": "apartments", "name": null}, "geometry": {"type": "Polygon", "coordinates": [[[113.2507588, 23.1087583], [113.2510208, 23.1088685], [113.2510841, 23.1087411], [113.2508222, 23.1086309], [113.2507588, 23.1087583]]]}}, {"type": "Feature", "id": 953944562, "properties": {"id": "953944562", "levels": 28, "levels_estimated": false, "height": 84, "building": "apartments", "name": null}, "geometry": {"type": "Polygon", "coordinates": [[[113.2497108, 23.1086224], [113.2502699, 23.1086892], [113.2502921, 23.1085318], [113.2497329, 23.1084651], [113.2497108, 23.1086224]]]}}, {"type": "Feature", "id": 953944778, "properties": {"id": "953944778", "levels": 3, "levels_estimated": false, "height": 9, "building": "residential", "name": null}, "geometry": {"type": "Polygon", "coordinates": [[[113.2495083, 23.1083028], [113.2498892, 23.108362], [113.2499133, 23.1082139], [113.2495432, 23.1081473], [113.2495083, 23.1083028]]]}}, {"type": "Feature", "id": 953944779, "properties": {"id": "953944779", "levels": 3, "levels_estimated": false, "height": 9, "building": "residential", "name": null}, "geometry": {"type": "Polygon", "coordinates": [[[113.2504498, 23.1084483], [113.2510668, 23.1085462], [113.2510962, 23.1084631], [113.2504633, 23.1083341], [113.2504498, 23.1084483]]]}}, {"type": "Feature", "id": 953944780, "properties": {"id": "953944780", "levels": 3, "levels_estimated": false, "height": 9, "building": "residential", "name": null}, "geometry": {"type": "Polygon", "coordinates": [[[113.2499053, 23.1083496], [113.2504338, 23.1084377], [113.2504498, 23.1083299], [113.2499267, 23.1082361], [113.2499053, 23.1083496]]]}}, {"type": "Feature", "id": 953944853, "properties": {"id": "953944853", "levels": 3, "levels_estimated": false, "height": 9, "building": "residential", "name": null}, "geometry": {"type": "Polygon", "coordinates": [[[113.2513698, 23.1087073], [113.2512249, 23.1086901], [113.2511579, 23.1086161], [113.2511579, 23.1084656], [113.2513751, 23.1085149], [113.2513698, 23.1087073]]]}}, {"type": "Feature", "id": 953944890, "properties": {"id": "953944890", "levels": 3, "levels_estimated": false, "height": 9, "building": "residential", "name": null}, "geometry": {"type": "Polygon", "coordinates": [[[113.2495913, 23.1080314], [113.2500473, 23.1081236], [113.2500664, 23.1080437], [113.2496104, 23.1079515], [113.2495913, 23.1080314]]]}}, {"type": "Feature", "id": 953944891, "properties": {"id": "953944891", "levels": 3, "levels_estimated": false, "height": 9, "building": "residential", "name": null}, "geometry": {"type": "Polygon", "coordinates": [[[113.2493669, 23.1079784], [113.249405, 23.1078201], [113.2495359, 23.1078468], [113.2494978, 23.1080051], [113.2493669, 23.1079784]]]}}, {"type": "Feature", "id": 953945079, "properties": {"id": "953945079", "levels": 3, "levels_estimated": false, "height": 9, "building": "residential", "name": null}, "geometry": {"type": "Polygon", "coordinates": [[[113.2497802, 23.1079734], [113.2499146, 23.1079989], [113.2499432, 23.1078711], [113.2498088, 23.1078456], [113.2497802, 23.1079734]]]}}, {"type": "Feature", "id": 953945080, "properties": {"id": "953945080", "levels": 3, "levels_estimated": false, "height": 9, "building": "residential", "name": null}, "geometry": {"type": "Polygon", "coordinates": [[[113.2500646, 23.1081271], [113.2501277, 23.1081387], [113.2501701, 23.107944], [113.2501069, 23.1079324], [113.2500646, 23.1081271]]]}}, {"type": "Feature", "id": 953945081, "properties": {"id": "953945081", "levels": 3, "levels_estimated": false, "height": 9, "building": "residential", "name": null}, "geometry": {"type": "Polygon", "coordinates": [[[113.2496393, 23.1079406], [113.2497726, 23.1079685], [113.2498094, 23.1078197], [113.2496761, 23.1077918], [113.2496393, 23.1079406]]]}}, {"type": "Feature", "id": 953945082, "properties": {"id": "953945082", "levels": 3, "levels_estimated": false, "height": 9, "building": "residential", "name": null}, "geometry": {"type": "Polygon", "coordinates": [[[113.2499255, 23.1079871], [113.2500659, 23.1080142], [113.250082, 23.1079436], [113.2499416, 23.1079165], [113.2499255, 23.1079871]]]}}, {"type": "Feature", "id": 953945533, "properties": {"id": "953945533", "levels": 2, "levels_estimated": true, "height": 6, "building": "warehouse", "name": null}, "geometry": {"type": "Polygon", "coordinates": [[[113.2532659, 23.1099606], [113.2535344, 23.1101621], [113.2538292, 23.1097977], [113.2536093, 23.1096103], [113.2532659, 23.1099606]]]}}, {"type": "Feature", "id": 953946267, "properties": {"id": "953946267", "levels": 2, "levels_estimated": false, "height": 6, "building": "residential", "name": null}, "geometry": {"type": "Polygon", "coordinates": [[[113.2591885, 23.1115707], [113.2593441, 23.1116152], [113.2593817, 23.1115091], [113.2592207, 23.1114671], [113.2591885, 23.1115707]]]}}, {"type": "Feature", "id": 953946268, "properties": {"id": "953946268", "levels": 2, "levels_estimated": false, "height": 6, "building": "residential", "name": null}, "geometry": {"type": "Polygon", "coordinates": [[[113.2589418, 23.111144], [113.2590491, 23.1111785], [113.2590786, 23.1110922], [113.2589874, 23.1110675], [113.2589418, 23.111144]]]}}, {"type": "Feature", "id": 953946269, "properties": {"id": "953946269", "levels": 2, "levels_estimated": false, "height": 6, "building": "residential", "name": null}, "geometry": {"type": "Polygon", "coordinates": [[[113.2590035, 23.1112772], [113.2591161, 23.1113117], [113.2591268, 23.1112599], [113.2590303, 23.1112204], [113.2590035, 23.1112772]]]}}, {"type": "Feature", "id": 953946270, "properties": {"id": "953946270", "levels": 2, "levels_estimated": false, "height": 6, "building": "residential", "name": null}, "geometry": {"type": "Polygon", "coordinates": [[[113.2584777, 23.1108874], [113.2585609, 23.1109071], [113.2586253, 23.1107147], [113.2585287, 23.1106876], [113.2584777, 23.1108874]]]}}, {"type": "Feature", "id": 953946271, "properties": {"id": "953946271", "levels": 2, "levels_estimated": false, "height": 6, "building": "residential", "name": null}, "geometry": {"type": "Polygon", "coordinates": [[[113.2585528, 23.1109318], [113.258644, 23.1109441], [113.2586226, 23.1110428], [113.2585394, 23.1110354], [113.2585528, 23.1109318]]]}}, {"type": "Feature", "id": 953946272, "properties": {"id": "953946272", "levels": 2, "levels_estimated": false, "height": 6, "building": "residential", "name": null}, "geometry": {"type": "Polygon", "coordinates": [[[113.2593012, 23.1105001], [113.2595667, 23.1105716], [113.2596123, 23.1104384], [113.2593414, 23.1103743], [113.2593012, 23.1105001]]]}}, {"type": "Feature", "id": 953946273, "properties": {"id": "953946273", "levels": 2, "levels_estimated": false, "height": 6, "building": "residential", "name": null}, "geometry": {"type": "Polygon", "coordinates": [[[113.2590517, 23.110616], [113.2592127, 23.1106555], [113.2592583, 23.1105371], [113.2590893, 23.1105001], [113.2590517, 23.110616]]]}}, {"type": "Feature", "id": 953946274, "properties": {"id": "953946274", "levels": 2, "levels_estimated": false, "height": 6, "building": "residential", "name": null}, "geometry": {"type": "Polygon", "coordinates": [[[113.25921, 23.1106826], [113.2592663, 23.110542], [113.2595882, 23.110616], [113.2595345, 23.1107665], [113.25921, 23.1106826]]]}}, {"type": "Feature", "id": 953946275, "properties": {"id": "953946275", "levels": 2, "levels_estimated": false, "height": 6, "building": "residential", "name": null}, "geometry": {"type": "Polygon", "coordinates": [[[113.2588533, 23.1112402], [113.2589632, 23.1112648], [113.2589042, 23.1114548], [113.2587916, 23.1114301], [113.2588533, 23.1112402]]]}}, {"type": "Feature", "id": 953946440, "properties": {"id": "953946440", "levels": 5, "levels_estimated": true, "height": 15, "building": "yes", "name": "蒲天光"}, "geometry": {"type": "Polygon", "coordinates": [[[113.2598001, 23.1122615], [113.259953, 23.1122985], [113.2600415, 23.1120049], [113.2598779, 23.1119581], [113.2598001, 23.1122615]]]}}, {"type": "Feature", "id": 953946574, "properties": {"id": "953946574", "levels": 5, "levels_estimated": false, "height": 15, "building": "residential", "name": null}, "geometry": {"type": "Polygon", "coordinates": [[[113.2578232, 23.1119711], [113.2580753, 23.1120797], [113.2582335, 23.1117318], [113.2579653, 23.1116332], [113.2578232, 23.1119711]]]}}, {"type": "Feature", "id": 953946664, "properties": {"id": "953946664", "levels": 5, "levels_estimated": false, "height": 15, "building": "school", "name": null}, "geometry": {"type": "Polygon", "coordinates": [[[113.2581699, 23.1124792], [113.2580045, 23.1124126], [113.2579807, 23.1124625], [113.2576532, 23.1123305], [113.2577534, 23.1121202], [113.2578964, 23.1121778], [113.2578593, 23.1122558], [113.2579796, 23.1123042], [113.2580678, 23.1121191], [113.2582731, 23.1122018], [113.2582319, 23.1122881], [113.2581069, 23.1122377], [113.2580564, 23.1123438], [113.2582057, 23.112404], [113.2581699, 23.1124792]]]}}, {"type": "Feature", "id": 953946824, "properties": {"id": "953946824", "levels": 10, "levels_estimated": false, "height": 30, "building": "office", "name": null}, "geometry": {"type": "Polygon", "coordinates": [[[113.2572021, 23.11218], [113.2575139, 23.1123024], [113.2575723, 23.1121764], [113.2572606, 23.112054], [113.2572021, 23.11218]]]}}, {"type": "Feature", "id": 954294092, "properties": {"id": "954294092", "levels": 3, "levels_estimated": false, "height": 9, "building": "commercial", "name": null}, "geometry": {"type": "Polygon", "coordinates": [[[113.2596707, 23.1195352], [113.2599584, 23.1196933], [113.2600609, 23.1195354], [113.2597732, 23.1193774], [113.2596707, 23.1195352]]]}}, {"type": "Feature", "id": 954298294, "properties": {"id": "954298294", "levels": 2, "levels_estimated": false, "height": 6, "building": "retail", "name": null}, "geometry": {"type": "Polygon", "coordinates": [[[113.2598516, 23.119809], [113.2593286, 23.1194954], [113.2592527, 23.1196025], [113.2593686, 23.119672], [113.2597757, 23.1199161], [113.2598516, 23.119809]]]}}, {"type": "Feature", "id": 954633853, "properties": {"id": "954633853", "levels": 6, "levels_estimated": false, "height": 18, "building": "yes", "name": null}, "geometry": {"type": "Polygon", "coordinates": [[[113.2585267, 23.1251115], [113.2587799, 23.1251211], [113.2588167, 23.1245778], [113.2585859, 23.1245682], [113.2585267, 23.1251115]]]}}, {"type": "Feature", "id": 954634220, "properties": {"id": "954634220", "levels": 5, "levels_estimated": true, "height": 15, "building": "yes", "name": null}, "geometry": {"type": "Polygon", "coordinates": [[[113.259968, 23.1252089], [113.2600974, 23.1252201], [113.2601429, 23.1247757], [113.2600135, 23.1247645], [113.259968, 23.1252089]]]}}, {"type": "Feature", "id": 954634222, "properties": {"id": "954634222", "levels": 5, "levels_estimated": true, "height": 15, "building": "yes", "name": null}, "geometry": {"type": "Polygon", "coordinates": [[[113.2591107, 23.1252077], [113.2591751, 23.1247637], [113.2593924, 23.124781], [113.2593468, 23.1252201], [113.2591107, 23.1252077]]]}}, {"type": "Feature", "id": 954634454, "properties": {"id": "954634454", "levels": 3, "levels_estimated": false, "height": 9, "building": "residential", "name": null}, "geometry": {"type": "Polygon", "coordinates": [[[113.2582363, 23.1241784], [113.2585338, 23.1242183], [113.2585034, 23.1244097], [113.258206, 23.1243698], [113.2582363, 23.1241784]]]}}, {"type": "Feature", "id": 954634455, "properties": {"id": "954634455", "levels": 3, "levels_estimated": false, "height": 9, "building": "residential", "name": null}, "geometry": {"type": "Polygon", "coordinates": [[[113.2586022, 23.1244697], [113.258916, 23.1245016], [113.2587819, 23.1241367], [113.2586558, 23.1241268], [113.2586022, 23.1244697]]]}}, {"type": "Feature", "id": 954634677, "properties": {"id": "954634677", "levels": 8, "levels_estimated": false, "height": 24, "building": "apartments", "name": null}, "geometry": {"type": "Polygon", "coordinates": [[[113.2578615, 23.1248391], [113.2575385, 23.124825], [113.2575216, 23.1251545], [113.2578446, 23.1251685], [113.2578615, 23.1248391]]]}}, {"type": "Feature", "id": 954634679, "properties": {"id": "954634679", "levels": 6, "levels_estimated": false, "height": 18, "building": "apartments", "name": null}, "geometry": {"type": "Polygon", "coordinates": [[[113.2583713, 23.1248049], [113.2576863, 23.124731], [113.2577276, 23.1244079], [113.2584686, 23.1244879], [113.258455, 23.1245946], [113.257902, 23.1245349], [113.2578944, 23.1245945], [113.2583913, 23.1246481], [113.2583713, 23.1248049]]]}}, {"type": "Feature", "id": 954634680, "properties": {"id": "954634680", "levels": 8, "levels_estimated": false, "height": 24, "building": "apartments", "name": null}, "geometry": {"type": "Polygon", "coordinates": [[[113.2578737, 23.1249817], [113.2582208, 23.1250012], [113.2582291, 23.1248764], [113.257882, 23.1248569], [113.2578737, 23.1249817]]]}}, {"type": "Feature", "id": 954635027, "properties": {"id": "954635027", "levels": 4, "levels_estimated": false, "height": 12, "building": "commercial", "name": null}, "geometry": {"type": "Polygon", "coordinates": [[[113.2572693, 23.1246782], [113.2576796, 23.1246994], [113.2577237, 23.1239747], [113.2573135, 23.1239536], [113.2572693, 23.1246782]]]}}, {"type": "Feature", "id": 954635120, "properties": {"id": "954635120", "levels": 7, "levels_estimated": false, "height": 21, "building": "apartments", "name": null}, "geometry": {"type": "Polygon", "coordinates": [[[113.2577809, 23.1243014], [113.2581721, 23.1243293], [113.2581785, 23.1242098], [113.2580421, 23.1242002], [113.2577907, 23.1241854], [113.2577809, 23.1243014]]]}}, {"type": "Feature", "id": 954635121, "properties": {"id": "954635121", "levels": 8, "levels_estimated": false, "height": 24, "building": "apartments", "name": null}, "geometry": {"type": "Polygon", "coordinates": [[[113.2578314, 23.1240888], [113.25805, 23.1241041], [113.2580421, 23.1242002], [113.2581785, 23.1242098], [113.2582018, 23.123928], [113.2578467, 23.1239032], [113.2578314, 23.1240888]]]}}, {"type": "Feature", "id": 954635210, "properties": {"id": "954635210", "levels": 7, "levels_estimated": false, "height": 21, "building": "apartments", "name": null}, "geometry": {"type": "Polygon", "coordinates": [[[113.2582382, 23.1241571], [113.2585276, 23.124191], [113.2585604, 23.123954], [113.2582711, 23.12392], [113.2582382, 23.1241571]]]}}, {"type": "Feature", "id": 954635353, "properties": {"id": "954635353", "levels": 9, "levels_estimated": false, "height": 27, "building": "apartments", "name": null}, "geometry": {"type": "Polygon", "coordinates": [[[113.2582001, 23.1238229], [113.2583322, 23.1238258], [113.2583353, 23.1237053], [113.2584612, 23.1237081], [113.2584582, 23.1238251], [113.2586552, 23.1238294], [113.258661, 23.1236065], [113.2582059, 23.1235965], [113.2582001, 23.1238229]]]}}, {"type": "Feature", "id": 954635521, "properties": {"id": "954635521", "levels": 8, "levels_estimated": false, "height": 24, "building": "apartments", "name": null}, "geometry": {"type": "Polygon", "coordinates": [[[113.2578314, 23.1238186], [113.2578956, 23.12329], [113.2581001, 23.123311], [113.2580358, 23.1238396], [113.2578314, 23.1238186]]]}}, {"type": "Feature", "id": 954635522, "properties": {"id": "954635522", "levels": 9, "levels_estimated": false, "height": 27, "building": "office", "name": null}, "geometry": {"type": "Polygon", "coordinates": [[[113.2584241, 23.1235404], [113.2584912, 23.1231654], [113.2586735, 23.1231998], [113.2587299, 23.1232567], [113.2587513, 23.1233256], [113.2586789, 23.1235823], [113.2584241, 23.1235404]]]}}, {"type": "Feature", "id": 954635843, "properties": {"id": "954635843", "levels": 4, "levels_estimated": false, "height": 12, "building": "apartments", "name": null}, "geometry": {"type": "Polygon", "coordinates": [[[113.2581333, 23.1234852], [113.2583821, 23.1235039], [113.2583966, 23.1233412], [113.2581477, 23.1233225], [113.2581333, 23.1234852]]]}}, {"type": "Feature", "id": 954635844, "properties": {"id": "954635844", "levels": 8, "levels_estimated": false, "height": 24, "building": "apartments", "name": null}, "geometry": {"type": "Polygon", "coordinates": [[[113.258431, 23.1232609], [113.2581011, 23.1232235], [113.2581167, 23.1231075], [113.2584466, 23.123145], [113.258431, 23.1232609]]]}}, {"type": "Feature", "id": 954635845, "properties": {"id": "954635845", "levels": 8, "levels_estimated": false, "height": 24, "building": "apartments", "name": null}, "geometry": {"type": "Polygon", "coordinates": [[[113.2576604, 23.1232053], [113.2580662, 23.1232463], [113.2580792, 23.1231377], [113.2576733, 23.1230967], [113.2576604, 23.1232053]]]}}, {"type": "Feature", "id": 954636106, "properties": {"id": "954636106", "levels": 9, "levels_estimated": false, "height": 27, "building": "apartments", "name": null}, "geometry": {"type": "Polygon", "coordinates": [[[113.2578823, 23.1228744], [113.2581394, 23.1229045], [113.2581724, 23.1226664], [113.2579152, 23.1226363], [113.2578823, 23.1228744]]]}}, {"type": "Feature", "id": 954636107, "properties": {"id": "954636107", "levels": 9, "levels_estimated": false, "height": 27, "building": "apartments", "name": null}, "geometry": {"type": "Polygon", "coordinates": [[[113.258169, 23.122901], [113.2581946, 23.1226598], [113.2584258, 23.1226806], [113.2584002, 23.1229217], [113.258169, 23.122901]]]}}, {"type": "Feature", "id": 954636438, "properties": {"id": "954636438", "levels": 3, "levels_estimated": true, "height": 9, "building": "retail", "name": null}, "geometry": {"type": "Polygon", "coordinates": [[[113.2576371, 23.1232224], [113.2580849, 23.1232677], [113.2581025, 23.1231206], [113.2576547, 23.1230753], [113.2576371, 23.1232224]]]}}, {"type": "Feature", "id": 954636882, "properties": {"id": "954636882", "levels": 6, "levels_estimated": false, "height": 18, "building": "apartments", "name": null}, "geometry": {"type": "Polygon", "coordinates": [[[113.2583813, 23.1225475], [113.2585042, 23.1225576], [113.2585279, 23.1223133], [113.2584051, 23.1223031], [113.2583813, 23.1225475]]]}}, {"type": "Feature", "id": 954636883, "properties": {"id": "954636883", "levels": 6, "levels_estimated": false, "height": 18, "building": "apartments", "name": null}, "geometry": {"type": "Polygon", "coordinates": [[[113.2579073, 23.122555], [113.2579416, 23.1222629], [113.2581081, 23.1222795], [113.2580738, 23.1225715], [113.2579073, 23.122555]]]}}, {"type": "Feature", "id": 954636884, "properties": {"id": "954636884", "levels": 6, "levels_estimated": false, "height": 18, "building": "apartments", "name": null}, "geometry": {"type": "Polygon", "coordinates": [[[113.2585862, 23.1221515], [113.2587356, 23.1221713], [113.2587237, 23.1222472], [113.2585743, 23.1222273], [113.2585862, 23.1221515]]]}}, {"type": "Feature", "id": 954636885, "properties": {"id": "954636885", "levels": 6, "levels_estimated": false, "height": 18, "building": "apartments", "name": null}, "geometry": {"type": "Polygon", "coordinates": [[[113.2582161, 23.1225788], [113.2583549, 23.1225903], [113.2583812, 23.1223225], [113.2582424, 23.122311], [113.2582161, 23.1225788]]]}}, {"type": "Feature", "id": 954636886, "properties": {"id": "954636886", "levels": 6, "levels_estimated": false, "height": 18, "building": "apartments", "name": null}, "geometry": {"type": "Polygon", "coordinates": [[[113.2580925, 23.1225801], [113.2581969, 23.1225891], [113.2582274, 23.1222904], [113.2581229, 23.1222814], [113.2580925, 23.1225801]]]}}, {"type": "Feature", "id": 954636887, "properties": {"id": "954636887", "levels": 6, "levels_estimated": false, "height": 18, "building": "apartments", "name": null}, "geometry": {"type": "Polygon", "coordinates": [[[113.2582027, 23.1221983], [113.2582393, 23.1219641], [113.2583197, 23.1219747], [113.2582831, 23.1222089], [113.2582027, 23.1221983]]]}}, {"type": "Feature", "id": 954636888, "properties": {"id": "954636888", "levels": 6, "levels_estimated": false, "height": 18, "building": "apartments", "name": null}, "geometry": {"type": "Polygon", "coordinates": [[[113.2585838, 23.1220151], [113.2585965, 23.1219172], [113.2587582, 23.121935], [113.2587455, 23.1220329], [113.2585838, 23.1220151]]]}}, {"type": "Feature", "id": 954636889, "properties": {"id": "954636889", "levels": 6, "levels_estimated": false, "height": 18, "building": "apartments", "name": null}, "geometry": {"type": "Polygon", "coordinates": [[[113.2578863, 23.1221411], [113.2579147, 23.1219671], [113.2581988, 23.1220063], [113.2581704, 23.1221804], [113.2578863, 23.1221411]]]}}, {"type": "Feature", "id": 954636890, "properties": {"id": "954636890", "levels": 6, "levels_estimated": false, "height": 18, "building": "apartments", "name": null}, "geometry": {"type": "Polygon", "coordinates": [[[113.2585708, 23.1221357], [113.2585836, 23.1220393], [113.2587536, 23.1220583], [113.2587409, 23.1221548], [113.2585708, 23.1221357]]]}}, {"type": "Feature", "id": 954636891, "properties": {"id": "954636891", "levels": 6, "levels_estimated": false, "height": 18, "building": "apartments", "name": null}, "geometry": {"type": "Polygon", "coordinates": [[[113.2583252, 23.1222064], [113.258374, 23.1218521], [113.2585802, 23.1218762], [113.2585669, 23.1219727], [113.2584501, 23.1219591], [113.2584447, 23.1219982], [113.2585617, 23.1220118], [113.2585498, 23.1220984], [113.2584229, 23.1220836], [113.2584175, 23.1221223], [113.2585427, 23.1221369], [113.2585298, 23.1222302], [113.2583252, 23.1222064]]]}}, {"type": "Feature", "id": 954636892, "properties": {"id": "954636892", "levels": 6, "levels_estimated": false, "height": 18, "building": "apartments", "name": null}, "geometry": {"type": "Polygon", "coordinates": [[[113.2577387, 23.1220467], [113.2577774, 23.1218023], [113.2582123, 23.1218606], [113.258199, 23.121945], [113.257894, 23.1219041], [113.2578607, 23.1221141], [113.2577308, 23.1220967], [113.2577387, 23.1220467]]]}}, {"type": "Feature", "id": 954637440, "properties": {"id": "954637440", "levels": 2, "levels_estimated": false, "height": 6, "building": "yes", "name": null}, "geometry": {"type": "Polygon", "coordinates": [[[113.2586896, 23.1209922], [113.2584992, 23.1208985], [113.2582659, 23.1208541], [113.2582498, 23.1209601], [113.2584831, 23.1210167], [113.258628, 23.1210983], [113.2586896, 23.1209922]]]}}, {"type": "Feature", "id": 954637638, "properties": {"id": "954637638", "levels": 2, "levels_estimated": false, "height": 6, "building": "yes", "name": null}, "geometry": {"type": "Polygon", "coordinates": [[[113.258459, 23.1210983], [113.2586199, 23.1211427], [113.2585931, 23.1212438], [113.2584268, 23.1212019], [113.258459, 23.1210983]]]}}, {"type": "Feature", "id": 954637640, "properties": {"id": "954637640", "levels": 6, "levels_estimated": true, "height": 18, "building": "residential", "name": null}, "geometry": {"type": "Polygon", "coordinates": [[[113.2583639, 23.121442], [113.2583733, 23.1213545], [113.2585636, 23.1213717], [113.2585542, 23.1214593], [113.2583639, 23.121442]]]}}, {"type": "Feature", "id": 954637642, "properties": {"id": "954637642", "levels": 2, "levels_estimated": false, "height": 6, "building": "residential", "name": null}, "geometry": {"type": "Polygon", "coordinates": [[[113.2583754, 23.121332], [113.2585758, 23.1213521], [113.2585861, 23.1212652], [113.2583857, 23.1212451], [113.2583754, 23.121332]]]}}, {"type": "Feature", "id": 954637682, "properties": {"id": "954637682", "levels": 2, "levels_estimated": false, "height": 6, "building": "residential", "name": null}, "geometry": {"type": "Polygon", "coordinates": [[[113.2587942, 23.1219024], [113.2590167, 23.1219244], [113.2590196, 23.1216829], [113.2590196, 23.1216114], [113.2588103, 23.1215966], [113.2587942, 23.1219024]]]}}, {"type": "Feature", "id": 954639602, "properties": {"id": "954639602", "levels": 2, "levels_estimated": false, "height": 6, "building": "residential", "name": null}, "geometry": {"type": "Polygon", "coordinates": [[[113.258231, 23.1212685], [113.2583329, 23.1212783], [113.258349, 23.1211969], [113.2582363, 23.1211797], [113.258231, 23.1212685]]]}}, {"type": "Feature", "id": 954639604, "properties": {"id": "954639604", "levels": 2, "levels_estimated": false, "height": 6, "building": "residential", "name": null}, "geometry": {"type": "Polygon", "coordinates": [[[113.2582068, 23.1214313], [113.2583061, 23.1214361], [113.2583195, 23.1212981], [113.2582229, 23.1212956], [113.2582068, 23.1214313]]]}}, {"type": "Feature", "id": 954639606, "properties": {"id": "954639606", "levels": 2, "levels_estimated": false, "height": 6, "building": "residential", "name": null}, "geometry": {"type": "Polygon", "coordinates": [[[113.2577616, 23.1213524], [113.2578421, 23.1213522], [113.2578394, 23.1212956], [113.2577589, 23.1212932], [113.2577616, 23.1213524]]]}}, {"type": "Feature", "id": 954639607, "properties": {"id": "954639607", "levels": 2, "levels_estimated": false, "height": 6, "building": "residential", "name": null}, "geometry": {"type": "Polygon", "coordinates": [[[113.2580996, 23.1212315], [113.2581612, 23.1212364], [113.2581666, 23.1211969], [113.2581022, 23.1211846], [113.2580996, 23.1212315]]]}}, {"type": "Feature", "id": 954639608, "properties": {"id": "954639608", "levels": 2, "levels_estimated": false, "height": 6, "building": "residential", "name": null}, "geometry": {"type": "Polygon", "coordinates": [[[113.2580967, 23.1213798], [113.2581979, 23.1213872], [113.2582099, 23.1212472], [113.2581088, 23.1212398], [113.2580967, 23.1213798]]]}}, {"type": "Feature", "id": 954639609, "properties": {"id": "954639609", "levels": 2, "levels_estimated": false, "height": 6, "building": "residential", "name": null}, "geometry": {"type": "Polygon", "coordinates": [[[113.2581505, 23.121007], [113.2582578, 23.1210365], [113.2582015, 23.121192], [113.2581022, 23.1211599], [113.2581505, 23.121007]]]}}, {"type": "Feature", "id": 954639611, "properties": {"id": "954639611", "levels": 2, "levels_estimated": false, "height": 6, "building": "residential", "name": null}, "geometry": {"type": "Polygon", "coordinates": [[[113.2578716, 23.1213548], [113.2579654, 23.121345], [113.2579849, 23.121141], [113.2579157, 23.1211284], [113.2579011, 23.1212955], [113.2578689, 23.1212981], [113.2578716, 23.1213548]]]}}, {"type": "Feature", "id": 954639614, "properties": {"id": "954639614", "levels": 2, "levels_estimated": false, "height": 6, "building": "residential", "name": null}, "geometry": {"type": "Polygon", "coordinates": [[[113.2577747, 23.1211558], [113.257891, 23.1211504], [113.2578847, 23.1210345], [113.2577683, 23.1210399], [113.2577747, 23.1211558]]]}}, {"type": "Feature", "id": 954639616, "properties": {"id": "954639616", "levels": 2, "levels_estimated": false, "height": 6, "building": "residential", "name": null}, "geometry": {"type": "Polygon", "coordinates": [[[113.2577484, 23.1212529], [113.2578818, 23.1212739], [113.2578978, 23.1211884], [113.2577643, 23.1211674], [113.2577484, 23.1212529]]]}}, {"type": "Feature", "id": 954643215, "properties": {"id": "954643215", "levels": 5, "levels_estimated": true, "height": 15, "building": "yes", "name": null}, "geometry": {"type": "Polygon", "coordinates": [[[113.2593119, 23.1212438], [113.2594782, 23.1212068], [113.2593977, 23.1210958], [113.2593119, 23.1211179], [113.2593119, 23.1212438]]]}}, {"type": "Feature", "id": 954643216, "properties": {"id": "954643216", "levels": 5, "levels_estimated": true, "height": 15, "building": "yes", "name": null}, "geometry": {"type": "Polygon", "coordinates": [[[113.259446, 23.1213943], [113.2594272, 23.1213226], [113.2595292, 23.1212881], [113.2595533, 23.1213646], [113.259446, 23.1213943]]]}}, {"type": "Feature", "id": 954643217, "properties": {"id": "954643217", "levels": 3, "levels_estimated": true, "height": 9, "building": "retail", "name": null}, "geometry": {"type": "Polygon", "coordinates": [[[113.2592663, 23.1215842], [113.25932, 23.1215818], [113.2593119, 23.1212709], [113.2592127, 23.1212783], [113.2592663, 23.1215842]]]}}, {"type": "Feature", "id": 954643218, "properties": {"id": "954643218", "levels": 5, "levels_estimated": true, "height": 15, "building": "yes", "name": null}, "geometry": {"type": "Polygon", "coordinates": [[[113.2596182, 23.1214985], [113.2597559, 23.1214567], [113.2597317, 23.121389], [113.259594, 23.1214308], [113.2596182, 23.1214985]]]}}, {"type": "Feature", "id": 954643219, "properties": {"id": "954643219", "levels": 5, "levels_estimated": true, "height": 15, "building": "yes", "name": null}, "geometry": {"type": "Polygon", "coordinates": [[[113.2595426, 23.1212759], [113.2596526, 23.1212487], [113.2596043, 23.1211599], [113.259505, 23.1212018], [113.2595426, 23.1212759]]]}}, {"type": "Feature", "id": 954643220, "properties": {"id": "954643220", "levels": 5, "levels_estimated": true, "height": 15, "building": "yes", "name": null}, "geometry": {"type": "Polygon", "coordinates": [[[113.2594864, 23.1215497], [113.2594665, 23.1214948], [113.2595839, 23.1214589], [113.2596038, 23.1215137], [113.2594864, 23.1215497]]]}}, {"type": "Feature", "id": 954643221, "properties": {"id": "954643221", "levels": 5, "levels_estimated": true, "height": 15, "building": "yes", "name": null}, "geometry": {"type": "Polygon", "coordinates": [[[113.2594713, 23.1214724], [113.2594508, 23.1214207], [113.2595462, 23.1213888], [113.2595667, 23.1214404], [113.2594713, 23.1214724]]]}}, {"type": "Feature", "id": 954643222, "properties": {"id": "954643222", "levels": 5, "levels_estimated": true, "height": 15, "building": "yes", "name": null}, "geometry": {"type": "Polygon", "coordinates": [[[113.2593361, 23.1213055], [113.2595077, 23.121266], [113.2594889, 23.1212216], [113.2593307, 23.1212659], [113.2593361, 23.1213055]]]}}, {"type": "Feature", "id": 954643223, "properties": {"id": "954643223", "levels": 5, "levels_estimated": true, "height": 15, "building": "yes", "name": null}, "geometry": {"type": "Polygon", "coordinates": [[[113.2595024, 23.1211846], [113.2596123, 23.1211327], [113.2595372, 23.1210267], [113.2594219, 23.1210834], [113.2595024, 23.1211846]]]}}, {"type": "Feature", "id": 954643224, "properties": {"id": "954643224", "levels": 5, "levels_estimated": true, "height": 15, "building": "yes", "name": null}, "geometry": {"type": "Polygon", "coordinates": [[[113.2591832, 23.1212019], [113.2593012, 23.1211994], [113.2592863, 23.1210838], [113.2591641, 23.1210679], [113.2591832, 23.1212019]]]}}, {"type": "Feature", "id": 954643225, "properties": {"id": "954643225", "levels": 5, "levels_estimated": true, "height": 15, "building": "yes", "name": null}, "geometry": {"type": "Polygon", "coordinates": [[[113.2595855, 23.1214066], [113.2597142, 23.1213721], [113.2596633, 23.1212611], [113.2595479, 23.121303], [113.2595855, 23.1214066]]]}}, {"type": "Feature", "id": 955393223, "properties": {"id": "955393223", "levels": 5, "levels_estimated": true, "height": 15, "building": "yes", "name": null}, "geometry": {"type": "Polygon", "coordinates": [[[113.259403, 23.1210541], [113.2595211, 23.1209848], [113.25947, 23.1209357], [113.2593654, 23.1210097], [113.259403, 23.1210541]]]}}, {"type": "Feature", "id": 955393224, "properties": {"id": "955393224", "levels": 5, "levels_estimated": true, "height": 15, "building": "yes", "name": null}, "geometry": {"type": "Polygon", "coordinates": [[[113.2593252, 23.1208839], [113.259159, 23.1207874], [113.2592072, 23.1207038], [113.2593788, 23.1208049], [113.2594085, 23.1208392], [113.2593252, 23.1208839]]]}}, {"type": "Feature", "id": 955393225, "properties": {"id": "955393225", "levels": 5, "levels_estimated": true, "height": 15, "building": "yes", "name": null}, "geometry": {"type": "Polygon", "coordinates": [[[113.2592662, 23.1210491], [113.2591938, 23.1210047], [113.2592583, 23.1209231], [113.259352, 23.120985], [113.2592662, 23.1210491]]]}}, {"type": "Feature", "id": 955393226, "properties": {"id": "955393226", "levels": 5, "levels_estimated": true, "height": 15, "building": "yes", "name": null}, "geometry": {"type": "Polygon", "coordinates": [[[113.2592957, 23.1210935], [113.2593843, 23.1210514], [113.2593332, 23.1210121], [113.2592662, 23.1210689], [113.2592957, 23.1210935]]]}}, {"type": "Feature", "id": 955393249, "properties": {"id": "955393249", "levels": 5, "levels_estimated": true, "height": 15, "building": "yes", "name": null}, "geometry": {"type": "Polygon", "coordinates": [[[113.259183, 23.1209924], [113.2592474, 23.1209036], [113.2591161, 23.1208096], [113.2591349, 23.1209404], [113.259183, 23.1209924]]]}}, {"type": "Feature", "id": 955393251, "properties": {"id": "955393251", "levels": 5, "levels_estimated": true, "height": 15, "building": "yes", "name": null}, "geometry": {"type": "Polygon", "coordinates": [[[113.2591401, 23.1207803], [113.2591912, 23.1206764], [113.2590625, 23.1206172], [113.2590652, 23.1207282], [113.2591401, 23.1207803]]]}}, {"type": "Feature", "id": 955394707, "properties": {"id": "955394707", "levels": 4, "levels_estimated": false, "height": 12, "building": "yes", "name": null}, "geometry": {"type": "Polygon", "coordinates": [[[113.2588665, 23.1204349], [113.2588157, 23.120188], [113.2587646, 23.1201833], [113.2587029, 23.1204226], [113.2587808, 23.1204618], [113.2588665, 23.1204349]]]}}, {"type": "Feature", "id": 955395122, "properties": {"id": "955395122", "levels": 3, "levels_estimated": false, "height": 9, "building": "yes", "name": null}, "geometry": {"type": "Polygon", "coordinates": [[[113.2589202, 23.1207556], [113.2588907, 23.1205583], [113.2587378, 23.1205879], [113.2586868, 23.1206767], [113.2587379, 23.1207529], [113.2589202, 23.1207556]]]}}, {"type": "Feature", "id": 955395123, "properties": {"id": "955395123", "levels": 3, "levels_estimated": false, "height": 9, "building": "yes", "name": null}, "geometry": {"type": "Polygon", "coordinates": [[[113.2589476, 23.1213634], [113.259026, 23.1212836], [113.2591034, 23.1213479], [113.2590251, 23.1214277], [113.2589476, 23.1213634]]]}}, {"type": "Feature", "id": 955395124, "properties": {"id": "955395124", "levels": 3, "levels_estimated": false, "height": 9, "building": "yes", "name": null}, "geometry": {"type": "Polygon", "coordinates": [[[113.2586895, 23.121059], [113.2588425, 23.1211155], [113.2587968, 23.1212465], [113.2586305, 23.1212046], [113.2586895, 23.121059]]]}}, {"type": "Feature", "id": 955395125, "properties": {"id": "955395125", "levels": 3, "levels_estimated": false, "height": 9, "building": "yes", "name": null}, "geometry": {"type": "Polygon", "coordinates": [[[113.2581423, 23.1202943], [113.2582577, 23.120314], [113.2582872, 23.1201315], [113.2581745, 23.1201241], [113.2581423, 23.1202943]]]}}, {"type": "Feature", "id": 955395126, "properties": {"id": "955395126", "levels": 3, "levels_estimated": false, "height": 9, "building": "yes", "name": null}, "geometry": {"type": "Polygon", "coordinates": [[[113.2590187, 23.1212359], [113.2589179, 23.1211812], [113.258856, 23.1212776], [113.2589567, 23.1213323], [113.2590187, 23.1212359]]]}}, {"type": "Feature", "id": 955395127, "properties": {"id": "955395127", "levels": 3, "levels_estimated": false, "height": 9, "building": "yes", "name": null}, "geometry": {"type": "Polygon", "coordinates": [[[113.2586439, 23.121249], [113.2586037, 23.121392], [113.2586734, 23.1214019], [113.2587056, 23.1212588], [113.2586439, 23.121249]]]}}, {"type": "Feature", "id": 955395128, "properties": {"id": "955395128", "levels": 3, "levels_estimated": false, "height": 9, "building": "yes", "name": null}, "geometry": {"type": "Polygon", "coordinates": [[[113.25874, 23.1212655], [113.2588577, 23.121296], [113.2588148, 23.1214357], [113.2586971, 23.1214052], [113.25874, 23.1212655]]]}}, {"type": "Feature", "id": 955395129, "properties": {"id": "955395129", "levels": 3, "levels_estimated": false, "height": 9, "building": "yes", "name": null}, "geometry": {"type": "Polygon", "coordinates": [[[113.2581906, 23.120356], [113.2584295, 23.1203903], [113.258357, 23.1207208], [113.2581182, 23.1207211], [113.2581906, 23.120356]]]}}, {"type": "Feature", "id": 955395130, "properties": {"id": "955395130", "levels": 3, "levels_estimated": false, "height": 9, "building": "yes", "name": null}, "geometry": {"type": "Polygon", "coordinates": [[[113.2584186, 23.1203412], [113.2584588, 23.1201438], [113.2585797, 23.1201633], [113.258526, 23.1203656], [113.2584186, 23.1203412]]]}}, {"type": "Feature", "id": 955395131, "properties": {"id": "955395131", "levels": 3, "levels_estimated": false, "height": 9, "building": "yes", "name": null}, "geometry": {"type": "Polygon", "coordinates": [[[113.2582711, 23.1203239], [113.2584, 23.1203335], [113.2584401, 23.1201586], [113.2582979, 23.1201364], [113.2582711, 23.1203239]]]}}, {"type": "Feature", "id": 955395132, "properties": {"id": "955395132", "levels": 3, "levels_estimated": false, "height": 9, "building": "yes", "name": null}, "geometry": {"type": "Polygon", "coordinates": [[[113.2585849, 23.1214167], [113.2586654, 23.121429], [113.2586546, 23.1214734], [113.2585742, 23.1214685], [113.2585849, 23.1214167]]]}}, {"type": "Feature", "id": 955395133, "properties": {"id": "955395133", "levels": 3, "levels_estimated": false, "height": 9, "building": "yes", "name": null}, "geometry": {"type": "Polygon", "coordinates": [[[113.2586868, 23.1204177], [113.2587485, 23.1201882], [113.2585983, 23.1201636], [113.2585393, 23.1203708], [113.2586868, 23.1204177]]]}}, {"type": "Feature", "id": 955399127, "properties": {"id": "955399127", "levels": 5, "levels_estimated": false, "height": 15, "building": "yes", "name": null}, "geometry": {"type": "Polygon", "coordinates": [[[113.2589068, 23.1195691], [113.2590436, 23.1196258], [113.2591053, 23.1196258], [113.2591617, 23.119596], [113.2592019, 23.1195368], [113.2589686, 23.1194554], [113.2589068, 23.1195691]]]}}, {"type": "Feature", "id": 955399279, "properties": {"id": "955399279", "levels": 3, "levels_estimated": false, "height": 9, "building": "yes", "name": null}, "geometry": {"type": "Polygon", "coordinates": [[[113.2589175, 23.1194112], [113.2591349, 23.1194973], [113.2592769, 23.1192361], [113.2593468, 23.1192654], [113.2594058, 23.1191544], [113.2591589, 23.1190363], [113.2589175, 23.1194112]]]}}, {"type": "Feature", "id": 955399362, "properties": {"id": "955399362", "levels": 3, "levels_estimated": false, "height": 9, "building": "yes", "name": null}, "geometry": {"type": "Polygon", "coordinates": [[[113.2588156, 23.1200896], [113.2588478, 23.1199564], [113.258888, 23.1197763], [113.2589123, 23.1197168], [113.2588022, 23.1196974], [113.2587351, 23.1199046], [113.2587031, 23.1200819], [113.2588156, 23.1200896]]]}}, {"type": "Feature", "id": 955399386, "properties": {"id": "955399386", "levels": 3, "levels_estimated": false, "height": 9, "building": "residential", "name": null}, "geometry": {"type": "Polygon", "coordinates": [[[113.2587727, 23.1196974], [113.2585018, 23.1196456], [113.2584749, 23.1197368], [113.2587406, 23.1197859], [113.2587727, 23.1196974]]]}}, {"type": "Feature", "id": 955399387, "properties": {"id": "955399387", "levels": 3, "levels_estimated": false, "height": 9, "building": "residential", "name": null}, "geometry": {"type": "Polygon", "coordinates": [[[113.2584508, 23.1197245], [113.2581182, 23.1196554], [113.2581532, 23.119559], [113.2584749, 23.1196357], [113.2584508, 23.1197245]]]}}, {"type": "Feature", "id": 955399723, "properties": {"id": "955399723", "levels": 3, "levels_estimated": false, "height": 9, "building": "yes", "name": null}, "geometry": {"type": "Polygon", "coordinates": [[[113.2586788, 23.1200822], [113.2585205, 23.1200723], [113.2585393, 23.1199884], [113.2586789, 23.1200104], [113.2586788, 23.1200822]]]}}, {"type": "Feature", "id": 955399724, "properties": {"id": "955399724", "levels": 3, "levels_estimated": false, "height": 9, "building": "residential", "name": null}, "geometry": {"type": "Polygon", "coordinates": [[[113.2580562, 23.1195297], [113.2577454, 23.119463], [113.257681, 23.1194778], [113.2576274, 23.1195345], [113.2575978, 23.119574], [113.2580245, 23.1196428], [113.2580562, 23.1195297]]]}}, {"type": "Feature", "id": 955399725, "properties": {"id": "955399725", "levels": 3, "levels_estimated": false, "height": 9, "building": "yes", "name": null}, "geometry": {"type": "Polygon", "coordinates": [[[113.2585152, 23.1200131], [113.258306, 23.1199712], [113.2582899, 23.1200452], [113.2585018, 23.1200748], [113.2585152, 23.1200131]]]}}, {"type": "Feature", "id": 955400341, "properties": {"id": "955400341", "levels": 3, "levels_estimated": false, "height": 9, "building": "residential", "name": null}, "geometry": {"type": "Polygon", "coordinates": [[[113.2580163, 23.1199342], [113.2581022, 23.1199561], [113.2580753, 23.1200304], [113.257976, 23.120018], [113.2580163, 23.1199342]]]}}, {"type": "Feature", "id": 955400342, "properties": {"id": "955400342", "levels": 3, "levels_estimated": false, "height": 9, "building": "residential", "name": null}, "geometry": {"type": "Polygon", "coordinates": [[[113.2582899, 23.1197985], [113.2583703, 23.1198158], [113.2583971, 23.1197245], [113.2583006, 23.1197097], [113.2582899, 23.1197985]]]}}, {"type": "Feature", "id": 955400343, "properties": {"id": "955400343", "levels": 3, "levels_estimated": false, "height": 9, "building": "residential", "name": null}, "geometry": {"type": "Polygon", "coordinates": [[[113.2575973, 23.1196605], [113.2578768, 23.1197023], [113.2579009, 23.1196381], [113.2576075, 23.1195915], [113.2575973, 23.1196605]]]}}, {"type": "Feature", "id": 955400344, "properties": {"id": "955400344", "levels": 3, "levels_estimated": false, "height": 9, "building": "residential", "name": null}, "geometry": {"type": "Polygon", "coordinates": [[[113.2577481, 23.1197122], [113.2579626, 23.119764], [113.257909, 23.1198824], [113.2577132, 23.1198429], [113.2577481, 23.1197122]]]}}, {"type": "Feature", "id": 955400345, "properties": {"id": "955400345", "levels": 3, "levels_estimated": false, "height": 9, "building": "residential", "name": null}, "geometry": {"type": "Polygon", "coordinates": [[[113.2580055, 23.1199021], [113.2581021, 23.1199391], [113.2581584, 23.1197738], [113.2580833, 23.1197442], [113.2580055, 23.1199021]]]}}, {"type": "Feature", "id": 955400346, "properties": {"id": "955400346", "levels": 3, "levels_estimated": false, "height": 9, "building": "residential", "name": null}, "geometry": {"type": "Polygon", "coordinates": [[[113.2582309, 23.1199761], [113.2582899, 23.1199909], [113.2582712, 23.1200523], [113.258204, 23.1200452], [113.2582309, 23.1199761]]]}}, {"type": "Feature", "id": 955400347, "properties": {"id": "955400347", "levels": 3, "levels_estimated": false, "height": 9, "building": "residential", "name": null}, "geometry": {"type": "Polygon", "coordinates": [[[113.2581234, 23.1196755], [113.2582361, 23.1196854], [113.2582228, 23.1197369], [113.2581207, 23.1197273], [113.2581234, 23.1196755]]]}}, {"type": "Feature", "id": 955400348, "properties": {"id": "955400348", "levels": 3, "levels_estimated": false, "height": 9, "building": "residential", "name": null}, "geometry": {"type": "Polygon", "coordinates": [[[113.2580416, 23.1196107], [113.2581128, 23.1196408], [113.2580479, 23.1197708], [113.2579766, 23.1197407], [113.2580416, 23.1196107]]]}}, {"type": "Feature", "id": 955400349, "properties": {"id": "955400349", "levels": 3, "levels_estimated": false, "height": 9, "building": "residential", "name": null}, "geometry": {"type": "Polygon", "coordinates": [[[113.2579143, 23.1196431], [113.2580055, 23.1196579], [113.2579626, 23.1197393], [113.2578822, 23.1197196], [113.2579143, 23.1196431]]]}}, {"type": "Feature", "id": 955400350, "properties": {"id": "955400350", "levels": 3, "levels_estimated": false, "height": 9, "building": "residential", "name": null}, "geometry": {"type": "Polygon", "coordinates": [[[113.25855, 23.1199218], [113.2586977, 23.1199512], [113.2586788, 23.1200057], [113.2585366, 23.119981], [113.25855, 23.1199218]]]}}, {"type": "Feature", "id": 955400351, "properties": {"id": "955400351", "levels": 3, "levels_estimated": false, "height": 9, "building": "residential", "name": null}, "geometry": {"type": "Polygon", "coordinates": [[[113.2576676, 23.1200131], [113.2578607, 23.120018], [113.2578929, 23.1198972], [113.2577078, 23.1198602], [113.2576676, 23.1200131]]]}}, {"type": "Feature", "id": 955400352, "properties": {"id": "955400352", "levels": 3, "levels_estimated": false, "height": 9, "building": "residential", "name": null}, "geometry": {"type": "Polygon", "coordinates": [[[113.2582523, 23.1198232], [113.2583355, 23.1198404], [113.258298, 23.1199586], [113.2582335, 23.119944], [113.2582523, 23.1198232]]]}}, {"type": "Feature", "id": 955400353, "properties": {"id": "955400353", "levels": 3, "levels_estimated": false, "height": 9, "building": "residential", "name": null}, "geometry": {"type": "Polygon", "coordinates": [[[113.2578795, 23.1200106], [113.2579574, 23.1200153], [113.2579948, 23.1199169], [113.2579117, 23.1198972], [113.2578795, 23.1200106]]]}}, {"type": "Feature", "id": 955400354, "properties": {"id": "955400354", "levels": 3, "levels_estimated": false, "height": 9, "building": "residential", "name": null}, "geometry": {"type": "Polygon", "coordinates": [[[113.2581531, 23.1198404], [113.2582417, 23.119855], [113.25818, 23.1200375], [113.2580914, 23.1200205], [113.2581531, 23.1198404]]]}}, {"type": "Feature", "id": 955400355, "properties": {"id": "955400355", "levels": 3, "levels_estimated": false, "height": 9, "building": "residential", "name": null}, "geometry": {"type": "Polygon", "coordinates": [[[113.2579224, 23.1198799], [113.2579921, 23.1198972], [113.2580377, 23.1197862], [113.257976, 23.1197664], [113.2579224, 23.1198799]]]}}, {"type": "Feature", "id": 955400356, "properties": {"id": "955400356", "levels": 3, "levels_estimated": false, "height": 9, "building": "residential", "name": null}, "geometry": {"type": "Polygon", "coordinates": [[[113.2583194, 23.119949], [113.2585126, 23.1199907], [113.2585474, 23.1198922], [113.2583489, 23.1198454], [113.2583194, 23.119949]]]}}, {"type": "Feature", "id": 955400357, "properties": {"id": "955400357", "levels": 3, "levels_estimated": false, "height": 9, "building": "residential", "name": null}, "geometry": {"type": "Polygon", "coordinates": [[[113.2581531, 23.1198084], [113.2581827, 23.119739], [113.2582498, 23.1197415], [113.2582121, 23.1198355], [113.2581531, 23.1198084]]]}}, {"type": "Feature", "id": 955400524, "properties": {"id": "955400524", "levels": 3, "levels_estimated": false, "height": 9, "building": "yes", "name": null}, "geometry": {"type": "Polygon", "coordinates": [[[113.2582309, 23.1193545], [113.2585715, 23.1194334], [113.2585368, 23.1195294], [113.2581988, 23.1194578], [113.2582309, 23.1193545]]]}}, {"type": "Feature", "id": 955400525, "properties": {"id": "955400525", "levels": 3, "levels_estimated": false, "height": 9, "building": "yes", "name": null}, "geometry": {"type": "Polygon", "coordinates": [[[113.2586037, 23.1194309], [113.2589094, 23.1195123], [113.2588826, 23.1196036], [113.2585797, 23.1195244], [113.2586037, 23.1194309]]]}}, {"type": "Feature", "id": 955400808, "properties": {"id": "955400808", "levels": 3, "levels_estimated": false, "height": 9, "building": "yes", "name": null}, "geometry": {"type": "Polygon", "coordinates": [[[113.2591187, 23.119759], [113.2592313, 23.1196036], [113.2593686, 23.119672], [113.2592474, 23.119833], [113.2591187, 23.119759]]]}}, {"type": "Feature", "id": 955400809, "properties": {"id": "955400809", "levels": 3, "levels_estimated": false, "height": 9, "building": "yes", "name": null}, "geometry": {"type": "Polygon", "coordinates": [[[113.2589604, 23.1200279], [113.2590652, 23.1198278], [113.2591081, 23.1197785], [113.2592206, 23.119833], [113.2591537, 23.1200647], [113.2589604, 23.1200279]]]}}, {"type": "Feature", "id": 955400848, "properties": {"id": "955400848", "levels": 3, "levels_estimated": false, "height": 9, "building": "yes", "name": null}, "geometry": {"type": "Polygon", "coordinates": [[[113.2591938, 23.1199909], [113.2594299, 23.1200918], [113.2595828, 23.1198155], [113.2593627, 23.1196949], [113.2591938, 23.1199909]]]}}, {"type": "Feature", "id": 955401399, "properties": {"id": "955401399", "levels": 3, "levels_estimated": false, "height": 9, "building": "retail", "name": null}, "geometry": {"type": "Polygon", "coordinates": [[[113.2590087, 23.1201562], [113.2592341, 23.1202299], [113.259293, 23.1200748], [113.2591804, 23.1200501], [113.2591428, 23.1200896], [113.2590409, 23.1200674], [113.2590087, 23.1201562]]]}}, {"type": "Feature", "id": 955813045, "properties": {"id": "955813045", "levels": 2, "levels_estimated": false, "height": 6, "building": "residential", "name": null}, "geometry": {"type": "Polygon", "coordinates": [[[113.2429157, 23.1206191], [113.2432668, 23.1206422], [113.243254, 23.1208073], [113.2429029, 23.1207842], [113.2429157, 23.1206191]]]}}, {"type": "Feature", "id": 955813046, "properties": {"id": "955813046", "levels": 3, "levels_estimated": false, "height": 9, "building": "residential", "name": null}, "geometry": {"type": "Polygon", "coordinates": [[[113.2426043, 23.1206027], [113.2428753, 23.1206155], [113.2428673, 23.1207857], [113.2425989, 23.1207754], [113.2426043, 23.1206027]]]}}, {"type": "Feature", "id": 955813195, "properties": {"id": "955813195", "levels": 5, "levels_estimated": true, "height": 15, "building": "yes", "name": null}, "geometry": {"type": "Polygon", "coordinates": [[[113.2433312, 23.1208099], [113.2433394, 23.1206501], [113.2436772, 23.1206767], [113.2436557, 23.1208346], [113.2433312, 23.1208099]]]}}, {"type": "Feature", "id": 955813196, "properties": {"id": "955813196", "levels": 5, "levels_estimated": true, "height": 15, "building": "yes", "name": null}, "geometry": {"type": "Polygon", "coordinates": [[[113.243071, 23.1208592], [113.2432804, 23.1208647], [113.2432588, 23.1213625], [113.2430522, 23.1213329], [113.243071, 23.1208592]]]}}, {"type": "Feature", "id": 956516986, "properties": {"id": "956516986", "levels": 5, "levels_estimated": true, "height": 15, "building": "yes", "name": null}, "geometry": {"type": "Polygon", "coordinates": [[[113.2376114, 23.1094699], [113.2376927, 23.1094685], [113.2376903, 23.1093526], [113.237609, 23.109354], [113.2376114, 23.1094699]]]}}, {"type": "Feature", "id": 956516987, "properties": {"id": "956516987", "levels": 5, "levels_estimated": true, "height": 15, "building": "yes", "name": null}, "geometry": {"type": "Polygon", "coordinates": [[[113.2372078, 23.1096684], [113.2373366, 23.109666], [113.2373312, 23.1095401], [113.2372802, 23.1094933], [113.2371032, 23.1094957], [113.2371166, 23.1096413], [113.2372105, 23.1096388], [113.2372078, 23.1096684]]]}}, {"type": "Feature", "id": 956516988, "properties": {"id": "956516988", "levels": 5, "levels_estimated": true, "height": 15, "building": "yes", "name": null}, "geometry": {"type": "Polygon", "coordinates": [[[113.237363, 23.1097302], [113.2375884, 23.1097247], [113.2375836, 23.1095596], [113.2373583, 23.1095651], [113.237363, 23.1097302]]]}}, {"type": "Feature", "id": 956516989, "properties": {"id": "956516989", "levels": 4, "levels_estimated": false, "height": 12, "building": "yes", "name": null}, "geometry": {"type": "Polygon", "coordinates": [[[113.2376062, 23.1094868], [113.2378806, 23.109481], [113.237885, 23.1096546], [113.2376105, 23.1096605], [113.2376062, 23.1094868]]]}}, {"type": "Feature", "id": 956516990, "properties": {"id": "956516990", "levels": 5, "levels_estimated": true, "height": 15, "building": "yes", "name": null}, "geometry": {"type": "Polygon", "coordinates": [[[113.2373164, 23.1095243], [113.2373069, 23.1093506], [113.2375725, 23.1093383], [113.237582, 23.1095121], [113.2373164, 23.1095243]]]}}, {"type": "Feature", "id": 956516991, "properties": {"id": "956516991", "levels": 5, "levels_estimated": true, "height": 15, "building": "yes", "name": null}, "geometry": {"type": "Polygon", "coordinates": [[[113.237306, 23.1092107], [113.2375609, 23.1092038], [113.2375551, 23.1090239], [113.2373002, 23.1090309], [113.237306, 23.1092107]]]}}, {"type": "Feature", "id": 957569968, "properties": {"id": "957569968", "levels": 4, "levels_estimated": false, "height": 12, "building": "yes", "name": null}, "geometry": {"type": "Polygon", "coordinates": [[[113.2425677, 23.1122486], [113.2425724, 23.1121193], [113.2427897, 23.1121261], [113.2427849, 23.1122553], [113.2425677, 23.1122486]]]}}, {"type": "Feature", "id": 957569969, "properties": {"id": "957569969", "levels": 5, "levels_estimated": true, "height": 15, "building": "yes", "name": null}, "geometry": {"type": "Polygon", "coordinates": [[[113.2428108, 23.1122154], [113.2428108, 23.1121438], [113.2429825, 23.112134], [113.2429826, 23.1122105], [113.2428108, 23.1122154]]]}}, {"type": "Feature", "id": 957803892, "properties": {"id": "957803892", "levels": 5, "levels_estimated": true, "height": 15, "building": "yes", "name": null}, "geometry": {"type": "Polygon", "coordinates": [[[113.2377671, 23.1218915], [113.2378796, 23.1218877], [113.2378677, 23.121588], [113.2377551, 23.1215918], [113.2377671, 23.1218915]]]}}, {"type": "Feature", "id": 957803893, "properties": {"id": "957803893", "levels": 5, "levels_estimated": true, "height": 15, "building": "yes", "name": null}, "geometry": {"type": "Polygon", "coordinates": [[[113.2374962, 23.12191], [113.2376654, 23.1219043], [113.2376533, 23.1216009], [113.2374841, 23.1216066], [113.2374962, 23.12191]]]}}, {"type": "Feature", "id": 957830000, "properties": {"id": "957830000", "levels": 3, "levels_estimated": false, "height": 9, "building": "residential", "name": null}, "geometry": {"type": "Polygon", "coordinates": [[[113.2486072, 23.1076235], [113.248575, 23.1074755], [113.2484141, 23.1075125], [113.2484436, 23.107658], [113.2486072, 23.1076235]]]}}, {"type": "Feature", "id": 957830308, "properties": {"id": "957830308", "levels": 3, "levels_estimated": false, "height": 9, "building": "residential", "name": null}, "geometry": {"type": "Polygon", "coordinates": [[[113.2485003, 23.1074651], [113.2484609, 23.1073277], [113.2486321, 23.1072862], [113.2486714, 23.1074236], [113.2485003, 23.1074651]]]}}, {"type": "Feature", "id": 957830309, "properties": {"id": "957830309", "levels": 3, "levels_estimated": false, "height": 9, "building": "residential", "name": null}, "geometry": {"type": "Polygon", "coordinates": [[[113.2483068, 23.10751], [113.2482719, 23.1073694], [113.248449, 23.107325], [113.2484892, 23.107473], [113.2483068, 23.10751]]]}}, {"type": "Feature", "id": 957830310, "properties": {"id": "957830310", "levels": 3, "levels_estimated": false, "height": 9, "building": "residential", "name": null}, "geometry": {"type": "Polygon", "coordinates": [[[113.2481083, 23.1073768], [113.2482639, 23.1073472], [113.2481995, 23.1070462], [113.2480305, 23.1070832], [113.2481083, 23.1073768]]]}}, {"type": "Feature", "id": 957830311, "properties": {"id": "957830311", "levels": 3, "levels_estimated": false, "height": 9, "building": "residential", "name": null}, "geometry": {"type": "Polygon", "coordinates": [[[113.2486805, 23.1074199], [113.2486456, 23.107283], [113.2488051, 23.1072485], [113.2488401, 23.1073855], [113.2486805, 23.1074199]]]}}, {"type": "Feature", "id": 957830312, "properties": {"id": "957830312", "levels": 3, "levels_estimated": false, "height": 9, "building": "residential", "name": null}, "geometry": {"type": "Polygon", "coordinates": [[[113.2481888, 23.1077074], [113.2483283, 23.1077419], [113.2482904, 23.1075422], [113.2481593, 23.1075668], [113.2481888, 23.1077074]]]}}, {"type": "Feature", "id": 957830313, "properties": {"id": "957830313", "levels": 3, "levels_estimated": false, "height": 9, "building": "residential", "name": null}, "geometry": {"type": "Polygon", "coordinates": [[[113.2481378, 23.1075372], [113.2482961, 23.107515], [113.2482639, 23.1073793], [113.248111, 23.1074039], [113.2481378, 23.1075372]]]}}, {"type": "Feature", "id": 957830314, "properties": {"id": "957830314", "levels": 3, "levels_estimated": false, "height": 9, "building": "residential", "name": null}, "geometry": {"type": "Polygon", "coordinates": [[[113.2483551, 23.1077543], [113.2486165, 23.1078147], [113.2486314, 23.1077592], [113.248457, 23.1077247], [113.2484007, 23.1075224], [113.2483041, 23.107547], [113.2483551, 23.1077543]]]}}, {"type": "Feature", "id": 957830909, "properties": {"id": "957830909", "levels": 3, "levels_estimated": false, "height": 9, "building": "residential", "name": null}, "geometry": {"type": "Polygon", "coordinates": [[[113.2474914, 23.1075446], [113.2477757, 23.1076087], [113.2478079, 23.107473], [113.247529, 23.1074261], [113.2474914, 23.1075446]]]}}, {"type": "Feature", "id": 957830910, "properties": {"id": "957830910", "levels": 3, "levels_estimated": false, "height": 9, "building": "residential", "name": null}, "geometry": {"type": "Polygon", "coordinates": [[[113.2478052, 23.1074533], [113.2478428, 23.1072855], [113.2475156, 23.1072288], [113.2474807, 23.1073891], [113.2478052, 23.1074533]]]}}, {"type": "Feature", "id": 957830911, "properties": {"id": "957830911", "levels": 3, "levels_estimated": false, "height": 9, "building": "residential", "name": null}, "geometry": {"type": "Polygon", "coordinates": [[[113.2473385, 23.1073645], [113.2474646, 23.1073867], [113.2474995, 23.1072263], [113.2473627, 23.107209], [113.2473385, 23.1073645]]]}}, {"type": "Feature", "id": 957830912, "properties": {"id": "957830912", "levels": 3, "levels_estimated": false, "height": 9, "building": "residential", "name": null}, "geometry": {"type": "Polygon", "coordinates": [[[113.2472571, 23.1073246], [113.2473308, 23.1073327], [113.2473461, 23.1072133], [113.2472725, 23.1072052], [113.2472571, 23.1073246]]]}}, {"type": "Feature", "id": 957830913, "properties": {"id": "957830913", "levels": 3, "levels_estimated": false, "height": 9, "building": "residential", "name": null}, "geometry": {"type": "Polygon", "coordinates": [[[113.2472312, 23.1074804], [113.2473037, 23.1074952], [113.2473251, 23.1073595], [113.24725, 23.1073447], [113.2472312, 23.1074804]]]}}, {"type": "Feature", "id": 957830914, "properties": {"id": "957830914", "levels": 3, "levels_estimated": false, "height": 9, "building": "residential", "name": null}, "geometry": {"type": "Polygon", "coordinates": [[[113.2473278, 23.1075051], [113.2474861, 23.1075396], [113.2475129, 23.1074261], [113.2473385, 23.1073965], [113.2473278, 23.1075051]]]}}, {"type": "Feature", "id": 957831079, "properties": {"id": "957831079", "levels": 3, "levels_estimated": false, "height": 9, "building": "residential", "name": null}, "geometry": {"type": "Polygon", "coordinates": [[[113.2478105, 23.1076144], [113.2479903, 23.107658], [113.2479526, 23.1075058], [113.24784, 23.1074836], [113.2478105, 23.1076144]]]}}, {"type": "Feature", "id": 957831080, "properties": {"id": "957831080", "levels": 3, "levels_estimated": false, "height": 9, "building": "residential", "name": null}, "geometry": {"type": "Polygon", "coordinates": [[[113.2480143, 23.1076711], [113.2481325, 23.1076926], [113.2480903, 23.1074816], [113.2479715, 23.1075002], [113.2480143, 23.1076711]]]}}, {"type": "Feature", "id": 957873324, "properties": {"id": "957873324", "levels": 3, "levels_estimated": false, "height": 9, "building": "residential", "name": null}, "geometry": {"type": "Polygon", "coordinates": [[[113.2484247, 23.1073134], [113.2485615, 23.1072912], [113.2484944, 23.1069952], [113.2483603, 23.1070198], [113.2484247, 23.1073134]]]}}, {"type": "Feature", "id": 957873325, "properties": {"id": "957873325", "levels": 3, "levels_estimated": false, "height": 9, "building": "residential", "name": null}, "geometry": {"type": "Polygon", "coordinates": [[[113.2482718, 23.1073455], [113.2484114, 23.1073127], [113.2483442, 23.1070371], [113.2482155, 23.1070593], [113.2482718, 23.1073455]]]}}, {"type": "Feature", "id": 957873326, "properties": {"id": "957873326", "levels": 3, "levels_estimated": false, "height": 9, "building": "residential", "name": null}, "geometry": {"type": "Polygon", "coordinates": [[[113.248691, 23.1072515], [113.2486585, 23.1070646], [113.2487512, 23.1070509], [113.2487837, 23.1072378], [113.248691, 23.1072515]]]}}, {"type": "Feature", "id": 957873769, "properties": {"id": "957873769", "levels": 3, "levels_estimated": false, "height": 9, "building": "residential", "name": null}, "geometry": {"type": "Polygon", "coordinates": [[[113.2485451, 23.1071312], [113.2486191, 23.1071193], [113.2486066, 23.1070533], [113.2487557, 23.1070294], [113.2487422, 23.1069579], [113.248519, 23.1069937], [113.2485451, 23.1071312]]]}}, {"type": "Feature", "id": 957873770, "properties": {"id": "957873770", "levels": 3, "levels_estimated": false, "height": 9, "building": "residential", "name": null}, "geometry": {"type": "Polygon", "coordinates": [[[113.2484596, 23.1076761], [113.2486151, 23.107639], [113.2486314, 23.1077395], [113.2484676, 23.1077205], [113.2484596, 23.1076761]]]}}, {"type": "Feature", "id": 957873771, "properties": {"id": "957873771", "levels": 3, "levels_estimated": false, "height": 9, "building": "residential", "name": null}, "geometry": {"type": "Polygon", "coordinates": [[[113.2487948, 23.1071136], [113.2488968, 23.1070914], [113.2488646, 23.1069285], [113.2487574, 23.10695], [113.2487948, 23.1071136]]]}}, {"type": "Feature", "id": 957874543, "properties": {"id": "957874543", "levels": 3, "levels_estimated": false, "height": 9, "building": "residential", "name": null}, "geometry": {"type": "Polygon", "coordinates": [[[113.2487456, 23.1078527], [113.2487766, 23.1077199], [113.2490252, 23.1077691], [113.2489942, 23.1079018], [113.2487456, 23.1078527]]]}}, {"type": "Feature", "id": 957874544, "properties": {"id": "957874544", "levels": 3, "levels_estimated": false, "height": 9, "building": "residential", "name": null}, "geometry": {"type": "Polygon", "coordinates": [[[113.2488753, 23.1075823], [113.2488994, 23.1074886], [113.2490161, 23.1075095], [113.2489826, 23.1076144], [113.2488753, 23.1075823]]]}}, {"type": "Feature", "id": 957874545, "properties": {"id": "957874545", "levels": 3, "levels_estimated": false, "height": 9, "building": "residential", "name": null}, "geometry": {"type": "Polygon", "coordinates": [[[113.2490253, 23.1078481], [113.2491377, 23.1078694], [113.2491976, 23.107602], [113.2490021, 23.107565], [113.2489636, 23.107737], [113.2490467, 23.1077527], [113.2490253, 23.1078481]]]}}, {"type": "Feature", "id": 957874546, "properties": {"id": "957874546", "levels": 3, "levels_estimated": false, "height": 9, "building": "residential", "name": null}, "geometry": {"type": "Polygon", "coordinates": [[[113.2488378, 23.1077057], [113.2488565, 23.1076168], [113.2489747, 23.1076334], [113.2489532, 23.1077222], [113.2488378, 23.1077057]]]}}, {"type": "Feature", "id": 957884609, "properties": {"id": "957884609", "levels": 9, "levels_estimated": false, "height": 27, "building": "apartments", "name": null}, "geometry": {"type": "Polygon", "coordinates": [[[113.2556549, 23.1206266], [113.2557796, 23.120632], [113.255795, 23.1203339], [113.2556703, 23.1203285], [113.2556549, 23.1206266]]]}}, {"type": "Feature", "id": 963850202, "properties": {"id": "963850202", "levels": 2, "levels_estimated": false, "height": 6, "building": "yes", "name": null}, "geometry": {"type": "Polygon", "coordinates": [[[113.251774, 23.1163643], [113.2517941, 23.1162954], [113.2515539, 23.1162361], [113.2515338, 23.116305], [113.251774, 23.1163643]]]}}, {"type": "Feature", "id": 963850204, "properties": {"id": "963850204", "levels": 2, "levels_estimated": false, "height": 6, "building": "yes", "name": null}, "geometry": {"type": "Polygon", "coordinates": [[[113.2515923, 23.1161088], [113.2517974, 23.1161611], [113.2517612, 23.116281], [113.2515561, 23.1162287], [113.2515923, 23.1161088]]]}}, {"type": "Feature", "id": 963850353, "properties": {"id": "963850353", "levels": 9, "levels_estimated": false, "height": 27, "building": "apartments", "name": null}, "geometry": {"type": "Polygon", "coordinates": [[[113.2507235, 23.1169972], [113.2511504, 23.1171475], [113.2510887, 23.1172956], [113.2506618, 23.1171453], [113.2507235, 23.1169972]]]}}, {"type": "Feature", "id": 971305574, "properties": {"id": "971305574", "levels": 8, "levels_estimated": false, "height": 24, "building": "residential", "name": null}, "geometry": {"type": "Polygon", "coordinates": [[[113.2597622, 23.1047476], [113.2598768, 23.1047559], [113.2598882, 23.1046232], [113.2597735, 23.1046149], [113.2597622, 23.1047476]]]}}, {"type": "Feature", "id": 971305575, "properties": {"id": "971305575", "levels": 6, "levels_estimated": true, "height": 18, "building": "residential", "name": null}, "geometry": {"type": "Polygon", "coordinates": [[[113.2597735, 23.1046149], [113.2598882, 23.1046232], [113.2598992, 23.104489], [113.2597845, 23.1044807], [113.2597735, 23.1046149]]]}}, {"type": "Feature", "id": 971305576, "properties": {"id": "971305576", "levels": 6, "levels_estimated": true, "height": 18, "building": "residential", "name": null}, "geometry": {"type": "Polygon", "coordinates": [[[113.2597845, 23.1044807], [113.2598992, 23.104489], [113.2599112, 23.1043716], [113.2597948, 23.1043603], [113.2597845, 23.1044807]]]}}, {"type": "Feature", "id": 973107436, "properties": {"id": "973107436", "levels": 2, "levels_estimated": false, "height": 6, "building": "residential", "name": null}, "geometry": {"type": "Polygon", "coordinates": [[[113.2493958, 23.1054756], [113.2495862, 23.1054608], [113.2495809, 23.1053843], [113.2493958, 23.1053941], [113.2493958, 23.1054756]]]}}, {"type": "Feature", "id": 973107607, "properties": {"id": "973107607", "levels": 2, "levels_estimated": false, "height": 6, "building": "residential", "name": null}, "geometry": {"type": "Polygon", "coordinates": [[[113.2493985, 23.1051943], [113.2493958, 23.1051104], [113.249546, 23.105103], [113.2495433, 23.1051869], [113.2493985, 23.1051943]]]}}, {"type": "Feature", "id": 973107608, "properties": {"id": "973107608", "levels": 2, "levels_estimated": false, "height": 6, "building": "residential", "name": null}, "geometry": {"type": "Polygon", "coordinates": [[[113.2493931, 23.1052807], [113.2493931, 23.105214], [113.2495567, 23.1052066], [113.2495567, 23.1052733], [113.2493931, 23.1052807]]]}}, {"type": "Feature", "id": 973107609, "properties": {"id": "973107609", "levels": 2, "levels_estimated": false, "height": 6, "building": "residential", "name": null}, "geometry": {"type": "Polygon", "coordinates": [[[113.2493931, 23.1053695], [113.2495755, 23.1053571], [113.2495782, 23.1053004], [113.2493877, 23.1053078], [113.2493931, 23.1053695]]]}}, {"type": "Feature", "id": 973107610, "properties": {"id": "973107610", "levels": 2, "levels_estimated": false, "height": 6, "building": "residential", "name": null}, "geometry": {"type": "Polygon", "coordinates": [[[113.2492885, 23.1052807], [113.2493824, 23.1052955], [113.2493931, 23.105214], [113.2493958, 23.1051992], [113.2492992, 23.1051894], [113.2492885, 23.1052807]]]}}, {"type": "Feature", "id": 973107671, "properties": {"id": "973107671", "levels": 2, "levels_estimated": false, "height": 6, "building": "residential", "name": null}, "geometry": {"type": "Polygon", "coordinates": [[[113.2489854, 23.1048465], [113.2491356, 23.1048613], [113.2491598, 23.1047058], [113.2490069, 23.1046886], [113.2489854, 23.1048465]]]}}, {"type": "Feature", "id": 973107672, "properties": {"id": "973107672", "levels": 2, "levels_estimated": false, "height": 6, "building": "residential", "name": null}, "geometry": {"type": "Polygon", "coordinates": [[[113.2489398, 23.1050093], [113.2487869, 23.104992], [113.2488084, 23.1048415], [113.2489693, 23.1048588], [113.2489398, 23.1050093]]]}}, {"type": "Feature", "id": 973107673, "properties": {"id": "973107673", "levels": 2, "levels_estimated": false, "height": 6, "building": "residential", "name": null}, "geometry": {"type": "Polygon", "coordinates": [[[113.2491061, 23.1050191], [113.2491302, 23.1048761], [113.2489827, 23.1048613], [113.2489586, 23.1050093], [113.2491061, 23.1050191]]]}}, {"type": "Feature", "id": 973107674, "properties": {"id": "973107674", "levels": 2, "levels_estimated": false, "height": 6, "building": "residential", "name": null}, "geometry": {"type": "Polygon", "coordinates": [[[113.2491115, 23.1054657], [113.2492375, 23.1054879], [113.2492563, 23.1053547], [113.2491624, 23.1053473], [113.2491517, 23.1054114], [113.2491142, 23.1054065], [113.2491115, 23.1054657]]]}}, {"type": "Feature", "id": 973108269, "properties": {"id": "973108269", "levels": 2, "levels_estimated": false, "height": 6, "building": "residential", "name": null}, "geometry": {"type": "Polygon", "coordinates": [[[113.2488862, 23.1052239], [113.2489237, 23.1050463], [113.2491007, 23.1050734], [113.2490873, 23.1052486], [113.2488862, 23.1052239]]]}}, {"type": "Feature", "id": 973108270, "properties": {"id": "973108270", "levels": 2, "levels_estimated": false, "height": 6, "building": "residential", "name": null}, "geometry": {"type": "Polygon", "coordinates": [[[113.2488459, 23.1054435], [113.2488915, 23.1054534], [113.2488969, 23.1054188], [113.2490525, 23.1054361], [113.2490847, 23.105256], [113.2488862, 23.1052412], [113.2488459, 23.1054435]]]}}, {"type": "Feature", "id": 973109410, "properties": {"id": "973109410", "levels": 2, "levels_estimated": false, "height": 6, "building": "residential", "name": null}, "geometry": {"type": "Polygon", "coordinates": [[[113.2490954, 23.1053275], [113.2491276, 23.1051721], [113.2492724, 23.1051943], [113.2492483, 23.1053423], [113.2490954, 23.1053275]]]}}, {"type": "Feature", "id": 973109414, "properties": {"id": "973109414", "levels": 2, "levels_estimated": false, "height": 6, "building": "residential", "name": null}, "geometry": {"type": "Polygon", "coordinates": [[[113.2491598, 23.1051672], [113.2491705, 23.1051104], [113.2491329, 23.105108], [113.2491463, 23.1050241], [113.249267, 23.1050463], [113.2492509, 23.1051721], [113.2491598, 23.1051672]]]}}, {"type": "Feature", "id": 973109542, "properties": {"id": "973109542", "levels": 2, "levels_estimated": false, "height": 6, "building": "residential", "name": null}, "geometry": {"type": "Polygon", "coordinates": [[[113.2481459, 23.1051746], [113.2482478, 23.1051894], [113.24828, 23.105034], [113.2481727, 23.1050191], [113.2481459, 23.1051746]]]}}, {"type": "Feature", "id": 973109543, "properties": {"id": "973109543", "levels": 2, "levels_estimated": false, "height": 6, "building": "residential", "name": null}, "geometry": {"type": "Polygon", "coordinates": [[[113.2488593, 23.1053201], [113.2487521, 23.1053029], [113.2487306, 23.1054213], [113.2488379, 23.105441], [113.2488593, 23.1053201]]]}}, {"type": "Feature", "id": 973109544, "properties": {"id": "973109544", "levels": 2, "levels_estimated": false, "height": 6, "building": "residential", "name": null}, "geometry": {"type": "Polygon", "coordinates": [[[113.2481217, 23.1053127], [113.2481405, 23.1051992], [113.2484704, 23.1052511], [113.248449, 23.1053621], [113.2481217, 23.1053127]]]}}, {"type": "Feature", "id": 973109703, "properties": {"id": "973109703", "levels": 2, "levels_estimated": false, "height": 6, "building": "residential", "name": null}, "geometry": {"type": "Polygon", "coordinates": [[[113.2485616, 23.1053892], [113.2485697, 23.1053547], [113.2484731, 23.1053399], [113.2484892, 23.1052683], [113.2487226, 23.1053103], [113.2487031, 23.1054078], [113.2485616, 23.1053892]]]}}, {"type": "Feature", "id": 973109704, "properties": {"id": "973109704", "levels": 2, "levels_estimated": false, "height": 6, "building": "residential", "name": null}, "geometry": {"type": "Polygon", "coordinates": [[[113.2482612, 23.1052042], [113.2482934, 23.1050315], [113.2485053, 23.105071], [113.2484704, 23.1052387], [113.2482612, 23.1052042]]]}}, {"type": "Feature", "id": 973111238, "properties": {"id": "973111238", "levels": 2, "levels_estimated": false, "height": 6, "building": "residential", "name": null}, "geometry": {"type": "Polygon", "coordinates": [[[113.2487816, 23.1057543], [113.2488164, 23.1055742], [113.2485992, 23.1055446], [113.2485697, 23.1057297], [113.2487816, 23.1057543]]]}}, {"type": "Feature", "id": 973111239, "properties": {"id": "973111239", "levels": 2, "levels_estimated": false, "height": 6, "building": "residential", "name": null}, "geometry": {"type": "Polygon", "coordinates": [[[113.2485589, 23.1050142], [113.2486984, 23.105029], [113.2486635, 23.1052264], [113.2485294, 23.1052116], [113.2485589, 23.1050142]]]}}, {"type": "Feature", "id": 973111240, "properties": {"id": "973111240", "levels": 2, "levels_estimated": false, "height": 6, "building": "residential", "name": null}, "geometry": {"type": "Polygon", "coordinates": [[[113.2482474, 23.1061963], [113.2482612, 23.1061047], [113.2483685, 23.1061195], [113.2483578, 23.1062107], [113.2482474, 23.1061963]]]}}, {"type": "Feature", "id": 973111241, "properties": {"id": "973111241", "levels": 2, "levels_estimated": false, "height": 6, "building": "residential", "name": null}, "geometry": {"type": "Polygon", "coordinates": [[[113.2483256, 23.1056754], [113.2484302, 23.1056877], [113.2484087, 23.1058357], [113.2482907, 23.1058185], [113.2483256, 23.1056754]]]}}, {"type": "Feature", "id": 973111242, "properties": {"id": "973111242", "levels": 2, "levels_estimated": false, "height": 6, "building": "residential", "name": null}, "geometry": {"type": "Polygon", "coordinates": [[[113.2483964, 23.1058684], [113.2485626, 23.1058912], [113.2485244, 23.1061266], [113.2483582, 23.1061038], [113.2483964, 23.1058684]]]}}, {"type": "Feature", "id": 973111243, "properties": {"id": "973111243", "levels": 2, "levels_estimated": false, "height": 6, "building": "residential", "name": null}, "geometry": {"type": "Polygon", "coordinates": [[[113.2487091, 23.1050389], [113.2489103, 23.1050611], [113.2488781, 23.1052412], [113.248677, 23.1052165], [113.2487091, 23.1050389]]]}}, {"type": "Feature", "id": 973111244, "properties": {"id": "973111244", "levels": 2, "levels_estimated": false, "height": 6, "building": "residential", "name": null}, "geometry": {"type": "Polygon", "coordinates": [[[113.2487145, 23.1048588], [113.248744, 23.104654], [113.2486823, 23.1046491], [113.2486609, 23.1048563], [113.2487145, 23.1048588]]]}}, {"type": "Feature", "id": 973111407, "properties": {"id": "973111407", "levels": 2, "levels_estimated": false, "height": 6, "building": "residential", "name": null}, "geometry": {"type": "Polygon", "coordinates": [[[113.2486475, 23.1049723], [113.2487789, 23.1049871], [113.248795, 23.1048662], [113.2486689, 23.1048687], [113.2486475, 23.1049723]]]}}, {"type": "Feature", "id": 973111408, "properties": {"id": "973111408", "levels": 2, "levels_estimated": false, "height": 6, "building": "residential", "name": null}, "geometry": {"type": "Polygon", "coordinates": [[[113.249149, 23.1050117], [113.2492805, 23.1050315], [113.2492992, 23.1049303], [113.2491785, 23.1049057], [113.249149, 23.1050117]]]}}, {"type": "Feature", "id": 973111409, "properties": {"id": "973111409", "levels": 2, "levels_estimated": false, "height": 6, "building": "residential", "name": null}, "geometry": {"type": "Polygon", "coordinates": [[[113.2485831, 23.1048517], [113.2486584, 23.1048636], [113.248638, 23.1049729], [113.2485626, 23.1049609], [113.2485831, 23.1048517]]]}}, {"type": "Feature", "id": 973111898, "properties": {"id": "973111898", "levels": 2, "levels_estimated": false, "height": 6, "building": "residential", "name": null}, "geometry": {"type": "Polygon", "coordinates": [[[113.249943, 23.1057765], [113.2500046, 23.1057839], [113.2500771, 23.1058111], [113.250069, 23.1056705], [113.2499269, 23.1056803], [113.249943, 23.1057765]]]}}, {"type": "Feature", "id": 973112573, "properties": {"id": "973112573", "levels": 2, "levels_estimated": false, "height": 6, "building": "residential", "name": null}, "geometry": {"type": "Polygon", "coordinates": [[[113.2499108, 23.1057321], [113.2497793, 23.1056902], [113.249782, 23.1056186], [113.2499135, 23.1056014], [113.2499108, 23.1057321]]]}}, {"type": "Feature", "id": 973112574, "properties": {"id": "973112574", "levels": 2, "levels_estimated": false, "height": 6, "building": "residential", "name": null}, "geometry": {"type": "Polygon", "coordinates": [[[113.2497772, 23.1054184], [113.2499033, 23.1054145], [113.2499008, 23.1053467], [113.2497748, 23.1053506], [113.2497772, 23.1054184]]]}}, {"type": "Feature", "id": 973112575, "properties": {"id": "973112575", "levels": 2, "levels_estimated": false, "height": 6, "building": "residential", "name": null}, "geometry": {"type": "Polygon", "coordinates": [[[113.249943, 23.1056606], [113.249943, 23.1055742], [113.250061, 23.1055619], [113.2500663, 23.1056532], [113.249943, 23.1056606]]]}}, {"type": "Feature", "id": 973112576, "properties": {"id": "973112576", "levels": 2, "levels_estimated": false, "height": 6, "building": "residential", "name": null}, "geometry": {"type": "Polygon", "coordinates": [[[113.249776, 23.1055724], [113.2499074, 23.1055711], [113.2499061, 23.1054601], [113.2497747, 23.1054614], [113.249776, 23.1055724]]]}}, {"type": "Feature", "id": 973112973, "properties": {"id": "973112973", "levels": 3, "levels_estimated": false, "height": 9, "building": "residential", "name": null}, "geometry": {"type": "Polygon", "coordinates": [[[113.2508603, 23.1059862], [113.2505438, 23.1059764], [113.2503882, 23.105969], [113.2502595, 23.1059468], [113.2502702, 23.1061145], [113.2508603, 23.1061096], [113.2508603, 23.1059862]]]}}, {"type": "Feature", "id": 973112974, "properties": {"id": "973112974", "levels": 2, "levels_estimated": false, "height": 6, "building": "residential", "name": null}, "geometry": {"type": "Polygon", "coordinates": [[[113.25023, 23.1060997], [113.2502326, 23.1059542], [113.250128, 23.1059369], [113.2499993, 23.10589], [113.2498813, 23.105853], [113.249774, 23.105816], [113.2497418, 23.1058974], [113.2496828, 23.1059048], [113.249656, 23.105964], [113.249664, 23.1061318], [113.2500637, 23.1061219], [113.25023, 23.1060997]]]}}, {"type": "Feature", "id": 973112975, "properties": {"id": "973112975", "levels": 3, "levels_estimated": false, "height": 9, "building": "residential", "name": null}, "geometry": {"type": "Polygon", "coordinates": [[[113.2504043, 23.1058777], [113.2503989, 23.105557], [113.2500744, 23.1055619], [113.2500878, 23.1058111], [113.2501468, 23.1058333], [113.2502487, 23.1058579], [113.2504043, 23.1058777]]]}}, {"type": "Feature", "id": 973113094, "properties": {"id": "973113094", "levels": 2, "levels_estimated": false, "height": 6, "building": "residential", "name": null}, "geometry": {"type": "Polygon", "coordinates": [[[113.2494253, 23.1057593], [113.2493341, 23.1057149], [113.249259, 23.1057075], [113.249259, 23.1058012], [113.2494038, 23.1058111], [113.2494253, 23.1057593]]]}}, {"type": "Feature", "id": 973113095, "properties": {"id": "973113095", "levels": 8, "levels_estimated": false, "height": 24, "building": "apartments", "name": null}, "geometry": {"type": "Polygon", "coordinates": [[[113.2496801, 23.1058382], [113.2494441, 23.1057568], [113.2493958, 23.1058802], [113.2496157, 23.1059517], [113.2496801, 23.1058382]]]}}, {"type": "Feature", "id": 973113252, "properties": {"id": "973113252", "levels": 3, "levels_estimated": false, "height": 9, "building": "residential", "name": null}, "geometry": {"type": "Polygon", "coordinates": [[[113.2496238, 23.1056482], [113.2497445, 23.1056877], [113.2497337, 23.1055126], [113.2496211, 23.1055224], [113.2496238, 23.1056482]]]}}, {"type": "Feature", "id": 973115820, "properties": {"id": "973115820", "levels": 2, "levels_estimated": false, "height": 6, "building": "residential", "name": null}, "geometry": {"type": "Polygon", "coordinates": [[[113.2582524, 23.1103701], [113.2582739, 23.1102566], [113.2583383, 23.110269], [113.2583195, 23.1103824], [113.2582524, 23.1103701]]]}}, {"type": "Feature", "id": 973115821, "properties": {"id": "973115821", "levels": 3, "levels_estimated": false, "height": 9, "building": "residential", "name": null}, "geometry": {"type": "Polygon", "coordinates": [[[113.2582551, 23.1102221], [113.2580781, 23.1101653], [113.2580164, 23.1103035], [113.2582203, 23.1103701], [113.2582551, 23.1102221]]]}}, {"type": "Feature", "id": 973115822, "properties": {"id": "973115822", "levels": 3, "levels_estimated": false, "height": 9, "building": "residential", "name": null}, "geometry": {"type": "Polygon", "coordinates": [[[113.258062, 23.1101678], [113.2579386, 23.110116], [113.2578903, 23.1102245], [113.2580164, 23.1102665], [113.258062, 23.1101678]]]}}, {"type": "Feature", "id": 973115823, "properties": {"id": "973115823", "levels": 3, "levels_estimated": false, "height": 9, "building": "residential", "name": null}, "geometry": {"type": "Polygon", "coordinates": [[[113.2579789, 23.1104022], [113.2582203, 23.1104663], [113.2582444, 23.1103898], [113.258003, 23.1103257], [113.2579789, 23.1104022]]]}}, {"type": "Feature", "id": 973116103, "properties": {"id": "973116103", "levels": 2, "levels_estimated": false, "height": 6, "building": "residential", "name": null}, "geometry": {"type": "Polygon", "coordinates": [[[113.2578471, 23.1103617], [113.2578709, 23.11029], [113.2579859, 23.1103223], [113.2579621, 23.110394], [113.2578471, 23.1103617]]]}}, {"type": "Feature", "id": 973116178, "properties": {"id": "973116178", "levels": 2, "levels_estimated": false, "height": 6, "building": "residential", "name": null}, "geometry": {"type": "Polygon", "coordinates": [[[113.2586709, 23.110338], [113.2584482, 23.1102764], [113.2584992, 23.1101777], [113.2587111, 23.1102221], [113.2586709, 23.110338]]]}}, {"type": "Feature", "id": 973116179, "properties": {"id": "973116179", "levels": 2, "levels_estimated": false, "height": 6, "building": "residential", "name": null}, "geometry": {"type": "Polygon", "coordinates": [[[113.2588559, 23.110417], [113.2587433, 23.1103898], [113.2587004, 23.1105008], [113.2588211, 23.1105329], [113.2588559, 23.110417]]]}}, {"type": "Feature", "id": 979807031, "properties": {"id": "979807031", "levels": 32, "levels_estimated": false, "height": 96, "building": "apartments", "name": "万科·金域华府"}, "geometry": {"type": "Polygon", "coordinates": [[[113.2421708, 23.122056], [113.2423998, 23.1220616], [113.2424013, 23.122009], [113.2425673, 23.1220131], [113.2425656, 23.122069], [113.2426441, 23.1220709], [113.2426403, 23.1222018], [113.2425657, 23.1221999], [113.2425641, 23.1222537], [113.2424096, 23.1222499], [113.2424113, 23.1221942], [113.2421397, 23.1221874], [113.2421379, 23.1222463], [113.2419774, 23.1222423], [113.2419784, 23.1222088], [113.2419263, 23.1222075], [113.2419308, 23.1220544], [113.2419859, 23.1220557], [113.2419875, 23.1220007], [113.2421723, 23.1220053], [113.2421708, 23.122056]]]}}, {"type": "Feature", "id": 979807789, "properties": {"id": "979807789", "levels": 24, "levels_estimated": false, "height": 72, "building": "apartments", "name": null}, "geometry": {"type": "Polygon", "coordinates": [[[113.2418564, 23.1233195], [113.2422866, 23.1233238], [113.2422881, 23.1232011], [113.2420124, 23.1231983], [113.2420159, 23.1229042], [113.2422299, 23.1229064], [113.2422312, 23.1227967], [113.2418626, 23.122793], [113.2418564, 23.1233195]]]}}, {"type": "Feature", "id": 979807790, "properties": {"id": "979807790", "levels": 5, "levels_estimated": false, "height": 15, "building": "commercial", "name": "华林国际E馆"}, "geometry": {"type": "Polygon", "coordinates": [[[113.2418439, 23.1234109], [113.2423293, 23.1234097], [113.2423271, 23.1226407], [113.2418417, 23.1226419], [113.2418439, 23.1234109]]]}}, {"type": "Feature", "id": 979808042, "properties": {"id": "979808042", "levels": 10, "levels_estimated": false, "height": 30, "building": "yes", "name": null}, "geometry": {"type": "Polygon", "coordinates": [[[113.2418426, 23.1235429], [113.2419901, 23.1235405], [113.2421778, 23.1235775], [113.2423362, 23.1236651], [113.2424784, 23.1238155], [113.2424918, 23.1238772], [113.2423468, 23.1239253], [113.24232, 23.1238661], [113.2422717, 23.1238291], [113.2421796, 23.1237517], [113.2421295, 23.1238192], [113.2421753, 23.1238525], [113.2422155, 23.1239043], [113.2422128, 23.123929], [113.2421, 23.1239228], [113.2419901, 23.1238784], [113.2419284, 23.123834], [113.2419069, 23.1237847], [113.241915, 23.1237452], [113.2419901, 23.1237477], [113.2420384, 23.123765], [113.2420705, 23.1236959], [113.2420196, 23.1236836], [113.2419042, 23.1236762], [113.2418399, 23.1236762], [113.2418426, 23.1235429]]]}}, {"type": "Feature", "id": 981803616, "properties": {"id": "981803616", "levels": 4, "levels_estimated": false, "height": 12, "building": "yes", "name": null}, "geometry": {"type": "Polygon", "coordinates": [[[113.2425165, 23.1146499], [113.2428217, 23.1146506], [113.2428225, 23.1143412], [113.2425173, 23.1143405], [113.2425165, 23.1146499]]]}}, {"type": "Feature", "id": 981805287, "properties": {"id": "981805287", "levels": 16, "levels_estimated": false, "height": 48, "building": "commercial", "name": "集富大厦"}, "geometry": {"type": "Polygon", "coordinates": [[[113.2421432, 23.1146427], [113.242479, 23.1146311], [113.2424678, 23.1143558], [113.242132, 23.1143674], [113.2421432, 23.1146427]]]}}, {"type": "Feature", "id": 982037784, "properties": {"id": "982037784", "levels": 6, "levels_estimated": false, "height": 18, "building": "commercial", "name": null}, "geometry": {"type": "Polygon", "coordinates": [[[113.2363521, 23.108843], [113.2356951, 23.1090379], [113.2358211, 23.1094425], [113.2364595, 23.1091687], [113.2364488, 23.1091317], [113.2368779, 23.1089837], [113.2368861, 23.1089405], [113.236771, 23.1089541], [113.2367399, 23.1088755], [113.2366586, 23.1089003], [113.2365909, 23.1089195], [113.2365587, 23.1088381], [113.2363683, 23.1088949], [113.2363521, 23.108843]]]}}, {"type": "Feature", "id": 982037996, "properties": {"id": "982037996", "levels": 3, "levels_estimated": false, "height": 9, "building": "yes", "name": null}, "geometry": {"type": "Polygon", "coordinates": [[[113.2359062, 23.1103244], [113.2361455, 23.1103146], [113.2361334, 23.110063], [113.2358941, 23.1100728], [113.2359062, 23.1103244]]]}}, {"type": "Feature", "id": 982039450, "properties": {"id": "982039450", "levels": 3, "levels_estimated": false, "height": 9, "building": "retail", "name": null}, "geometry": {"type": "Polygon", "coordinates": [[[113.2434939, 23.1097951], [113.2434861, 23.1096504], [113.2438463, 23.1096325], [113.2438517, 23.1097805], [113.2434939, 23.1097951]]]}}, {"type": "Feature", "id": 982039502, "properties": {"id": "982039502", "levels": 2, "levels_estimated": false, "height": 6, "building": "retail", "name": null}, "geometry": {"type": "Polygon", "coordinates": [[[113.2434939, 23.1097951], [113.2432727, 23.1098052], [113.2432649, 23.1096605], [113.2434861, 23.1096504], [113.2434939, 23.1097951]]]}}, {"type": "Feature", "id": 982039991, "properties": {"id": "982039991", "levels": 3, "levels_estimated": false, "height": 9, "building": "yes", "name": null}, "geometry": {"type": "Polygon", "coordinates": [[[113.2428032, 23.1099874], [113.2430352, 23.1099792], [113.2430321, 23.1099052], [113.2428001, 23.1099134], [113.2428032, 23.1099874]]]}}, {"type": "Feature", "id": 982042246, "properties": {"id": "982042246", "levels": 4, "levels_estimated": false, "height": 12, "building": "residential", "name": null}, "geometry": {"type": "Polygon", "coordinates": [[[113.2407508, 23.1095828], [113.2408948, 23.1095749], [113.2408992, 23.109643], [113.2409986, 23.1096376], [113.2409873, 23.1094623], [113.2407439, 23.1094757], [113.2407508, 23.1095828]]]}}, {"type": "Feature", "id": 982042347, "properties": {"id": "982042347", "levels": 4, "levels_estimated": false, "height": 12, "building": "residential", "name": null}, "geometry": {"type": "Polygon", "coordinates": [[[113.2407319, 23.1093815], [113.2409932, 23.1093815], [113.2409932, 23.1092667], [113.2407319, 23.1092668], [113.2407319, 23.1093815]]]}}, {"type": "Feature", "id": 982042348, "properties": {"id": "982042348", "levels": 3, "levels_estimated": false, "height": 9, "building": "retail", "name": null}, "geometry": {"type": "Polygon", "coordinates": [[[113.2407242, 23.1095979], [113.240692, 23.1096424], [113.2405016, 23.1096522], [113.2404855, 23.1092797], [113.2407135, 23.1092674], [113.2407242, 23.1095979]]]}}, {"type": "Feature", "id": 982132931, "properties": {"id": "982132931", "levels": 5, "levels_estimated": true, "height": 15, "building": "yes", "name": null}, "geometry": {"type": "Polygon", "coordinates": [[[113.2439142, 23.1121911], [113.2440376, 23.1122357], [113.2440572, 23.1121899], [113.2439338, 23.1121453], [113.2439226, 23.1121714], [113.2439142, 23.1121911]]]}}, {"type": "Feature", "id": 982132932, "properties": {"id": "982132932", "levels": 5, "levels_estimated": true, "height": 15, "building": "yes", "name": null}, "geometry": {"type": "Polygon", "coordinates": [[[113.2443594, 23.1113667], [113.2444976, 23.1113671], [113.2444977, 23.1113364], [113.2444978, 23.1113124], [113.2443596, 23.1113121], [113.2443594, 23.1113667]]]}}, {"type": "Feature", "id": 982132933, "properties": {"id": "982132933", "levels": 5, "levels_estimated": true, "height": 15, "building": "yes", "name": null}, "geometry": {"type": "Polygon", "coordinates": [[[113.2429856, 23.111482], [113.2431191, 23.1114814], [113.2431191, 23.1114811], [113.2431189, 23.1114437], [113.2429854, 23.1114443], [113.2429855, 23.1114637], [113.2429856, 23.111482]]]}}, {"type": "Feature", "id": 982371453, "properties": {"id": "982371453", "levels": 2, "levels_estimated": false, "height": 6, "building": "yes", "name": null}, "geometry": {"type": "Polygon", "coordinates": [[[113.2407957, 23.1101674], [113.2408754, 23.1101656], [113.2408698, 23.1099562], [113.2407901, 23.109958], [113.2407957, 23.1101674]]]}}, {"type": "Feature", "id": 982457851, "properties": {"id": "982457851", "levels": 1, "levels_estimated": false, "height": 3, "building": "yes", "name": "广州俱乐部旧址"}, "geometry": {"type": "Polygon", "coordinates": [[[113.2374552, 23.1102179], [113.2375425, 23.1102166], [113.2375401, 23.1100738], [113.2374251, 23.1100755], [113.2374262, 23.1101411], [113.237385, 23.1101416], [113.2373835, 23.1100555], [113.2372023, 23.110058], [113.2372073, 23.1103603], [113.2372924, 23.1103591], [113.2372912, 23.1102879], [113.2374284, 23.1102859], [113.2374563, 23.1102855], [113.2374552, 23.1102179]]]}}, {"type": "Feature", "id": 982457852, "properties": {"id": "982457852", "levels": 2, "levels_estimated": false, "height": 6, "building": "yes", "name": null}, "geometry": {"type": "Polygon", "coordinates": [[[113.2375586, 23.1102508], [113.2376255, 23.1102497], [113.2376213, 23.1100358], [113.2375545, 23.1100369], [113.2375586, 23.1102508]]]}}, {"type": "Feature", "id": 982458079, "properties": {"id": "982458079", "levels": 5, "levels_estimated": true, "height": 15, "building": "yes", "name": null}, "geometry": {"type": "Polygon", "coordinates": [[[113.2416091, 23.1103436], [113.2418424, 23.1103382], [113.2418403, 23.1102618], [113.241607, 23.1102672], [113.2416091, 23.1103436]]]}}, {"type": "Feature", "id": 982458080, "properties": {"id": "982458080", "levels": 5, "levels_estimated": true, "height": 15, "building": "yes", "name": null}, "geometry": {"type": "Polygon", "coordinates": [[[113.2411106, 23.1102943], [113.2412982, 23.1102872], [113.2413052, 23.1104438], [113.2411176, 23.110451], [113.2411106, 23.1102943]]]}}, {"type": "Feature", "id": 982458081, "properties": {"id": "982458081", "levels": 5, "levels_estimated": true, "height": 15, "building": "yes", "name": null}, "geometry": {"type": "Polygon", "coordinates": [[[113.2407563, 23.1106887], [113.2408925, 23.1106833], [113.2408803, 23.11042], [113.240781, 23.1104239], [113.2407828, 23.1104643], [113.2407459, 23.1104657], [113.2407563, 23.1106887]]]}}, {"type": "Feature", "id": 982458082, "properties": {"id": "982458082", "levels": 5, "levels_estimated": true, "height": 15, "building": "yes", "name": "漫豪思酒店"}, "geometry": {"type": "Polygon", "coordinates": [[[113.2405177, 23.1103238], [113.2407804, 23.1103192], [113.240781, 23.1104239], [113.2407828, 23.1104643], [113.2407459, 23.1104657], [113.2405207, 23.1104694], [113.2405177, 23.1103238]]]}}, {"type": "Feature", "id": 982458083, "properties": {"id": "982458083", "levels": 5, "levels_estimated": true, "height": 15, "building": "yes", "name": null}, "geometry": {"type": "Polygon", "coordinates": [[[113.2413045, 23.1102359], [113.2414089, 23.1102298], [113.241413, 23.110289], [113.2413086, 23.1102951], [113.2413045, 23.1102359]]]}}, {"type": "Feature", "id": 982458084, "properties": {"id": "982458084", "levels": 5, "levels_estimated": true, "height": 15, "building": "yes", "name": null}, "geometry": {"type": "Polygon", "coordinates": [[[113.2415794, 23.1102633], [113.2414473, 23.1102761], [113.2414399, 23.1102109], [113.2415719, 23.1101981], [113.2415794, 23.1102633]]]}}, {"type": "Feature", "id": 982458085, "properties": {"id": "982458085", "levels": 5, "levels_estimated": true, "height": 15, "building": "kindergarten", "name": "沙面游泳幼儿园"}, "geometry": {"type": "Polygon", "coordinates": [[[113.2405311, 23.1106569], [113.2407457, 23.1106521], [113.2407415, 23.1104955], [113.2405269, 23.1105003], [113.2405311, 23.1106569]]]}}, {"type": "Feature", "id": 982458086, "properties": {"id": "982458086", "levels": 5, "levels_estimated": true, "height": 15, "building": "yes", "name": null}, "geometry": {"type": "Polygon", "coordinates": [[[113.2412116, 23.1105542], [113.2414088, 23.1105443], [113.2414035, 23.1104544], [113.2412063, 23.1104643], [113.2412116, 23.1105542]]]}}, {"type": "Feature", "id": 982458087, "properties": {"id": "982458087", "levels": 5, "levels_estimated": true, "height": 15, "building": "yes", "name": null}, "geometry": {"type": "Polygon", "coordinates": [[[113.2413435, 23.1104104], [113.2415635, 23.1104], [113.2415587, 23.1103138], [113.2413387, 23.1103242], [113.2413435, 23.1104104]]]}}, {"type": "Feature", "id": 982585079, "properties": {"id": "982585079", "levels": 9, "levels_estimated": false, "height": 27, "building": "apartments", "name": null}, "geometry": {"type": "Polygon", "coordinates": [[[113.238415, 23.117156], [113.2386301, 23.117148], [113.2386101, 23.1166944], [113.2383951, 23.1167024], [113.238415, 23.117156]]]}}, {"type": "Feature", "id": 982585328, "properties": {"id": "982585328", "levels": 3, "levels_estimated": false, "height": 9, "building": "retail", "name": null}, "geometry": {"type": "Polygon", "coordinates": [[[113.2366788, 23.1195896], [113.2368582, 23.1195775], [113.2368437, 23.1193964], [113.2366643, 23.1194085], [113.2366788, 23.1195896]]]}}, {"type": "Feature", "id": 983158009, "properties": {"id": "983158009", "levels": 3, "levels_estimated": false, "height": 9, "building": "yes", "name": null}, "geometry": {"type": "Polygon", "coordinates": [[[113.2578661, 23.1202622], [113.2579519, 23.1202647], [113.2579869, 23.1201884], [113.2580055, 23.120092], [113.2578822, 23.1200772], [113.2578661, 23.1202622]]]}}, {"type": "Feature", "id": 983158010, "properties": {"id": "983158010", "levels": 3, "levels_estimated": false, "height": 9, "building": "yes", "name": null}, "geometry": {"type": "Polygon", "coordinates": [[[113.2580146, 23.1201102], [113.2581487, 23.1201263], [113.2581273, 23.1202776], [113.2579932, 23.1202616], [113.2580146, 23.1201102]]]}}, {"type": "Feature", "id": 984608856, "properties": {"id": "984608856", "levels": 3, "levels_estimated": false, "height": 9, "building": "residential", "name": null}, "geometry": {"type": "Polygon", "coordinates": [[[113.2419713, 23.1145046], [113.2421188, 23.1144874], [113.2421054, 23.1143295], [113.2419498, 23.1143221], [113.2419713, 23.1145046]]]}}, {"type": "Feature", "id": 988343338, "properties": {"id": "988343338", "levels": 5, "levels_estimated": true, "height": 15, "building": "yes", "name": null}, "geometry": {"type": "Polygon", "coordinates": [[[113.2600039, 23.1121739], [113.2601568, 23.1122208], [113.2601219, 23.1122973], [113.2599798, 23.1122356], [113.2600039, 23.1121739]]]}}, {"type": "Feature", "id": 1013108595, "properties": {"id": "1013108595", "levels": 2, "levels_estimated": false, "height": 6, "building": "residential", "name": null}, "geometry": {"type": "Polygon", "coordinates": [[[113.2598638, 23.1119131], [113.2599389, 23.1119239], [113.2599619, 23.1117885], [113.2598869, 23.1117777], [113.2598638, 23.1119131]]]}}, {"type": "Feature", "id": 1013108752, "properties": {"id": "1013108752", "levels": 2, "levels_estimated": false, "height": 6, "building": "residential", "name": null}, "geometry": {"type": "Polygon", "coordinates": [[[113.2599315, 23.1123432], [113.259953, 23.1123111], [113.2600683, 23.1123481], [113.2600334, 23.1123876], [113.2599315, 23.1123432]]]}}, {"type": "Feature", "id": 1013120801, "properties": {"id": "1013120801", "levels": 4, "levels_estimated": false, "height": 12, "building": "residential", "name": null}, "geometry": {"type": "Polygon", "coordinates": [[[113.2599851, 23.1099897], [113.2599932, 23.1099009], [113.260012, 23.1098071], [113.2600549, 23.1097874], [113.2601702, 23.1097603], [113.2602882, 23.1097751], [113.2602668, 23.1100316], [113.2599851, 23.1099897]]]}}, {"type": "Feature", "id": 1013622322, "properties": {"id": "1013622322", "levels": 2, "levels_estimated": false, "height": 6, "building": "residential", "name": null}, "geometry": {"type": "Polygon", "coordinates": [[[113.2599583, 23.1119267], [113.2602426, 23.112013], [113.2602695, 23.1119267], [113.2602319, 23.1119119], [113.2602802, 23.1117935], [113.2599851, 23.1117342], [113.2599583, 23.1119267]]]}}, {"type": "Feature", "id": 1013625359, "properties": {"id": "1013625359", "levels": 4, "levels_estimated": false, "height": 12, "building": "residential", "name": null}, "geometry": {"type": "Polygon", "coordinates": [[[113.2599164, 23.1112994], [113.2601444, 23.1113293], [113.2601367, 23.1113786], [113.2599088, 23.1113487], [113.2599164, 23.1112994]]]}}, {"type": "Feature", "id": 1013625363, "properties": {"id": "1013625363", "levels": 2, "levels_estimated": false, "height": 6, "building": "residential", "name": null}, "geometry": {"type": "Polygon", "coordinates": [[[113.2600048, 23.1103085], [113.2602023, 23.110338], [113.2601787, 23.1104717], [113.2599812, 23.1104422], [113.2600048, 23.1103085]]]}}, {"type": "Feature", "id": 1013625378, "properties": {"id": "1013625378", "levels": 4, "levels_estimated": false, "height": 12, "building": "residential", "name": null}, "geometry": {"type": "Polygon", "coordinates": [[[113.2599178, 23.1116059], [113.2599367, 23.1113817], [113.2600912, 23.1113927], [113.2600723, 23.1116169], [113.2599178, 23.1116059]]]}}, {"type": "Feature", "id": 1013626246, "properties": {"id": "1013626246", "levels": 2, "levels_estimated": false, "height": 6, "building": "residential", "name": null}, "geometry": {"type": "Polygon", "coordinates": [[[113.2600683, 23.1117416], [113.2599798, 23.1117244], [113.2599583, 23.1117811], [113.2598671, 23.1117688], [113.2598832, 23.111643], [113.2600844, 23.1116627], [113.2600683, 23.1117416]]]}}, {"type": "Feature", "id": 1013626259, "properties": {"id": "1013626259", "levels": 4, "levels_estimated": false, "height": 12, "building": "residential", "name": null}, "geometry": {"type": "Polygon", "coordinates": [[[113.2601067, 23.1112552], [113.2600201, 23.1112453], [113.2600149, 23.1112832], [113.2599213, 23.1112725], [113.2599549, 23.1110236], [113.2601352, 23.1110442], [113.2601067, 23.1112552]]]}}, {"type": "Feature", "id": 1018778430, "properties": {"id": "1018778430", "levels": 5, "levels_estimated": true, "height": 15, "building": "yes", "name": null}, "geometry": {"type": "Polygon", "coordinates": [[[113.2447599, 23.1114711], [113.2447948, 23.11138], [113.2447679, 23.1113713], [113.2447362, 23.111361], [113.2447013, 23.1114522], [113.2447599, 23.1114711]]]}}, {"type": "Feature", "id": 1018778438, "properties": {"id": "1018778438", "levels": 5, "levels_estimated": true, "height": 15, "building": "yes", "name": null}, "geometry": {"type": "Polygon", "coordinates": [[[113.2521279, 23.1159235], [113.2519478, 23.115862], [113.2518982, 23.1158451], [113.2519647, 23.1156804], [113.2520598, 23.1157129], [113.2520294, 23.115788], [113.252164, 23.115834], [113.2521279, 23.1159235]]]}}, {"type": "Feature", "id": 1037985868, "properties": {"id": "1037985868", "levels": 5, "levels_estimated": true, "height": 15, "building": "yes", "name": "白鹅潭大湾区艺术中心"}, "geometry": {"type": "Polygon", "coordinates": [[[113.2339296, 23.1045535], [113.2337294, 23.1042163], [113.2338229, 23.1041767], [113.2337214, 23.1039886], [113.2339589, 23.1038686], [113.2348229, 23.1034319], [113.2348592, 23.1034681], [113.2350026, 23.1033603], [113.2352161, 23.1031997], [113.2347552, 23.10253], [113.2352762, 23.1022401], [113.2357763, 23.1027966], [113.2363219, 23.1023832], [113.2365539, 23.1026236], [113.2358823, 23.103184], [113.235827, 23.103143], [113.2353724, 23.10355], [113.2347601, 23.1040981], [113.2344358, 23.1041841], [113.2339296, 23.1045535]]]}}, {"type": "Feature", "id": 1078862110, "properties": {"id": "1078862110", "levels": 5, "levels_estimated": true, "height": 15, "building": "yes", "name": null}, "geometry": {"type": "Polygon", "coordinates": [[[113.2469541, 23.111107], [113.2473398, 23.1111212], [113.2473452, 23.1109355], [113.2472277, 23.1109293], [113.2469623, 23.1109195], [113.2469541, 23.111107]]]}}, {"type": "Feature", "id": 1078862111, "properties": {"id": "1078862111", "levels": 5, "levels_estimated": true, "height": 15, "building": "yes", "name": null}, "geometry": {"type": "Polygon", "coordinates": [[[113.2472277, 23.1109293], [113.2473452, 23.1109355], [113.247467, 23.1109418], [113.2474793, 23.110758], [113.2472341, 23.1107446], [113.2472277, 23.1109293]]]}}, {"type": "Feature", "id": 1078862115, "properties": {"id": "1078862115", "levels": 5, "levels_estimated": true, "height": 15, "building": "yes", "name": null}, "geometry": {"type": "Polygon", "coordinates": [[[113.2469646, 23.1107937], [113.2471624, 23.1102767], [113.2473965, 23.1103684], [113.2471862, 23.1108202], [113.2469646, 23.1107937]]]}}, {"type": "Feature", "id": 1078864694, "properties": {"id": "1078864694", "levels": 5, "levels_estimated": true, "height": 15, "building": "yes", "name": null}, "geometry": {"type": "Polygon", "coordinates": [[[113.2468013, 23.1108394], [113.2468068, 23.1107479], [113.2463968, 23.1107269], [113.2463912, 23.1108184], [113.2468013, 23.1108394]]]}}, {"type": "Feature", "id": 1078864695, "properties": {"id": "1078864695", "levels": 5, "levels_estimated": true, "height": 15, "building": "yes", "name": null}, "geometry": {"type": "Polygon", "coordinates": [[[113.2447047, 23.1102901], [113.2450372, 23.1103102], [113.2450452, 23.1101982], [113.2447127, 23.1101781], [113.2447047, 23.1102901]]]}}, {"type": "Feature", "id": 1078865557, "properties": {"id": "1078865557", "levels": 5, "levels_estimated": true, "height": 15, "building": "yes", "name": "广州十三行博物馆"}, "geometry": {"type": "Polygon", "coordinates": [[[113.2452234, 23.111836], [113.2452381, 23.1114126], [113.2459425, 23.1114334], [113.2459278, 23.1118568], [113.2452234, 23.111836]]]}}, {"type": "Feature", "id": 1079067792, "properties": {"id": "1079067792", "levels": 5, "levels_estimated": true, "height": 15, "building": "yes", "name": "青云书院"}, "geometry": {"type": "Polygon", "coordinates": [[[113.2591424, 23.1235942], [113.2591929, 23.123244], [113.2593222, 23.1232613], [113.2592678, 23.1236137], [113.2591424, 23.1235942]]]}}, {"type": "Feature", "id": 1079069048, "properties": {"id": "1079069048", "levels": 5, "levels_estimated": true, "height": 15, "building": "yes", "name": null}, "geometry": {"type": "Polygon", "coordinates": [[[113.2562271, 23.1211205], [113.2562479, 23.1209022], [113.2559653, 23.1208794], [113.2559445, 23.1210977], [113.2562271, 23.1211205]]]}}, {"type": "Feature", "id": 1079071360, "properties": {"id": "1079071360", "levels": 5, "levels_estimated": true, "height": 15, "building": "yes", "name": null}, "geometry": {"type": "Polygon", "coordinates": [[[113.2557243, 23.1194091], [113.2562013, 23.1194921], [113.256249, 23.1192605], [113.2557719, 23.1191775], [113.2557243, 23.1194091]]]}}, {"type": "Feature", "id": 1079071361, "properties": {"id": "1079071361", "levels": 5, "levels_estimated": true, "height": 15, "building": "yes", "name": null}, "geometry": {"type": "Polygon", "coordinates": [[[113.2544796, 23.1201602], [113.2545583, 23.1197961], [113.2543859, 23.1197646], [113.2543071, 23.1201287], [113.2544796, 23.1201602]]]}}, {"type": "Feature", "id": 1079071362, "properties": {"id": "1079071362", "levels": 5, "levels_estimated": true, "height": 15, "building": "yes", "name": null}, "geometry": {"type": "Polygon", "coordinates": [[[113.2548329, 23.1201641], [113.2550022, 23.1201751], [113.2550309, 23.119802], [113.2548616, 23.119791], [113.2548329, 23.1201641]]]}}, {"type": "Feature", "id": 1079071365, "properties": {"id": "1079071365", "levels": 5, "levels_estimated": true, "height": 15, "building": "yes", "name": null}, "geometry": {"type": "Polygon", "coordinates": [[[113.2545031, 23.1205365], [113.2547955, 23.1205536], [113.2548141, 23.1202849], [113.2545216, 23.1202679], [113.2545031, 23.1205365]]]}}, {"type": "Feature", "id": 1079072653, "properties": {"id": "1079072653", "levels": 5, "levels_estimated": true, "height": 15, "building": "yes", "name": "濠畔商厦"}, "geometry": {"type": "Polygon", "coordinates": [[[113.2508367, 23.1189635], [113.2507565, 23.1192485], [113.2508492, 23.1192717], [113.2511895, 23.1193569], [113.2512614, 23.1193748], [113.2513474, 23.1191058], [113.2513358, 23.1190727], [113.2513053, 23.1190339], [113.2511783, 23.1190032], [113.2510394, 23.1189697], [113.2508948, 23.1189347], [113.2508367, 23.1189635]]]}}, {"type": "Feature", "id": 1079072655, "properties": {"id": "1079072655", "levels": 5, "levels_estimated": true, "height": 15, "building": "yes", "name": null}, "geometry": {"type": "Polygon", "coordinates": [[[113.2505482, 23.1192765], [113.2506933, 23.1188217], [113.2505507, 23.1187832], [113.2504055, 23.1192379], [113.2505482, 23.1192765]]]}}, {"type": "Feature", "id": 1081216679, "properties": {"id": "1081216679", "levels": 5, "levels_estimated": true, "height": 15, "building": "yes", "name": null}, "geometry": {"type": "Polygon", "coordinates": [[[113.2525498, 23.117964], [113.2524817, 23.1179491], [113.2525202, 23.1177996], [113.2525883, 23.1178144], [113.2525498, 23.117964]]]}}, {"type": "Feature", "id": 1104456056, "properties": {"id": "1104456056", "levels": 5, "levels_estimated": true, "height": 15, "building": "yes", "name": null}, "geometry": {"type": "Polygon", "coordinates": [[[113.2444205, 23.1249965], [113.2445423, 23.1253482], [113.2444715, 23.1253689], [113.2445146, 23.1254934], [113.2442546, 23.1255696], [113.2440896, 23.1250934], [113.2444205, 23.1249965]]]}}, {"type": "Feature", "id": 1104457229, "properties": {"id": "1104457229", "levels": 5, "levels_estimated": true, "height": 15, "building": "yes", "name": null}, "geometry": {"type": "Polygon", "coordinates": [[[113.2454452, 23.1246944], [113.2455285, 23.1249522], [113.245861, 23.1248613], [113.2457777, 23.1246035], [113.2454452, 23.1246944]]]}}, {"type": "Feature", "id": 1104457230, "properties": {"id": "1104457230", "levels": 5, "levels_estimated": true, "height": 15, "building": "yes", "name": null}, "geometry": {"type": "Polygon", "coordinates": [[[113.2462181, 23.124157], [113.2466119, 23.1240349], [113.2465261, 23.123801], [113.2461324, 23.1239231], [113.2462181, 23.124157]]]}}, {"type": "Feature", "id": 1104457231, "properties": {"id": "1104457231", "levels": 5, "levels_estimated": true, "height": 15, "building": "yes", "name": null}, "geometry": {"type": "Polygon", "coordinates": [[[113.2459368, 23.1243697], [113.2457944, 23.1240086], [113.2460586, 23.1239205], [113.2462009, 23.1242817], [113.2459368, 23.1243697]]]}}, {"type": "Feature", "id": 1135705840, "properties": {"id": "1135705840", "levels": 5, "levels_estimated": true, "height": 15, "building": "yes", "name": null}, "geometry": {"type": "Polygon", "coordinates": [[[113.2534766, 23.1203797], [113.2536525, 23.1204263], [113.2539337, 23.1204631], [113.253959, 23.1202792], [113.2537325, 23.1202363], [113.2535019, 23.1202069], [113.2534766, 23.1203797]]]}}, {"type": "Feature", "id": 1162758907, "properties": {"id": "1162758907", "levels": 5, "levels_estimated": true, "height": 15, "building": "yes", "name": null}, "geometry": {"type": "Polygon", "coordinates": [[[113.2411607, 23.1122288], [113.2411581, 23.1118089], [113.2410132, 23.1118096], [113.2410157, 23.1122296], [113.2411607, 23.1122288]]]}}, {"type": "Feature", "id": 1162758908, "properties": {"id": "1162758908", "levels": 5, "levels_estimated": true, "height": 15, "building": "yes", "name": null}, "geometry": {"type": "Polygon", "coordinates": [[[113.2412635, 23.1122612], [113.2412558, 23.1120216], [113.2414735, 23.1120157], [113.2414811, 23.1122553], [113.2412635, 23.1122612]]]}}, {"type": "Feature", "id": 1162758909, "properties": {"id": "1162758909", "levels": 5, "levels_estimated": true, "height": 15, "building": "yes", "name": null}, "geometry": {"type": "Polygon", "coordinates": [[[113.2412436, 23.1119791], [113.2412359, 23.1117396], [113.2414536, 23.1117337], [113.2414613, 23.1119732], [113.2412436, 23.1119791]]]}}, {"type": "Feature", "id": 1162758910, "properties": {"id": "1162758910", "levels": 5, "levels_estimated": true, "height": 15, "building": "yes", "name": null}, "geometry": {"type": "Polygon", "coordinates": [[[113.2415022, 23.1122685], [113.2414908, 23.1120227], [113.24166, 23.112016], [113.2416715, 23.1122618], [113.2415022, 23.1122685]]]}}, {"type": "Feature", "id": 1162758911, "properties": {"id": "1162758911", "levels": 5, "levels_estimated": true, "height": 15, "building": "yes", "name": null}, "geometry": {"type": "Polygon", "coordinates": [[[113.2414915, 23.1119869], [113.2414801, 23.1117411], [113.2416493, 23.1117344], [113.2416608, 23.1119802], [113.2414915, 23.1119869]]]}}, {"type": "Feature", "id": 1162758912, "properties": {"id": "1162758912", "levels": 5, "levels_estimated": true, "height": 15, "building": "yes", "name": null}, "geometry": {"type": "Polygon", "coordinates": [[[113.2416617, 23.1125085], [113.2416558, 23.1123327], [113.2418719, 23.1123266], [113.2418778, 23.1125024], [113.2416617, 23.1125085]]]}}, {"type": "Feature", "id": 1162758913, "properties": {"id": "1162758913", "levels": 5, "levels_estimated": true, "height": 15, "building": "yes", "name": null}, "geometry": {"type": "Polygon", "coordinates": [[[113.2413997, 23.1125747], [113.241458, 23.1130773], [113.2415725, 23.113066], [113.2415143, 23.1125634], [113.2413997, 23.1125747]]]}}, {"type": "Feature", "id": 1162758914, "properties": {"id": "1162758914", "levels": 5, "levels_estimated": true, "height": 15, "building": "yes", "name": null}, "geometry": {"type": "Polygon", "coordinates": [[[113.2416055, 23.1130484], [113.2415524, 23.1126283], [113.2417319, 23.1126091], [113.2417849, 23.1130292], [113.2416055, 23.1130484]]]}}, {"type": "Feature", "id": 1162758915, "properties": {"id": "1162758915", "levels": 5, "levels_estimated": true, "height": 15, "building": "yes", "name": null}, "geometry": {"type": "Polygon", "coordinates": [[[113.2412087, 23.1130609], [113.2411776, 23.1126514], [113.2412953, 23.1126438], [113.2413263, 23.1130534], [113.2412087, 23.1130609]]]}}, {"type": "Feature", "id": 1168474067, "properties": {"id": "1168474067", "levels": 5, "levels_estimated": true, "height": 15, "building": "yes", "name": "房建大厦"}, "geometry": {"type": "Polygon", "coordinates": [[[113.2515384, 23.1247684], [113.2514658, 23.1244744], [113.2518692, 23.1243901], [113.2519417, 23.1246842], [113.2515384, 23.1247684]]]}}, {"type": "Feature", "id": 1168474068, "properties": {"id": "1168474068", "levels": 5, "levels_estimated": true, "height": 15, "building": "yes", "name": null}, "geometry": {"type": "Polygon", "coordinates": [[[113.2500699, 23.1225262], [113.2500205, 23.1222842], [113.2501768, 23.1222534], [113.2502262, 23.1224998], [113.2500699, 23.1225262]]]}}, {"type": "Feature", "id": 1168474069, "properties": {"id": "1168474069", "levels": 5, "levels_estimated": true, "height": 15, "building": "yes", "name": null}, "geometry": {"type": "Polygon", "coordinates": [[[113.2502564, 23.1224349], [113.250206, 23.122236], [113.2506964, 23.1221308], [113.2507694, 23.1224186], [113.250523, 23.1224715], [113.2505004, 23.1223825], [113.2502564, 23.1224349]]]}}, {"type": "Feature", "id": 1168474070, "properties": {"id": "1168474070", "levels": 5, "levels_estimated": true, "height": 15, "building": "yes", "name": null}, "geometry": {"type": "Polygon", "coordinates": [[[113.2506731, 23.1213633], [113.2506244, 23.1211645], [113.2509086, 23.1211057], [113.2509572, 23.1213044], [113.2506731, 23.1213633]]]}}, {"type": "Feature", "id": 1168474072, "properties": {"id": "1168474072", "levels": 5, "levels_estimated": true, "height": 15, "building": "yes", "name": null}, "geometry": {"type": "Polygon", "coordinates": [[[113.2506184, 23.1210854], [113.2505332, 23.1206859], [113.2508115, 23.1206357], [113.2508967, 23.1210352], [113.2506184, 23.1210854]]]}}, {"type": "Feature", "id": 1191446835, "properties": {"id": "1191446835", "levels": 5, "levels_estimated": true, "height": 15, "building": "yes", "name": null}, "geometry": {"type": "Polygon", "coordinates": [[[113.2395699, 23.1087491], [113.2397923, 23.1087384], [113.239786, 23.1086276], [113.2395637, 23.1086382], [113.2395699, 23.1087491]]]}}, {"type": "Feature", "id": 1191446839, "properties": {"id": "1191446839", "levels": 1, "levels_estimated": false, "height": 3, "building": "yes", "name": null}, "geometry": {"type": "Polygon", "coordinates": [[[113.2357966, 23.1097835], [113.2359928, 23.1097802], [113.2359924, 23.109759], [113.2361285, 23.1097567], [113.2361256, 23.1096104], [113.23599, 23.1096127], [113.2359906, 23.1096425], [113.2357939, 23.1096458], [113.2357966, 23.1097835]]]}}, {"type": "Feature", "id": 1191597615, "properties": {"id": "1191597615", "levels": 5, "levels_estimated": true, "height": 15, "building": "yes", "name": null}, "geometry": {"type": "Polygon", "coordinates": [[[113.2549768, 23.1147008], [113.2552469, 23.1147339], [113.2553038, 23.1143016], [113.2550261, 23.1142276], [113.2549768, 23.1147008]]]}}, {"type": "Feature", "id": 1191607404, "properties": {"id": "1191607404", "levels": 5, "levels_estimated": true, "height": 15, "building": "yes", "name": null}, "geometry": {"type": "Polygon", "coordinates": [[[113.2469778, 23.1243238], [113.246933, 23.1241945], [113.247153, 23.12413], [113.2471979, 23.1242593], [113.2469778, 23.1243238]]]}}, {"type": "Feature", "id": 1195628263, "properties": {"id": "1195628263", "levels": 3, "levels_estimated": true, "height": 9, "building": "commercial", "name": "丽丰国际中心"}, "geometry": {"type": "Polygon", "coordinates": [[[113.2573464, 23.1159039], [113.2574176, 23.1152263], [113.2577283, 23.1152539], [113.257657, 23.1159315], [113.2573464, 23.1159039]]]}}, {"type": "Feature", "id": 1198632679, "properties": {"id": "1198632679", "levels": 5, "levels_estimated": true, "height": 15, "building": "yes", "name": null}, "geometry": {"type": "Polygon", "coordinates": [[[113.2493403, 23.1143414], [113.2493916, 23.1143333], [113.249466, 23.1142975], [113.2494995, 23.1142487], [113.2495102, 23.1142112], [113.2495044, 23.1141758], [113.2494892, 23.1141287], [113.2494448, 23.114082], [113.2493741, 23.1140601], [113.2493048, 23.114061], [113.249236, 23.1140704], [113.2492036, 23.1141149], [113.2492137, 23.1142039], [113.2491828, 23.1142747], [113.2491999, 23.1143007], [113.2492393, 23.1143267], [113.2493403, 23.1143414]]]}}, {"type": "Feature", "id": 1202539087, "properties": {"id": "1202539087", "levels": 5, "levels_estimated": true, "height": 15, "building": "yes", "name": null}, "geometry": {"type": "Polygon", "coordinates": [[[113.2516676, 23.1145473], [113.2513667, 23.1145009], [113.2513911, 23.1143672], [113.2516902, 23.1144133], [113.2517023, 23.1143465], [113.2512691, 23.1142798], [113.2512122, 23.1145925], [113.2516472, 23.1146595], [113.2516676, 23.1145473]]]}}, {"type": "Feature", "id": 1202539088, "properties": {"id": "1202539088", "levels": 5, "levels_estimated": true, "height": 15, "building": "yes", "name": null}, "geometry": {"type": "Polygon", "coordinates": [[[113.2511518, 23.1150439], [113.2512243, 23.114756], [113.2511424, 23.1147386], [113.2511259, 23.1148038], [113.2510508, 23.1147878], [113.2510881, 23.1146401], [113.251342, 23.1146943], [113.2512487, 23.1150645], [113.2511518, 23.1150439]]]}}, {"type": "Feature", "id": 1217484949, "properties": {"id": "1217484949", "levels": 5, "levels_estimated": true, "height": 15, "building": "yes", "name": null}, "geometry": {"type": "Polygon", "coordinates": [[[113.2385648, 23.1233364], [113.2389498, 23.12332], [113.2389753, 23.1238275], [113.2385904, 23.1238439], [113.238587, 23.1237752], [113.2385648, 23.1233364]]]}}, {"type": "Feature", "id": 1217484956, "properties": {"id": "1217484956", "levels": 5, "levels_estimated": true, "height": 15, "building": "yes", "name": null}, "geometry": {"type": "Polygon", "coordinates": [[[113.2360789, 23.1250047], [113.2359899, 23.1246354], [113.2364612, 23.1245393], [113.2365503, 23.1249087], [113.2360789, 23.1250047]]]}}, {"type": "Feature", "id": 1279394804, "properties": {"id": "1279394804", "levels": 5, "levels_estimated": true, "height": 15, "building": "yes", "name": null}, "geometry": {"type": "Polygon", "coordinates": [[[113.2495713, 23.1149858], [113.2505579, 23.1151763], [113.2505115, 23.1153794], [113.249525, 23.1151891], [113.2495713, 23.1149858]]]}}, {"type": "Feature", "id": 1279394805, "properties": {"id": "1279394805", "levels": 5, "levels_estimated": true, "height": 15, "building": "yes", "name": null}, "geometry": {"type": "Polygon", "coordinates": [[[113.2490885, 23.1149303], [113.2494614, 23.1149673], [113.2494372, 23.1151893], [113.2490617, 23.1151202], [113.2490885, 23.1149303]]]}}, {"type": "Feature", "id": 1279394806, "properties": {"id": "1279394806", "levels": 5, "levels_estimated": true, "height": 15, "building": "yes", "name": null}, "geometry": {"type": "Polygon", "coordinates": [[[113.2483395, 23.1150332], [113.2484159, 23.1149493], [113.2485299, 23.1149049], [113.2489913, 23.1149296], [113.2489578, 23.1151109], [113.2483395, 23.1150332]]]}}, {"type": "Feature", "id": 1279394807, "properties": {"id": "1279394807", "levels": 5, "levels_estimated": true, "height": 15, "building": "yes", "name": null}, "geometry": {"type": "Polygon", "coordinates": [[[113.2495314, 23.1146207], [113.24957, 23.11435], [113.2498738, 23.1143865], [113.2498511, 23.1145462], [113.249745, 23.1145334], [113.2497292, 23.1146445], [113.2495314, 23.1146207]]]}}, {"type": "Feature", "id": 1279394808, "properties": {"id": "1279394808", "levels": 5, "levels_estimated": true, "height": 15, "building": "yes", "name": null}, "geometry": {"type": "Polygon", "coordinates": [[[113.2547232, 23.1166251], [113.2547571, 23.1162596], [113.2546169, 23.1162468], [113.2545645, 23.116618], [113.2547232, 23.1166251]]]}}, {"type": "Feature", "id": 1279394809, "properties": {"id": "1279394809", "levels": 5, "levels_estimated": true, "height": 15, "building": "yes", "name": null}, "geometry": {"type": "Polygon", "coordinates": [[[113.2536125, 23.1158359], [113.2547694, 23.116108], [113.2547525, 23.1162468], [113.2535401, 23.115996], [113.2536125, 23.1158359]]]}}, {"type": "Feature", "id": 1279394810, "properties": {"id": "1279394810", "levels": 5, "levels_estimated": true, "height": 15, "building": "yes", "name": null}, "geometry": {"type": "Polygon", "coordinates": [[[113.2526235, 23.1157183], [113.25291, 23.1157141], [113.2531534, 23.115741], [113.2535863, 23.1158274], [113.2535247, 23.1159847], [113.2529963, 23.1158263], [113.2529171, 23.1158103], [113.2526235, 23.1157183]]]}}, {"type": "Feature", "id": 1279394811, "properties": {"id": "1279394811", "levels": 5, "levels_estimated": true, "height": 15, "building": "yes", "name": null}, "geometry": {"type": "Polygon", "coordinates": [[[113.2548827, 23.1166507], [113.2549598, 23.1161567], [113.2553812, 23.1162523], [113.2554221, 23.1165723], [113.2552073, 23.1166775], [113.2551337, 23.1166797], [113.2548827, 23.1166507]]]}}, {"type": "Feature", "id": 1279394812, "properties": {"id": "1279394812", "levels": 5, "levels_estimated": true, "height": 15, "building": "yes", "name": null}, "geometry": {"type": "Polygon", "coordinates": [[[113.2562582, 23.1153415], [113.2563709, 23.1146952], [113.2562958, 23.1145891], [113.2561482, 23.1145324], [113.2559954, 23.1145127], [113.2559444, 23.1153095], [113.2562582, 23.1153415]]]}}, {"type": "Feature", "id": 1279394813, "properties": {"id": "1279394813", "levels": 5, "levels_estimated": true, "height": 15, "building": "yes", "name": null}, "geometry": {"type": "Polygon", "coordinates": [[[113.2562488, 23.1156166], [113.2562569, 23.1153835], [113.2558666, 23.1153428], [113.2558626, 23.1155895], [113.2562488, 23.1156166]]]}}, {"type": "Feature", "id": 1279394814, "properties": {"id": "1279394814", "levels": 5, "levels_estimated": true, "height": 15, "building": "yes", "name": null}, "geometry": {"type": "Polygon", "coordinates": [[[113.2558559, 23.1156376], [113.2562287, 23.1156573], [113.256218, 23.1157695], [113.2558385, 23.115756], [113.2558559, 23.1156376]]]}}, {"type": "Feature", "id": 1279394815, "properties": {"id": "1279394815", "levels": 5, "levels_estimated": true, "height": 15, "building": "yes", "name": null}, "geometry": {"type": "Polygon", "coordinates": [[[113.2557553, 23.1162025], [113.2559457, 23.1162136], [113.2560396, 23.1161963], [113.2561201, 23.1161026], [113.2561858, 23.1158374], [113.2559457, 23.1158115], [113.2559203, 23.1159558], [113.2558157, 23.1159422], [113.2557553, 23.1162025]]]}}, {"type": "Feature", "id": 1279394816, "properties": {"id": "1279394816", "levels": 5, "levels_estimated": true, "height": 15, "building": "yes", "name": null}, "geometry": {"type": "Polygon", "coordinates": [[[113.2481866, 23.114589], [113.2482241, 23.1139735], [113.2480726, 23.1139476], [113.2479988, 23.1145767], [113.2481866, 23.114589]]]}}, {"type": "Feature", "id": 1279394817, "properties": {"id": "1279394817", "levels": 5, "levels_estimated": true, "height": 15, "building": "yes", "name": null}, "geometry": {"type": "Polygon", "coordinates": [[[113.2477201, 23.113787], [113.2481819, 23.1138223], [113.2481741, 23.1139089], [113.2477123, 23.1138735], [113.2477201, 23.113787]]]}}, {"type": "Feature", "id": 1304976010, "properties": {"id": "1304976010", "levels": 5, "levels_estimated": true, "height": 15, "building": "yes", "name": "水产馆"}, "geometry": {"type": "Polygon", "coordinates": [[[113.2468883, 23.1125958], [113.2467958, 23.1125448], [113.2467558, 23.1124513], [113.2467928, 23.112355], [113.2469037, 23.1123181], [113.2470639, 23.1123181], [113.2471317, 23.1124286], [113.2470885, 23.1125392], [113.2470208, 23.1125987], [113.2468883, 23.1125958]]]}}, {"type": "Feature", "id": 1304976011, "properties": {"id": "1304976011", "levels": 5, "levels_estimated": true, "height": 15, "building": "yes", "name": "西关苑"}, "geometry": {"type": "Polygon", "coordinates": [[[113.2453401, 23.1124087], [113.2453909, 23.1124145], [113.2455132, 23.1125577], [113.245588, 23.1125036], [113.2454807, 23.112378], [113.2455091, 23.1123575], [113.2455171, 23.1123226], [113.245511, 23.1122759], [113.2456364, 23.1121985], [113.2455734, 23.1121121], [113.2454463, 23.1121906], [113.2453995, 23.1121707], [113.2453293, 23.1121679], [113.2452653, 23.1120809], [113.2451762, 23.1121363], [113.2452307, 23.1122104], [113.2452159, 23.1122615], [113.2452245, 23.1123125], [113.2451149, 23.1124325], [113.2451948, 23.1124943], [113.2452942, 23.1123855], [113.2453401, 23.1124087]]]}}, {"type": "Feature", "id": 1304976014, "properties": {"id": "1304976014", "levels": 5, "levels_estimated": true, "height": 15, "building": "yes", "name": "十三行印迹园"}, "geometry": {"type": "Polygon", "coordinates": [[[113.2473481, 23.1125401], [113.2473672, 23.1121974], [113.2478877, 23.1122219], [113.2478687, 23.1125646], [113.2473481, 23.1125401]]]}}, {"type": "Feature", "id": 1305865619, "properties": {"id": "1305865619", "levels": 5, "levels_estimated": true, "height": 15, "building": "yes", "name": null}, "geometry": {"type": "Polygon", "coordinates": [[[113.2453279, 23.1029892], [113.2455689, 23.1030315], [113.2455187, 23.1032736], [113.2452777, 23.1032313], [113.2453279, 23.1029892]]]}}, {"type": "Feature", "id": 1305865620, "properties": {"id": "1305865620", "levels": 5, "levels_estimated": true, "height": 15, "building": "yes", "name": null}, "geometry": {"type": "Polygon", "coordinates": [[[113.2454655, 23.1054799], [113.2457076, 23.105538], [113.2456772, 23.105645], [113.2454352, 23.1055868], [113.2454655, 23.1054799]]]}}, {"type": "Feature", "id": 1305865621, "properties": {"id": "1305865621", "levels": 5, "levels_estimated": true, "height": 15, "building": "yes", "name": null}, "geometry": {"type": "Polygon", "coordinates": [[[113.2457278, 23.1055312], [113.2456194, 23.1059364], [113.2457327, 23.1059621], [113.245841, 23.1055568], [113.2457278, 23.1055312]]]}}, {"type": "Feature", "id": 1305865622, "properties": {"id": "1305865622", "levels": 5, "levels_estimated": true, "height": 15, "building": "yes", "name": null}, "geometry": {"type": "Polygon", "coordinates": [[[113.2450475, 23.1058292], [113.24572, 23.1060115], [113.2456527, 23.1061726], [113.2450068, 23.1059887], [113.2450475, 23.1058292]]]}}, {"type": "Feature", "id": 1305865623, "properties": {"id": "1305865623", "levels": 5, "levels_estimated": true, "height": 15, "building": "yes", "name": null}, "geometry": {"type": "Polygon", "coordinates": [[[113.245598, 23.1059275], [113.2450791, 23.1057935], [113.2451223, 23.105652], [113.2456412, 23.105786], [113.245598, 23.1059275]]]}}, {"type": "Feature", "id": 1305865624, "properties": {"id": "1305865624", "levels": 5, "levels_estimated": true, "height": 15, "building": "yes", "name": null}, "geometry": {"type": "Polygon", "coordinates": [[[113.2451171, 23.1055883], [113.2451574, 23.105441], [113.2452501, 23.1054625], [113.2452098, 23.1056098], [113.2451171, 23.1055883]]]}}, {"type": "Feature", "id": 1305865625, "properties": {"id": "1305865625", "levels": 5, "levels_estimated": true, "height": 15, "building": "yes", "name": null}, "geometry": {"type": "Polygon", "coordinates": [[[113.2452447, 23.1056105], [113.245285, 23.1054632], [113.2453777, 23.1054847], [113.2453374, 23.105632], [113.2452447, 23.1056105]]]}}, {"type": "Feature", "id": 1305865626, "properties": {"id": "1305865626", "levels": 5, "levels_estimated": true, "height": 15, "building": "yes", "name": null}, "geometry": {"type": "Polygon", "coordinates": [[[113.2455918, 23.1057407], [113.2454317, 23.1057033], [113.2454553, 23.1056181], [113.2456153, 23.1056555], [113.2455918, 23.1057407]]]}}, {"type": "Feature", "id": 1307075611, "properties": {"id": "1307075611", "levels": 5, "levels_estimated": true, "height": 15, "building": "yes", "name": null}, "geometry": {"type": "Polygon", "coordinates": [[[113.24205, 23.116264], [113.2421036, 23.1161062], [113.2412587, 23.1158496], [113.2411997, 23.1160371], [113.24205, 23.116264]]]}}, {"type": "Feature", "id": 1307075626, "properties": {"id": "1307075626", "levels": 6, "levels_estimated": true, "height": 18, "building": "residential", "name": null}, "geometry": {"type": "Polygon", "coordinates": [[[113.2405629, 23.1229937], [113.2405463, 23.1227128], [113.2401447, 23.1227329], [113.2401613, 23.1230138], [113.2405629, 23.1229937]]]}}, {"type": "Feature", "id": 1307075627, "properties": {"id": "1307075627", "levels": 6, "levels_estimated": true, "height": 18, "building": "residential", "name": null}, "geometry": {"type": "Polygon", "coordinates": [[[113.2401136, 23.1230227], [113.2400953, 23.1227354], [113.2396813, 23.1227577], [113.2396996, 23.1230449], [113.2401136, 23.1230227]]]}}, {"type": "Feature", "id": 1307075629, "properties": {"id": "1307075629", "levels": 6, "levels_estimated": true, "height": 18, "building": "residential", "name": null}, "geometry": {"type": "Polygon", "coordinates": [[[113.2389504, 23.1202155], [113.2389547, 23.1198688], [113.2385412, 23.1198645], [113.238538, 23.120122], [113.23838, 23.1201203], [113.2383773, 23.1203396], [113.2386208, 23.1203421], [113.2386224, 23.120212], [113.2389504, 23.1202155]]]}}, {"type": "Feature", "id": 1307075632, "properties": {"id": "1307075632", "levels": 6, "levels_estimated": true, "height": 18, "building": "residential", "name": null}, "geometry": {"type": "Polygon", "coordinates": [[[113.2382644, 23.1204343], [113.2382675, 23.1202444], [113.2379147, 23.1202331], [113.2379132, 23.1204286], [113.2382644, 23.1204343]]]}}, {"type": "Feature", "id": 1311802321, "properties": {"id": "1311802321", "levels": 5, "levels_estimated": true, "height": 15, "building": "yes", "name": null}, "geometry": {"type": "Polygon", "coordinates": [[[113.2449828, 23.1115824], [113.2449868, 23.111422], [113.2451708, 23.1114259], [113.2451687, 23.1115131], [113.2451404, 23.1115125], [113.2451385, 23.1115857], [113.2449828, 23.1115824]]]}}, {"type": "Feature", "id": 1311803375, "properties": {"id": "1311803375", "levels": 5, "levels_estimated": true, "height": 15, "building": "yes", "name": null}, "geometry": {"type": "Polygon", "coordinates": [[[113.2404662, 23.109243], [113.2407328, 23.1092327], [113.2407276, 23.1091203], [113.240461, 23.1091307], [113.2404662, 23.109243]]]}}, {"type": "Feature", "id": 1311803376, "properties": {"id": "1311803376", "levels": 1, "levels_estimated": false, "height": 3, "building": "yes", "name": null}, "geometry": {"type": "Polygon", "coordinates": [[[113.2436259, 23.1102018], [113.2436224, 23.109983], [113.2437598, 23.1099812], [113.2437633, 23.1101999], [113.2436259, 23.1102018]]]}}, {"type": "Feature", "id": 1312289487, "properties": {"id": "1312289487", "levels": 5, "levels_estimated": true, "height": 15, "building": "yes", "name": null}, "geometry": {"type": "Polygon", "coordinates": [[[113.2372518, 23.1160334], [113.2371522, 23.1155753], [113.2369246, 23.1156165], [113.2370181, 23.116067], [113.2372518, 23.1160334]]]}}, {"type": "Feature", "id": 1320461049, "properties": {"id": "1320461049", "levels": 5, "levels_estimated": true, "height": 15, "building": "yes", "name": null}, "geometry": {"type": "Polygon", "coordinates": [[[113.2479945, 23.1197197], [113.2482281, 23.1197583], [113.2483425, 23.1191729], [113.2481091, 23.1191343], [113.2479945, 23.1197197]]]}}, {"type": "Feature", "id": 1342599576, "properties": {"id": "1342599576", "levels": 5, "levels_estimated": true, "height": 15, "building": "yes", "name": null}, "geometry": {"type": "Polygon", "coordinates": [[[113.2588508, 23.1126049], [113.2589371, 23.1122979], [113.2591256, 23.1123427], [113.2590393, 23.1126498], [113.2588508, 23.1126049]]]}}, {"type": "Feature", "id": 1342599577, "properties": {"id": "1342599577", "levels": 5, "levels_estimated": true, "height": 15, "building": "yes", "name": null}, "geometry": {"type": "Polygon", "coordinates": [[[113.2590139, 23.1128717], [113.2591611, 23.1129371], [113.2591222, 23.1130111], [113.258975, 23.1129458], [113.2590139, 23.1128717]]]}}, {"type": "Feature", "id": 1342599578, "properties": {"id": "1342599578", "levels": 5, "levels_estimated": true, "height": 15, "building": "yes", "name": null}, "geometry": {"type": "Polygon", "coordinates": [[[113.2586375, 23.1128198], [113.2589181, 23.1129159], [113.2589787, 23.1127662], [113.2587585, 23.1126908], [113.2587993, 23.11259], [113.2587389, 23.1125694], [113.2586375, 23.1128198]]]}}, {"type": "Feature", "id": 1360693132, "properties": {"id": "1360693132", "levels": 6, "levels_estimated": true, "height": 18, "building": "residential", "name": null}, "geometry": {"type": "Polygon", "coordinates": [[[113.2357849, 23.1210028], [113.2359181, 23.1211198], [113.235967, 23.1210758], [113.2360254, 23.1211144], [113.2361351, 23.120992], [113.2360709, 23.1209469], [113.2360656, 23.1209128], [113.2361045, 23.1209095], [113.2360974, 23.1208721], [113.2360143, 23.1208802], [113.236009, 23.1207988], [113.2358762, 23.1208086], [113.2358833, 23.12089], [113.2357824, 23.1208948], [113.2357913, 23.1209307], [113.2358214, 23.120929], [113.2358338, 23.1209551], [113.2357849, 23.1210028]]]}}, {"type": "Feature", "id": 1360693133, "properties": {"id": "1360693133", "levels": 6, "levels_estimated": true, "height": 18, "building": "residential", "name": null}, "geometry": {"type": "Polygon", "coordinates": [[[113.2361713, 23.1209773], [113.2363044, 23.1210944], [113.2363534, 23.1210504], [113.2364118, 23.121089], [113.2365215, 23.1209666], [113.2364573, 23.1209215], [113.236452, 23.1208873], [113.2364909, 23.1208841], [113.2364838, 23.1208466], [113.2364006, 23.1208548], [113.2363953, 23.1207734], [113.2362626, 23.1207832], [113.2362697, 23.1208645], [113.2361688, 23.1208694], [113.2361777, 23.1209052], [113.2362078, 23.1209036], [113.2362201, 23.1209296], [113.2361713, 23.1209773]]]}}, {"type": "Feature", "id": 1360693134, "properties": {"id": "1360693134", "levels": 6, "levels_estimated": true, "height": 18, "building": "residential", "name": null}, "geometry": {"type": "Polygon", "coordinates": [[[113.2358692, 23.1207826], [113.2360019, 23.1207744], [113.2359948, 23.1206963], [113.2360762, 23.1206882], [113.2360691, 23.120558], [113.2359824, 23.1205645], [113.2359771, 23.1204896], [113.2358515, 23.1204977], [113.2358585, 23.1205759], [113.2357683, 23.1205807], [113.2357754, 23.1207061], [113.2358638, 23.1206996], [113.2358692, 23.1207826]]]}}, {"type": "Feature", "id": 1360693135, "properties": {"id": "1360693135", "levels": 6, "levels_estimated": true, "height": 18, "building": "residential", "name": null}, "geometry": {"type": "Polygon", "coordinates": [[[113.2358373, 23.1203806], [113.23597, 23.1203724], [113.2359629, 23.1202943], [113.2360443, 23.1202862], [113.2360373, 23.120156], [113.2359506, 23.1201625], [113.2359452, 23.1200876], [113.2358196, 23.1200958], [113.2358267, 23.1201739], [113.2357364, 23.1201788], [113.2357435, 23.1203041], [113.235832, 23.1202976], [113.2358373, 23.1203806]]]}}, {"type": "Feature", "id": 1360693136, "properties": {"id": "1360693136", "levels": 6, "levels_estimated": true, "height": 18, "building": "residential", "name": null}, "geometry": {"type": "Polygon", "coordinates": [[[113.2358108, 23.1200795], [113.2359435, 23.1200714], [113.2359364, 23.1199932], [113.2360178, 23.1199851], [113.2360107, 23.1198549], [113.235924, 23.1198614], [113.2359187, 23.1197865], [113.2357931, 23.1197947], [113.2358001, 23.1198728], [113.2357099, 23.1198777], [113.235717, 23.120003], [113.2358054, 23.1199965], [113.2358108, 23.1200795]]]}}, {"type": "Feature", "id": 1360693137, "properties": {"id": "1360693137", "levels": 6, "levels_estimated": true, "height": 18, "building": "residential", "name": null}, "geometry": {"type": "Polygon", "coordinates": [[[113.2360184, 23.1195852], [113.2358879, 23.1194657], [113.2358379, 23.1195088], [113.2357804, 23.119469], [113.2356679, 23.1195893], [113.2357312, 23.1196356], [113.2357357, 23.1196699], [113.2356967, 23.1196724], [113.2357029, 23.11971], [113.2357863, 23.1197034], [113.2357897, 23.1197849], [113.2359226, 23.1197776], [113.2359174, 23.1196961], [113.2360184, 23.1196932], [113.2360103, 23.1196572], [113.2359802, 23.1196583], [113.2359684, 23.119632], [113.2360184, 23.1195852]]]}}, {"type": "Feature", "id": 1360693138, "properties": {"id": "1360693138", "levels": 6, "levels_estimated": true, "height": 18, "building": "residential", "name": null}, "geometry": {"type": "Polygon", "coordinates": [[[113.2364052, 23.1195672], [113.2362747, 23.1194476], [113.2362248, 23.1194907], [113.2361673, 23.119451], [113.2360548, 23.1195713], [113.236118, 23.1196176], [113.2361226, 23.1196518], [113.2360836, 23.1196544], [113.2360898, 23.1196919], [113.2361731, 23.1196854], [113.2361766, 23.1197668], [113.2363095, 23.1197596], [113.2363043, 23.1196781], [113.2364052, 23.1196751], [113.2363972, 23.1196392], [113.2363671, 23.1196402], [113.2363553, 23.119614], [113.2364052, 23.1195672]]]}}, {"type": "Feature", "id": 1360693182, "properties": {"id": "1360693182", "levels": 5, "levels_estimated": true, "height": 15, "building": "yes", "name": null}, "geometry": {"type": "Polygon", "coordinates": [[[113.236986, 23.1205406], [113.2370597, 23.1205733], [113.2371287, 23.120442], [113.2370551, 23.1204092], [113.236986, 23.1205406]]]}}, {"type": "Feature", "id": 1360693186, "properties": {"id": "1360693186", "levels": 5, "levels_estimated": true, "height": 15, "building": "yes", "name": null}, "geometry": {"type": "Polygon", "coordinates": [[[113.2398757, 23.1206931], [113.2398815, 23.1205985], [113.2400272, 23.120606], [113.2400215, 23.1207006], [113.2398757, 23.1206931]]]}}, {"type": "Feature", "id": 1360693187, "properties": {"id": "1360693187", "levels": 5, "levels_estimated": true, "height": 15, "building": "yes", "name": null}, "geometry": {"type": "Polygon", "coordinates": [[[113.2400436, 23.120706], [113.2401627, 23.120707], [113.2401814, 23.1205213], [113.2401172, 23.1205116], [113.2401183, 23.1204837], [113.2399525, 23.1204654], [113.2399385, 23.1205814], [113.2400599, 23.1205954], [113.2400436, 23.120706]]]}}, {"type": "Feature", "id": 1360693188, "properties": {"id": "1360693188", "levels": 5, "levels_estimated": true, "height": 15, "building": "yes", "name": null}, "geometry": {"type": "Polygon", "coordinates": [[[113.2409673, 23.1150813], [113.2411703, 23.1151174], [113.2411992, 23.1149797], [113.2409962, 23.1149436], [113.2409673, 23.1150813]]]}}, {"type": "Feature", "id": 1360693189, "properties": {"id": "1360693189", "levels": 9, "levels_estimated": false, "height": 27, "building": "residential", "name": null}, "geometry": {"type": "Polygon", "coordinates": [[[113.2433331, 23.1128052], [113.2433496, 23.1126941], [113.2431184, 23.112665], [113.2431018, 23.1127761], [113.2433331, 23.1128052]]]}}, {"type": "Feature", "id": 1360693190, "properties": {"id": "1360693190", "levels": 5, "levels_estimated": true, "height": 15, "building": "yes", "name": null}, "geometry": {"type": "Polygon", "coordinates": [[[113.2423433, 23.1130325], [113.2425098, 23.1130415], [113.2425396, 23.1125749], [113.2423731, 23.1125659], [113.2423433, 23.1130325]]]}}, {"type": "Feature", "id": 1360693191, "properties": {"id": "1360693191", "levels": 5, "levels_estimated": true, "height": 15, "building": "yes", "name": null}, "geometry": {"type": "Polygon", "coordinates": [[[113.2428521, 23.1131015], [113.2430266, 23.1131193], [113.2430713, 23.1127499], [113.2428966, 23.1127321], [113.2428521, 23.1131015]]]}}, {"type": "Feature", "id": 1360693192, "properties": {"id": "1360693192", "levels": 5, "levels_estimated": true, "height": 15, "building": "yes", "name": null}, "geometry": {"type": "Polygon", "coordinates": [[[113.2427496, 23.1130846], [113.2428248, 23.1130917], [113.2428599, 23.1127758], [113.2427846, 23.1127687], [113.2427496, 23.1130846]]]}}, {"type": "Feature", "id": 1360930650, "properties": {"id": "1360930650", "levels": 5, "levels_estimated": true, "height": 15, "building": "yes", "name": null}, "geometry": {"type": "Polygon", "coordinates": [[[113.2475333, 23.1229135], [113.2474766, 23.1226577], [113.2476376, 23.1226276], [113.2476942, 23.1228833], [113.2475333, 23.1229135]]]}}, {"type": "Feature", "id": 1360930651, "properties": {"id": "1360930651", "levels": 5, "levels_estimated": true, "height": 15, "building": "yes", "name": null}, "geometry": {"type": "Polygon", "coordinates": [[[113.2475294, 23.1225933], [113.2474679, 23.1223158], [113.2475901, 23.122293], [113.2476516, 23.1225703], [113.2475294, 23.1225933]]]}}, {"type": "Feature", "id": 1387671184, "properties": {"id": "1387671184", "levels": 5, "levels_estimated": true, "height": 15, "building": "yes", "name": null}, "geometry": {"type": "Polygon", "coordinates": [[[113.2528849, 23.1138903], [113.2530615, 23.1139576], [113.2532359, 23.1135704], [113.2530593, 23.1135031], [113.2528849, 23.1138903]]]}}, {"type": "Feature", "id": 1412007113, "properties": {"id": "1412007113", "levels": 5, "levels_estimated": true, "height": 15, "building": "yes", "name": null}, "geometry": {"type": "Polygon", "coordinates": [[[113.2598071, 23.1127406], [113.2599728, 23.1128289], [113.2600761, 23.1126651], [113.2599104, 23.1125767], [113.2598071, 23.1127406]]]}}, {"type": "Feature", "id": 1412007115, "properties": {"id": "1412007115", "levels": 5, "levels_estimated": true, "height": 15, "building": "yes", "name": null}, "geometry": {"type": "Polygon", "coordinates": [[[113.2489218, 23.1158096], [113.2490715, 23.1152187], [113.249477, 23.1153057], [113.2494245, 23.115513], [113.2492564, 23.115477], [113.2491593, 23.1158605], [113.2489218, 23.1158096]]]}}, {"type": "Feature", "id": 1412007117, "properties": {"id": "1412007117", "levels": 6, "levels_estimated": true, "height": 18, "building": "residential", "name": null}, "geometry": {"type": "Polygon", "coordinates": [[[113.2435356, 23.1205395], [113.2435728, 23.1203318], [113.2437169, 23.1203537], [113.2436797, 23.1205614], [113.2435356, 23.1205395]]]}}, {"type": "Feature", "id": 1416813141, "properties": {"id": "1416813141", "levels": 5, "levels_estimated": true, "height": 15, "building": "yes", "name": null}, "geometry": {"type": "Polygon", "coordinates": [[[113.2462673, 23.1244051], [113.2465298, 23.1243161], [113.2465549, 23.1243786], [113.2466102, 23.1243599], [113.2466298, 23.1244088], [113.246312, 23.1245165], [113.2462673, 23.1244051]]]}}, {"type": "Feature", "id": 1447173493, "properties": {"id": "1447173493", "levels": 5, "levels_estimated": true, "height": 15, "building": "yes", "name": null}, "geometry": {"type": "Polygon", "coordinates": [[[113.2516734, 23.1252064], [113.2516192, 23.1249999], [113.2519078, 23.1249358], [113.251962, 23.1251423], [113.2516734, 23.1252064]]]}}, {"type": "Feature", "id": 1447173494, "properties": {"id": "1447173494", "levels": 5, "levels_estimated": true, "height": 15, "building": "yes", "name": null}, "geometry": {"type": "Polygon", "coordinates": [[[113.2492135, 23.119734], [113.2492269, 23.1195649], [113.2492437, 23.1195113], [113.2492839, 23.1194694], [113.2493241, 23.1194373], [113.2493925, 23.1194127], [113.2494717, 23.1194176], [113.2496111, 23.1194521], [113.2495709, 23.1197481], [113.2492135, 23.119734]]]}}, {"type": "Feature", "id": 1447173495, "properties": {"id": "1447173495", "levels": 5, "levels_estimated": true, "height": 15, "building": "yes", "name": null}, "geometry": {"type": "Polygon", "coordinates": [[[113.2571117, 23.1186221], [113.2571146, 23.1185276], [113.2571783, 23.1185293], [113.2571833, 23.1183691], [113.2574224, 23.1183754], [113.2574181, 23.1185139], [113.2572199, 23.1185087], [113.2572189, 23.118538], [113.2572374, 23.1185385], [113.2572346, 23.1186253], [113.2571117, 23.1186221]]]}}, {"type": "Feature", "id": 1452829375, "properties": {"id": "1452829375", "levels": 5, "levels_estimated": true, "height": 15, "building": "yes", "name": null}, "geometry": {"type": "Polygon", "coordinates": [[[113.2458971, 23.1188084], [113.2459972, 23.1184757], [113.2461353, 23.1185108], [113.2460354, 23.1188436], [113.2458971, 23.1188084]]]}}, {"type": "Feature", "id": 1452829376, "properties": {"id": "1452829376", "levels": 5, "levels_estimated": true, "height": 15, "building": "yes", "name": null}, "geometry": {"type": "Polygon", "coordinates": [[[113.2445419, 23.1179719], [113.2446028, 23.1177719], [113.2446313, 23.1177813], [113.2446232, 23.1178149], [113.244737, 23.1178355], [113.2447207, 23.1180187], [113.2445419, 23.1179719]]]}}, {"type": "Feature", "id": 1452829377, "properties": {"id": "1452829377", "levels": 5, "levels_estimated": true, "height": 15, "building": "yes", "name": null}, "geometry": {"type": "Polygon", "coordinates": [[[113.2476195, 23.1189837], [113.2476344, 23.1188753], [113.2477492, 23.1188886], [113.2477343, 23.1189971], [113.2476195, 23.1189837]]]}}, {"type": "Feature", "id": 1452829378, "properties": {"id": "1452829378", "levels": 5, "levels_estimated": true, "height": 15, "building": "yes", "name": null}, "geometry": {"type": "Polygon", "coordinates": [[[113.2491631, 23.1203026], [113.249541, 23.1203129], [113.2495454, 23.120177], [113.2493206, 23.1201709], [113.2493251, 23.1200325], [113.2491719, 23.1200283], [113.2491631, 23.1203026]]]}}, {"type": "Feature", "id": 1452829379, "properties": {"id": "1452829379", "levels": 5, "levels_estimated": true, "height": 15, "building": "yes", "name": null}, "geometry": {"type": "Polygon", "coordinates": [[[113.2496015, 23.1198941], [113.2492236, 23.119883], [113.2492189, 23.1200189], [113.2494436, 23.1200255], [113.2494388, 23.1201639], [113.2495919, 23.1201684], [113.2496015, 23.1198941]]]}}, {"type": "Feature", "id": 1452829380, "properties": {"id": "1452829380", "levels": 5, "levels_estimated": true, "height": 15, "building": "yes", "name": null}, "geometry": {"type": "Polygon", "coordinates": [[[113.249505, 23.1232945], [113.2494396, 23.1229702], [113.2495535, 23.1229508], [113.2496187, 23.1232751], [113.249505, 23.1232945]]]}}, {"type": "Feature", "id": 1452829381, "properties": {"id": "1452829381", "levels": 5, "levels_estimated": true, "height": 15, "building": "yes", "name": null}, "geometry": {"type": "Polygon", "coordinates": [[[113.2535259, 23.1235011], [113.2534896, 23.1232978], [113.2538125, 23.123249], [113.2538489, 23.1234524], [113.2535259, 23.1235011]]]}}, {"type": "Feature", "id": 1452829382, "properties": {"id": "1452829382", "levels": 5, "levels_estimated": true, "height": 15, "building": "yes", "name": null}, "geometry": {"type": "Polygon", "coordinates": [[[113.2536552, 23.1238094], [113.2536047, 23.1235864], [113.2538717, 23.1235353], [113.2539222, 23.1237582], [113.2536552, 23.1238094]]]}}, {"type": "Feature", "id": 1459948498, "properties": {"id": "1459948498", "levels": 5, "levels_estimated": true, "height": 15, "building": "yes", "name": null}, "geometry": {"type": "Polygon", "coordinates": [[[113.2542948, 23.1207647], [113.254293, 23.1208096], [113.2541918, 23.1208061], [113.2541801, 23.1210982], [113.2542537, 23.1211007], [113.2542609, 23.1209206], [113.2544924, 23.1209284], [113.2544893, 23.1210073], [113.2545074, 23.121043], [113.2545461, 23.1210691], [113.254589, 23.1210706], [113.2545846, 23.1211791], [113.2546453, 23.1211811], [113.2546615, 23.1207771], [113.2542948, 23.1207647]]]}}, {"type": "Feature", "id": 1459948499, "properties": {"id": "1459948499", "levels": 5, "levels_estimated": true, "height": 15, "building": "yes", "name": null}, "geometry": {"type": "Polygon", "coordinates": [[[113.2532109, 23.1205437], [113.2531682, 23.1206736], [113.2533823, 23.120733], [113.2534249, 23.1206031], [113.2532109, 23.1205437]]]}}, {"type": "Feature", "id": 1459948500, "properties": {"id": "1459948500", "levels": 5, "levels_estimated": true, "height": 15, "building": "yes", "name": null}, "geometry": {"type": "Polygon", "coordinates": [[[113.2525718, 23.1201337], [113.2526702, 23.1201636], [113.2527646, 23.1199008], [113.2526662, 23.1198709], [113.2525718, 23.1201337]]]}}, {"type": "Feature", "id": 1459948501, "properties": {"id": "1459948501", "levels": 5, "levels_estimated": true, "height": 15, "building": "yes", "name": null}, "geometry": {"type": "Polygon", "coordinates": [[[113.2525426, 23.1201243], [113.2524456, 23.120095], [113.2525414, 23.1198272], [113.2526384, 23.1198565], [113.2525426, 23.1201243]]]}}, {"type": "Feature", "id": 1459948502, "properties": {"id": "1459948502", "levels": 5, "levels_estimated": true, "height": 15, "building": "yes", "name": null}, "geometry": {"type": "Polygon", "coordinates": [[[113.2524131, 23.120083], [113.2522885, 23.120047], [113.2523783, 23.1197839], [113.2525029, 23.1198198], [113.2524131, 23.120083]]]}}, {"type": "Feature", "id": 1459948503, "properties": {"id": "1459948503", "levels": 5, "levels_estimated": true, "height": 15, "building": "yes", "name": null}, "geometry": {"type": "Polygon", "coordinates": [[[113.251309, 23.119366], [113.2514046, 23.11903], [113.2515142, 23.1190564], [113.2514185, 23.1193924], [113.251309, 23.119366]]]}}, {"type": "Feature", "id": 1462169243, "properties": {"id": "1462169243", "levels": 5, "levels_estimated": true, "height": 15, "building": "yes", "name": null}, "geometry": {"type": "Polygon", "coordinates": [[[113.2441433, 23.1178486], [113.2442297, 23.117883], [113.2442577, 23.117883], [113.2442764, 23.1178701], [113.2443383, 23.1177359], [113.2442577, 23.1176994], [113.2442134, 23.1177015], [113.2441433, 23.1178486]]]}}, {"type": "Feature", "id": 1462169244, "properties": {"id": "1462169244", "levels": 5, "levels_estimated": true, "height": 15, "building": "yes", "name": null}, "geometry": {"type": "Polygon", "coordinates": [[[113.2427468, 23.1211517], [113.2427559, 23.1208439], [113.2429048, 23.1208476], [113.2428956, 23.1211554], [113.2427468, 23.1211517]]]}}, {"type": "Feature", "id": 1462169245, "properties": {"id": "1462169245", "levels": 5, "levels_estimated": true, "height": 15, "building": "yes", "name": null}, "geometry": {"type": "Polygon", "coordinates": [[[113.2442038, 23.1205751], [113.2446604, 23.120617], [113.2446722, 23.1205086], [113.2444126, 23.1204847], [113.2444134, 23.12044], [113.244293, 23.120432], [113.2442876, 23.1204069], [113.2441597, 23.1203974], [113.2441468, 23.1205153], [113.2441651, 23.1205414], [113.2442038, 23.1205751]]]}}, {"type": "Feature", "id": 1462169246, "properties": {"id": "1462169246", "levels": 5, "levels_estimated": true, "height": 15, "building": "yes", "name": null}, "geometry": {"type": "Polygon", "coordinates": [[[113.2399429, 23.1214338], [113.2403418, 23.1214545], [113.240352, 23.1212887], [113.2402908, 23.1212856], [113.2402861, 23.1213623], [113.2400695, 23.1213511], [113.2400744, 23.1212701], [113.2399533, 23.1212638], [113.2399429, 23.1214338]]]}}, {"type": "Feature", "id": 1462169247, "properties": {"id": "1462169247", "levels": 5, "levels_estimated": true, "height": 15, "building": "yes", "name": null}, "geometry": {"type": "Polygon", "coordinates": [[[113.2399514, 23.121086], [113.2403389, 23.1211082], [113.2403443, 23.1210108], [113.2400466, 23.1209997], [113.2400439, 23.1209627], [113.2400278, 23.120938], [113.2400037, 23.1209269], [113.23995, 23.1209269], [113.2399514, 23.121086]]]}}, {"type": "Feature", "id": 1462169271, "properties": {"id": "1462169271", "levels": 5, "levels_estimated": true, "height": 15, "building": "yes", "name": null}, "geometry": {"type": "Polygon", "coordinates": [[[113.2475875, 23.119217], [113.2475948, 23.1191582], [113.2476984, 23.1191691], [113.247691, 23.1192279], [113.2475875, 23.119217]]]}}, {"type": "Feature", "id": 1466688056, "properties": {"id": "1466688056", "levels": 5, "levels_estimated": true, "height": 15, "building": "yes", "name": null}, "geometry": {"type": "Polygon", "coordinates": [[[113.2362778, 23.117763], [113.2362662, 23.117532], [113.2363792, 23.1175249], [113.2363831, 23.1176472], [113.2364272, 23.117646], [113.2364309, 23.1177585], [113.2362778, 23.117763]]]}}, {"type": "Feature", "id": 1466688057, "properties": {"id": "1466688057", "levels": 5, "levels_estimated": true, "height": 15, "building": "yes", "name": null}, "geometry": {"type": "Polygon", "coordinates": [[[113.2364107, 23.1181614], [113.2363997, 23.1178792], [113.2364447, 23.1178777], [113.2364559, 23.1181599], [113.2364107, 23.1181614]]]}}, {"type": "Feature", "id": 1466688058, "properties": {"id": "1466688058", "levels": 5, "levels_estimated": true, "height": 15, "building": "yes", "name": null}, "geometry": {"type": "Polygon", "coordinates": [[[113.236175, 23.1179151], [113.2361683, 23.117801], [113.2362862, 23.1177952], [113.2362907, 23.1178717], [113.2362118, 23.1178756], [113.236214, 23.1179132], [113.236175, 23.1179151]]]}}, {"type": "Feature", "id": 1466688059, "properties": {"id": "1466688059", "levels": 5, "levels_estimated": true, "height": 15, "building": "yes", "name": null}, "geometry": {"type": "Polygon", "coordinates": [[[113.236045, 23.1171908], [113.2359598, 23.1169598], [113.2360901, 23.1169192], [113.2361753, 23.1171501], [113.236045, 23.1171908]]]}}, {"type": "Feature", "id": 1466688064, "properties": {"id": "1466688064", "levels": 5, "levels_estimated": true, "height": 15, "building": "yes", "name": null}, "geometry": {"type": "Polygon", "coordinates": [[[113.2363028, 23.1181001], [113.2362951, 23.1179484], [113.2363876, 23.1179444], [113.2363953, 23.1180961], [113.2363028, 23.1181001]]]}}, {"type": "Feature", "id": 1466688065, "properties": {"id": "1466688065", "levels": 5, "levels_estimated": true, "height": 15, "building": "yes", "name": null}, "geometry": {"type": "Polygon", "coordinates": [[[113.2361807, 23.1189552], [113.2361746, 23.1188614], [113.2363522, 23.1188516], [113.2363583, 23.1189454], [113.2361807, 23.1189552]]]}}, {"type": "Feature", "id": 1466688068, "properties": {"id": "1466688068", "levels": 5, "levels_estimated": true, "height": 15, "building": "yes", "name": null}, "geometry": {"type": "Polygon", "coordinates": [[[113.2361184, 23.119082], [113.2361109, 23.1190043], [113.2361458, 23.1190015], [113.2361533, 23.1190791], [113.2361184, 23.119082]]]}}, {"type": "Feature", "id": 1466688069, "properties": {"id": "1466688069", "levels": 5, "levels_estimated": true, "height": 15, "building": "yes", "name": null}, "geometry": {"type": "Polygon", "coordinates": [[[113.23608, 23.1190866], [113.2360725, 23.119009], [113.2361075, 23.1190061], [113.236115, 23.1190838], [113.23608, 23.1190866]]]}}, {"type": "Feature", "id": 1466688070, "properties": {"id": "1466688070", "levels": 5, "levels_estimated": true, "height": 15, "building": "yes", "name": null}, "geometry": {"type": "Polygon", "coordinates": [[[113.2360384, 23.1190883], [113.2360309, 23.1190106], [113.2360659, 23.1190077], [113.2360734, 23.1190854], [113.2360384, 23.1190883]]]}}, {"type": "Feature", "id": 1466688071, "properties": {"id": "1466688071", "levels": 5, "levels_estimated": true, "height": 15, "building": "yes", "name": null}, "geometry": {"type": "Polygon", "coordinates": [[[113.2359986, 23.1190915], [113.2359911, 23.1190139], [113.2360261, 23.119011], [113.2360336, 23.1190886], [113.2359986, 23.1190915]]]}}, {"type": "Feature", "id": 1466688083, "properties": {"id": "1466688083", "levels": 5, "levels_estimated": true, "height": 15, "building": "yes", "name": null}, "geometry": {"type": "Polygon", "coordinates": [[[113.2364808, 23.1189524], [113.2364699, 23.1187649], [113.2365071, 23.1187631], [113.236518, 23.1189506], [113.2364808, 23.1189524]]]}}, {"type": "Feature", "id": 1466688084, "properties": {"id": "1466688084", "levels": 5, "levels_estimated": true, "height": 15, "building": "yes", "name": null}, "geometry": {"type": "Polygon", "coordinates": [[[113.2363986, 23.1190565], [113.2363929, 23.1189881], [113.2365158, 23.1189794], [113.2365215, 23.1190479], [113.2363986, 23.1190565]]]}}, {"type": "Feature", "id": 1466688104, "properties": {"id": "1466688104", "levels": 5, "levels_estimated": true, "height": 15, "building": "yes", "name": null}, "geometry": {"type": "Polygon", "coordinates": [[[113.2359199, 23.11481], [113.236088, 23.1147742], [113.2360544, 23.1145399], [113.2360066, 23.1145464], [113.2359854, 23.1144552], [113.2360951, 23.1144276], [113.2361305, 23.1144406], [113.2361517, 23.114465], [113.2363358, 23.1151925], [113.2361464, 23.1152316], [113.2361146, 23.1150997], [113.2361588, 23.1150949], [113.236111, 23.11488], [113.2359447, 23.1149175], [113.2359199, 23.11481]]]}}, {"type": "Feature", "id": 1466688113, "properties": {"id": "1466688113", "levels": 5, "levels_estimated": true, "height": 15, "building": "yes", "name": null}, "geometry": {"type": "Polygon", "coordinates": [[[113.2364717, 23.1148514], [113.236456, 23.1147593], [113.236969, 23.1146851], [113.2369848, 23.1147772], [113.2364717, 23.1148514]]]}}, {"type": "Feature", "id": 1466688114, "properties": {"id": "1466688114", "levels": 5, "levels_estimated": true, "height": 15, "building": "yes", "name": null}, "geometry": {"type": "Polygon", "coordinates": [[[113.2366329, 23.1150248], [113.2366143, 23.1149341], [113.2369694, 23.1148726], [113.2369879, 23.1149633], [113.2366329, 23.1150248]]]}}, {"type": "Feature", "id": 1467633462, "properties": {"id": "1467633462", "levels": 5, "levels_estimated": true, "height": 15, "building": "yes", "name": null}, "geometry": {"type": "Polygon", "coordinates": [[[113.2364713, 23.1252212], [113.2365882, 23.1252104], [113.2365651, 23.1249991], [113.2364787, 23.1250071], [113.2364875, 23.1250869], [113.2364569, 23.1250898], [113.2364713, 23.1252212]]]}}, {"type": "Feature", "id": 1489027301, "properties": {"id": "1489027301", "levels": 5, "levels_estimated": true, "height": 15, "building": "yes", "name": null}, "geometry": {"type": "Polygon", "coordinates": [[[113.2370951, 23.1183205], [113.2371854, 23.1183141], [113.2371861, 23.1183218], [113.2372388, 23.1183181], [113.2372407, 23.1183405], [113.2372773, 23.1183379], [113.2372796, 23.118366], [113.237323, 23.1183629], [113.2373429, 23.1185992], [113.2371199, 23.1186151], [113.2370951, 23.1183205]]]}}, {"type": "Feature", "id": 1494392652, "properties": {"id": "1494392652", "levels": 5, "levels_estimated": true, "height": 15, "building": "yes", "name": null}, "geometry": {"type": "Polygon", "coordinates": [[[113.2370877, 23.1093036], [113.2370721, 23.1090918], [113.2372742, 23.1090793], [113.2372897, 23.1092911], [113.2370877, 23.1093036]]]}}, {"type": "Feature", "id": 1494392653, "properties": {"id": "1494392653", "levels": 3, "levels_estimated": false, "height": 9, "building": "yes", "name": null}, "geometry": {"type": "Polygon", "coordinates": [[[113.2380591, 23.1096435], [113.2380407, 23.1093816], [113.2382062, 23.1093717], [113.2382247, 23.1096336], [113.2380591, 23.1096435]]]}}, {"type": "Feature", "id": 1504202836, "properties": {"id": "1504202836", "levels": 5, "levels_estimated": true, "height": 15, "building": "yes", "name": null}, "geometry": {"type": "Polygon", "coordinates": [[[113.2404079, 23.1249317], [113.2403735, 23.1246103], [113.2406042, 23.1245894], [113.2406387, 23.1249107], [113.2404079, 23.1249317]]]}}, {"type": "Feature", "id": 1504202838, "properties": {"id": "1504202838", "levels": 5, "levels_estimated": true, "height": 15, "building": "yes", "name": null}, "geometry": {"type": "Polygon", "coordinates": [[[113.2404381, 23.1249826], [113.2406508, 23.1249628], [113.2406008, 23.1245087], [113.2404715, 23.1245208], [113.2404568, 23.1243874], [113.2407134, 23.1243634], [113.2407892, 23.1250497], [113.2404491, 23.1250815], [113.2404381, 23.1249826]]]}}, {"type": "Feature", "id": 1504202840, "properties": {"id": "1504202840", "levels": 5, "levels_estimated": true, "height": 15, "building": "yes", "name": null}, "geometry": {"type": "Polygon", "coordinates": [[[113.2412763, 23.1163091], [113.2416379, 23.1163959], [113.2416696, 23.1162842], [113.241308, 23.1161974], [113.2412763, 23.1163091]]]}}, {"type": "Feature", "id": 1504202845, "properties": {"id": "1504202845", "levels": 5, "levels_estimated": true, "height": 15, "building": "yes", "name": null}, "geometry": {"type": "Polygon", "coordinates": [[[113.2471094, 23.1237726], [113.2469819, 23.1231667], [113.2471975, 23.1231284], [113.2473251, 23.1237343], [113.2471094, 23.1237726]]]}}, {"type": "Feature", "id": 1504202849, "properties": {"id": "1504202849", "levels": 5, "levels_estimated": true, "height": 15, "building": "yes", "name": null}, "geometry": {"type": "Polygon", "coordinates": [[[113.255031, 23.1225273], [113.255031, 23.1223645], [113.2553998, 23.1223644], [113.2553998, 23.1225274], [113.255031, 23.1225273]]]}}, {"type": "Feature", "id": 1504202850, "properties": {"id": "1504202850", "levels": 5, "levels_estimated": true, "height": 15, "building": "yes", "name": null}, "geometry": {"type": "Polygon", "coordinates": [[[113.2532757, 23.1230897], [113.2535576, 23.1230521], [113.2535338, 23.1229004], [113.253359, 23.1229237], [113.2533491, 23.1228604], [113.2535144, 23.1228384], [113.2534982, 23.122736], [113.2532257, 23.1227723], [113.2532757, 23.1230897]]]}}, {"type": "Feature", "id": 1504202851, "properties": {"id": "1504202851", "levels": 5, "levels_estimated": true, "height": 15, "building": "yes", "name": null}, "geometry": {"type": "Polygon", "coordinates": [[[113.2536454, 23.1231607], [113.2538033, 23.123136], [113.2537439, 23.1227765], [113.2537306, 23.1227443], [113.2537128, 23.1227264], [113.2536831, 23.1227129], [113.2535726, 23.1227278], [113.2536454, 23.1231607]]]}}, {"type": "Feature", "id": 1504202852, "properties": {"id": "1504202852", "levels": 5, "levels_estimated": true, "height": 15, "building": "yes", "name": null}, "geometry": {"type": "Polygon", "coordinates": [[[113.2531068, 23.1231089], [113.2530593, 23.1228071], [113.2531616, 23.1227935], [113.2532091, 23.1230953], [113.2531068, 23.1231089]]]}}, {"type": "Feature", "id": 1504202853, "properties": {"id": "1504202853", "levels": 5, "levels_estimated": true, "height": 15, "building": "yes", "name": null}, "geometry": {"type": "Polygon", "coordinates": [[[113.2520069, 23.125199], [113.2519241, 23.1249472], [113.2521648, 23.1248803], [113.2522476, 23.1251321], [113.2520069, 23.125199]]]}}, {"type": "Feature", "id": 1504202854, "properties": {"id": "1504202854", "levels": 5, "levels_estimated": true, "height": 15, "building": "yes", "name": null}, "geometry": {"type": "Polygon", "coordinates": [[[113.2528569, 23.1251629], [113.2527086, 23.1247861], [113.2528034, 23.1247545], [113.2529516, 23.1251314], [113.2528569, 23.1251629]]]}}, {"type": "Feature", "id": 1504202855, "properties": {"id": "1504202855", "levels": 5, "levels_estimated": true, "height": 15, "building": "yes", "name": null}, "geometry": {"type": "Polygon", "coordinates": [[[113.2498625, 23.123799], [113.2497904, 23.1235372], [113.2499433, 23.1235016], [113.2500154, 23.1237634], [113.2498625, 23.123799]]]}}, {"type": "Feature", "id": 1504202856, "properties": {"id": "1504202856", "levels": 5, "levels_estimated": true, "height": 15, "building": "yes", "name": null}, "geometry": {"type": "Polygon", "coordinates": [[[113.2539032, 23.1225219], [113.2543767, 23.122525], [113.2543773, 23.1224559], [113.2539038, 23.1224526], [113.2539032, 23.1225219]]]}}, {"type": "Feature", "id": 1504202857, "properties": {"id": "1504202857", "levels": 5, "levels_estimated": true, "height": 15, "building": "yes", "name": null}, "geometry": {"type": "Polygon", "coordinates": [[[113.2544194, 23.1225252], [113.2544228, 23.1223894], [113.2545562, 23.1223922], [113.2545527, 23.1225281], [113.2544194, 23.1225252]]]}}, {"type": "Feature", "id": 1504202858, "properties": {"id": "1504202858", "levels": 5, "levels_estimated": true, "height": 15, "building": "yes", "name": null}, "geometry": {"type": "Polygon", "coordinates": [[[113.2556108, 23.1225892], [113.2554718, 23.122573], [113.2555132, 23.1222727], [113.2556521, 23.1222889], [113.2556108, 23.1225892]]]}}, {"type": "Feature", "id": 1504202859, "properties": {"id": "1504202859", "levels": 5, "levels_estimated": true, "height": 15, "building": "yes", "name": null}, "geometry": {"type": "Polygon", "coordinates": [[[113.255516, 23.1221371], [113.2558583, 23.1221624], [113.2558674, 23.1220586], [113.255525, 23.1220333], [113.255516, 23.1221371]]]}}, {"type": "Feature", "id": 1504202860, "properties": {"id": "1504202860", "levels": 5, "levels_estimated": true, "height": 15, "building": "yes", "name": null}, "geometry": {"type": "Polygon", "coordinates": [[[113.2553958, 23.1222768], [113.2552331, 23.1222668], [113.2552446, 23.122108], [113.2554074, 23.122118], [113.2553958, 23.1222768]]]}}, {"type": "Feature", "id": 1504202861, "properties": {"id": "1504202861", "levels": 5, "levels_estimated": true, "height": 15, "building": "yes", "name": null}, "geometry": {"type": "Polygon", "coordinates": [[[113.2548983, 23.1225243], [113.2549027, 23.1223711], [113.2550074, 23.1223737], [113.2550031, 23.1225268], [113.2548983, 23.1225243]]]}}, {"type": "Feature", "id": 1504202862, "properties": {"id": "1504202862", "levels": 5, "levels_estimated": true, "height": 15, "building": "yes", "name": null}, "geometry": {"type": "Polygon", "coordinates": [[[113.2543689, 23.1222932], [113.2543599, 23.1219351], [113.2539544, 23.1219437], [113.2539571, 23.1220518], [113.254246, 23.1220456], [113.2542523, 23.1222957], [113.2543689, 23.1222932]]]}}, {"type": "Feature", "id": 1504202863, "properties": {"id": "1504202863", "levels": 5, "levels_estimated": true, "height": 15, "building": "yes", "name": null}, "geometry": {"type": "Polygon", "coordinates": [[[113.2538865, 23.1221098], [113.2538689, 23.1219438], [113.2537135, 23.1219578], [113.2537229, 23.1220457], [113.2538341, 23.1220357], [113.2538423, 23.1221137], [113.2538865, 23.1221098]]]}}, {"type": "Feature", "id": 1504202864, "properties": {"id": "1504202864", "levels": 5, "levels_estimated": true, "height": 15, "building": "yes", "name": null}, "geometry": {"type": "Polygon", "coordinates": [[[113.2537664, 23.1224808], [113.2537394, 23.1223344], [113.2537894, 23.1223266], [113.2537777, 23.1222627], [113.2537452, 23.1222678], [113.2537225, 23.1221443], [113.2538502, 23.1221245], [113.2538698, 23.122231], [113.2539117, 23.1222245], [113.253939, 23.1223728], [113.2538695, 23.1223836], [113.253884, 23.1224624], [113.2537664, 23.1224808]]]}}, {"type": "Feature", "id": 1504202865, "properties": {"id": "1504202865", "levels": 5, "levels_estimated": true, "height": 15, "building": "yes", "name": null}, "geometry": {"type": "Polygon", "coordinates": [[[113.2539825, 23.1223478], [113.2539758, 23.1221617], [113.254175, 23.1221557], [113.2541816, 23.1223417], [113.2539825, 23.1223478]]]}}, {"type": "Feature", "id": 1504202866, "properties": {"id": "1504202866", "levels": 5, "levels_estimated": true, "height": 15, "building": "yes", "name": null}, "geometry": {"type": "Polygon", "coordinates": [[[113.2531901, 23.1223292], [113.2531675, 23.1220905], [113.2532707, 23.1220823], [113.2532932, 23.1223209], [113.2531901, 23.1223292]]]}}, {"type": "Feature", "id": 1504202867, "properties": {"id": "1504202867", "levels": 5, "levels_estimated": true, "height": 15, "building": "yes", "name": null}, "geometry": {"type": "Polygon", "coordinates": [[[113.2526899, 23.12269], [113.2525891, 23.1223573], [113.2526753, 23.1223351], [113.2527763, 23.1226679], [113.2526899, 23.12269]]]}}, {"type": "Feature", "id": 1504202868, "properties": {"id": "1504202868", "levels": 5, "levels_estimated": true, "height": 15, "building": "yes", "name": null}, "geometry": {"type": "Polygon", "coordinates": [[[113.2523253, 23.1243902], [113.2527699, 23.1243074], [113.2527458, 23.1241978], [113.2524263, 23.1242573], [113.2523986, 23.1241314], [113.2525568, 23.1241019], [113.2525318, 23.1239883], [113.2522485, 23.1240411], [113.2523253, 23.1243902]]]}}, {"type": "Feature", "id": 1504202869, "properties": {"id": "1504202869", "levels": 5, "levels_estimated": true, "height": 15, "building": "yes", "name": null}, "geometry": {"type": "Polygon", "coordinates": [[[113.252197, 23.1241856], [113.2519948, 23.1242678], [113.2520972, 23.1244809], [113.2522994, 23.1243987], [113.252197, 23.1241856]]]}}, {"type": "Feature", "id": 1504202893, "properties": {"id": "1504202893", "levels": 5, "levels_estimated": true, "height": 15, "building": "yes", "name": null}, "geometry": {"type": "Polygon", "coordinates": [[[113.2438954, 23.1038712], [113.2440394, 23.103892], [113.2440656, 23.1037388], [113.2439215, 23.103718], [113.2438954, 23.1038712]]]}}, {"type": "Feature", "id": 1506416119, "properties": {"id": "1506416119", "levels": 5, "levels_estimated": true, "height": 15, "building": "yes", "name": null}, "geometry": {"type": "Polygon", "coordinates": [[[113.2509038, 23.1093079], [113.2511433, 23.1094022], [113.2511919, 23.1092977], [113.251149, 23.1092656], [113.2511975, 23.1091613], [113.2509188, 23.1090516], [113.2508615, 23.1091745], [113.2509497, 23.1092092], [113.2509038, 23.1093079]]]}}, {"type": "Feature", "id": 1506416120, "properties": {"id": "1506416120", "levels": 5, "levels_estimated": true, "height": 15, "building": "yes", "name": null}, "geometry": {"type": "Polygon", "coordinates": [[[113.2546103, 23.1108344], [113.2549903, 23.1110096], [113.2550469, 23.1109057], [113.254667, 23.1107304], [113.2546103, 23.1108344]]]}}, {"type": "Feature", "id": 1518044190, "properties": {"id": "1518044190", "levels": 2, "levels_estimated": false, "height": 6, "building": "hotel", "name": "广东胜利宾馆"}, "geometry": {"type": "Polygon", "coordinates": [[[113.2398462, 23.1106775], [113.2400177, 23.1106723], [113.2402, 23.1106667], [113.2403702, 23.1106615], [113.240363, 23.1104615], [113.2403556, 23.1102585], [113.2401756, 23.110264], [113.2401779, 23.1103289], [113.239834, 23.1103393], [113.2398389, 23.1104762], [113.2398462, 23.1106775]]]}}, {"type": "Feature", "id": 1521332868, "properties": {"id": "1521332868", "levels": 1, "levels_estimated": false, "height": 3, "building": "yes", "name": null}, "geometry": {"type": "Polygon", "coordinates": [[[113.2409899, 23.1101671], [113.2410642, 23.1101659], [113.24106, 23.1099488], [113.2409423, 23.1099507], [113.2409436, 23.1100177], [113.2409869, 23.110017], [113.2409899, 23.1101671]]]}}, {"type": "Feature", "id": 1530552889, "properties": {"id": "1530552889", "levels": 4, "levels_estimated": false, "height": 12, "building": "yes", "name": null}, "geometry": {"type": "Polygon", "coordinates": [[[113.238822, 23.1095041], [113.2388789, 23.1095017], [113.2388812, 23.1095359], [113.2388241, 23.1095392], [113.238822, 23.1095041]]]}}, {"type": "Feature", "id": 1530732867, "properties": {"id": "1530732867", "levels": 5, "levels_estimated": true, "height": 15, "building": "yes", "name": null}, "geometry": {"type": "Polygon", "coordinates": [[[113.248613, 23.1137881], [113.2486844, 23.113368], [113.2485752, 23.1133523], [113.2485037, 23.1137724], [113.248613, 23.1137881]]]}}, {"type": "Feature", "id": 1530732871, "properties": {"id": "1530732871", "levels": 5, "levels_estimated": true, "height": 15, "building": "yes", "name": null}, "geometry": {"type": "Polygon", "coordinates": [[[113.2550617, 23.1160228], [113.2553604, 23.1160903], [113.2553784, 23.1160229], [113.2550797, 23.1159553], [113.2550617, 23.1160228]]]}}, {"type": "Feature", "id": 1530732872, "properties": {"id": "1530732872", "levels": 5, "levels_estimated": true, "height": 15, "building": "yes", "name": null}, "geometry": {"type": "Polygon", "coordinates": [[[113.2548442, 23.1159808], [113.2550159, 23.116015], [113.2550415, 23.1159059], [113.2549851, 23.1158947], [113.2549695, 23.1159609], [113.2548542, 23.115938], [113.2548442, 23.1159808]]]}}, {"type": "Feature", "id": 1533204669, "properties": {"id": "1533204669", "levels": 5, "levels_estimated": true, "height": 15, "building": "yes", "name": null}, "geometry": {"type": "Polygon", "coordinates": [[[113.2432243, 23.1219632], [113.2432518, 23.1217408], [113.2434707, 23.1217637], [113.2434431, 23.1219862], [113.2432243, 23.1219632]]]}}, {"type": "Feature", "id": 1533204670, "properties": {"id": "1533204670", "levels": 5, "levels_estimated": true, "height": 15, "building": "yes", "name": null}, "geometry": {"type": "Polygon", "coordinates": [[[113.2445267, 23.1216854], [113.2445334, 23.1214481], [113.2448193, 23.1214549], [113.2448127, 23.1216922], [113.2445267, 23.1216854]]]}}, {"type": "Feature", "id": 1533204671, "properties": {"id": "1533204671", "levels": 5, "levels_estimated": true, "height": 15, "building": "yes", "name": null}, "geometry": {"type": "Polygon", "coordinates": [[[113.2440521, 23.121633], [113.2440635, 23.1215552], [113.2443512, 23.1215909], [113.2443399, 23.1216686], [113.2440521, 23.121633]]]}}, {"type": "Feature", "id": 1533424136, "properties": {"id": "1533424136", "levels": 5, "levels_estimated": true, "height": 15, "building": "yes", "name": null}, "geometry": {"type": "Polygon", "coordinates": [[[113.2480635, 23.120864], [113.2477041, 23.1208306], [113.2477297, 23.120598], [113.2480891, 23.1206314], [113.2480635, 23.120864]]]}}, {"type": "Feature", "id": 1533424137, "properties": {"id": "1533424137", "levels": 5, "levels_estimated": true, "height": 15, "building": "yes", "name": null}, "geometry": {"type": "Polygon", "coordinates": [[[113.2476607, 23.1215604], [113.2477004, 23.1215883], [113.2481347, 23.121496], [113.2481417, 23.121453], [113.2478825, 23.1214552], [113.2478919, 23.1212383], [113.2476584, 23.1212426], [113.2476607, 23.1215604]]]}}, {"type": "Feature", "id": 1533424138, "properties": {"id": "1533424138", "levels": 5, "levels_estimated": true, "height": 15, "building": "yes", "name": null}, "geometry": {"type": "Polygon", "coordinates": [[[113.2479009, 23.1214296], [113.2479084, 23.1212771], [113.2482318, 23.1212906], [113.2482243, 23.1214431], [113.2479009, 23.1214296]]]}}, {"type": "Feature", "id": 1533424139, "properties": {"id": "1533424139", "levels": 5, "levels_estimated": true, "height": 15, "building": "yes", "name": null}, "geometry": {"type": "Polygon", "coordinates": [[[113.248541, 23.1214119], [113.2483422, 23.1214244], [113.2483232, 23.1211693], [113.248522, 23.1211567], [113.248541, 23.1214119]]]}}, {"type": "Feature", "id": 1533424140, "properties": {"id": "1533424140", "levels": 5, "levels_estimated": true, "height": 15, "building": "yes", "name": null}, "geometry": {"type": "Polygon", "coordinates": [[[113.248007, 23.1212527], [113.248009, 23.1211636], [113.2482414, 23.1211681], [113.2482393, 23.1212572], [113.248007, 23.1212527]]]}}, {"type": "Feature", "id": 1533424141, "properties": {"id": "1533424141", "levels": 5, "levels_estimated": true, "height": 15, "building": "yes", "name": null}, "geometry": {"type": "Polygon", "coordinates": [[[113.2486974, 23.1213714], [113.2490454, 23.1213006], [113.2490384, 23.1210064], [113.2489543, 23.1210085], [113.2489543, 23.1212082], [113.2486904, 23.1212555], [113.2486974, 23.1213714]]]}}, {"type": "Feature", "id": 1533424142, "properties": {"id": "1533424142", "levels": 5, "levels_estimated": true, "height": 15, "building": "yes", "name": null}, "geometry": {"type": "Polygon", "coordinates": [[[113.247982, 23.1219686], [113.2481775, 23.1219291], [113.2481131, 23.1216597], [113.2478966, 23.1217035], [113.2479219, 23.1218091], [113.248043, 23.1217847], [113.2480594, 23.1218535], [113.2479593, 23.1218738], [113.247982, 23.1219686]]]}}, {"type": "Feature", "id": 1533424143, "properties": {"id": "1533424143", "levels": 5, "levels_estimated": true, "height": 15, "building": "yes", "name": null}, "geometry": {"type": "Polygon", "coordinates": [[[113.2477238, 23.1220479], [113.2476715, 23.1217819], [113.2476794, 23.1217527], [113.2476961, 23.1217267], [113.2477197, 23.1217079], [113.2478507, 23.1216903], [113.2479222, 23.1220157], [113.2477238, 23.1220479]]]}}, {"type": "Feature", "id": 1533424144, "properties": {"id": "1533424144", "levels": 5, "levels_estimated": true, "height": 15, "building": "yes", "name": null}, "geometry": {"type": "Polygon", "coordinates": [[[113.2482591, 23.1231472], [113.2481851, 23.1228396], [113.2482957, 23.122817], [113.2483698, 23.1231246], [113.2482591, 23.1231472]]]}}, {"type": "Feature", "id": 1533424145, "properties": {"id": "1533424145", "levels": 5, "levels_estimated": true, "height": 15, "building": "yes", "name": null}, "geometry": {"type": "Polygon", "coordinates": [[[113.2480138, 23.1232133], [113.2479722, 23.1230525], [113.248208, 23.1230009], [113.2482495, 23.1231617], [113.2480138, 23.1232133]]]}}, {"type": "Feature", "id": 1533424146, "properties": {"id": "1533424146", "levels": 5, "levels_estimated": true, "height": 15, "building": "yes", "name": null}, "geometry": {"type": "Polygon", "coordinates": [[[113.2479713, 23.1230412], [113.2479298, 23.1228804], [113.2481655, 23.1228289], [113.2482071, 23.1229897], [113.2479713, 23.1230412]]]}}, {"type": "Feature", "id": 1533424147, "properties": {"id": "1533424147", "levels": 5, "levels_estimated": true, "height": 15, "building": "yes", "name": null}, "geometry": {"type": "Polygon", "coordinates": [[[113.2490868, 23.1234678], [113.2490482, 23.1232884], [113.2493369, 23.1232248], [113.2493673, 23.1233631], [113.2493612, 23.1233825], [113.2493521, 23.1233998], [113.2493334, 23.1234153], [113.2490868, 23.1234678]]]}}, {"type": "Feature", "id": 1533424148, "properties": {"id": "1533424148", "levels": 5, "levels_estimated": true, "height": 15, "building": "yes", "name": null}, "geometry": {"type": "Polygon", "coordinates": [[[113.2485505, 23.1227742], [113.2484859, 23.1224959], [113.2486349, 23.1224666], [113.2486995, 23.1227449], [113.2485505, 23.1227742]]]}}, {"type": "Feature", "id": 1533424149, "properties": {"id": "1533424149", "levels": 5, "levels_estimated": true, "height": 15, "building": "yes", "name": null}, "geometry": {"type": "Polygon", "coordinates": [[[113.2485269, 23.1232585], [113.2488431, 23.1231927], [113.2487366, 23.1227603], [113.2486043, 23.1227879], [113.2486806, 23.1230978], [113.2484967, 23.1231361], [113.2485269, 23.1232585]]]}}, {"type": "Feature", "id": 1533424150, "properties": {"id": "1533424150", "levels": 5, "levels_estimated": true, "height": 15, "building": "yes", "name": null}, "geometry": {"type": "Polygon", "coordinates": [[[113.2487283, 23.1235862], [113.2486983, 23.1234501], [113.248856, 23.1234207], [113.248886, 23.1235569], [113.2487283, 23.1235862]]]}}, {"type": "Feature", "id": 1533424151, "properties": {"id": "1533424151", "levels": 5, "levels_estimated": true, "height": 15, "building": "yes", "name": null}, "geometry": {"type": "Polygon", "coordinates": [[[113.2502537, 23.1232462], [113.2502238, 23.1231418], [113.2503957, 23.1231002], [113.2504256, 23.1232046], [113.2502537, 23.1232462]]]}}, {"type": "Feature", "id": 1533424152, "properties": {"id": "1533424152", "levels": 5, "levels_estimated": true, "height": 15, "building": "yes", "name": null}, "geometry": {"type": "Polygon", "coordinates": [[[113.247339, 23.1221731], [113.2473029, 23.1219998], [113.2474888, 23.1219671], [113.2475249, 23.1221403], [113.247339, 23.1221731]]]}}, {"type": "Feature", "id": 1533424153, "properties": {"id": "1533424153", "levels": 5, "levels_estimated": true, "height": 15, "building": "yes", "name": null}, "geometry": {"type": "Polygon", "coordinates": [[[113.2471071, 23.121911], [113.2470805, 23.1215775], [113.2472818, 23.1215639], [113.2473086, 23.1218974], [113.2471071, 23.121911]]]}}, {"type": "Feature", "id": 1533424154, "properties": {"id": "1533424154", "levels": 5, "levels_estimated": true, "height": 15, "building": "yes", "name": null}, "geometry": {"type": "Polygon", "coordinates": [[[113.2468435, 23.1223122], [113.2467848, 23.1220392], [113.2469486, 23.1220094], [113.2470073, 23.1222824], [113.2468435, 23.1223122]]]}}, {"type": "Feature", "id": 1533424155, "properties": {"id": "1533424155", "levels": 5, "levels_estimated": true, "height": 15, "building": "yes", "name": null}, "geometry": {"type": "Polygon", "coordinates": [[[113.2471429, 23.1230736], [113.2470002, 23.1230985], [113.2469565, 23.1228867], [113.2470992, 23.1228618], [113.2471429, 23.1230736]]]}}, {"type": "Feature", "id": 1533424167, "properties": {"id": "1533424167", "levels": 5, "levels_estimated": true, "height": 15, "building": "yes", "name": null}, "geometry": {"type": "Polygon", "coordinates": [[[113.2471294, 23.1239778], [113.2471067, 23.1238701], [113.2473776, 23.1238219], [113.2474002, 23.1239295], [113.2471294, 23.1239778]]]}}, {"type": "Feature", "id": 1533424168, "properties": {"id": "1533424168", "levels": 5, "levels_estimated": true, "height": 15, "building": "yes", "name": null}, "geometry": {"type": "Polygon", "coordinates": [[[113.2482445, 23.1202785], [113.2484702, 23.1203031], [113.248482, 23.1202117], [113.2482563, 23.120187], [113.2482445, 23.1202785]]]}}, {"type": "Feature", "id": 1533424169, "properties": {"id": "1533424169", "levels": 5, "levels_estimated": true, "height": 15, "building": "yes", "name": null}, "geometry": {"type": "Polygon", "coordinates": [[[113.2482601, 23.1201315], [113.2484858, 23.1201561], [113.2484976, 23.1200647], [113.248272, 23.12004], [113.2482601, 23.1201315]]]}}, {"type": "Feature", "id": 1533424170, "properties": {"id": "1533424170", "levels": 5, "levels_estimated": true, "height": 15, "building": "yes", "name": null}, "geometry": {"type": "Polygon", "coordinates": [[[113.2489054, 23.1195783], [113.2490294, 23.1196232], [113.2490599, 23.1195297], [113.2490375, 23.1195241], [113.2491574, 23.1192119], [113.2489399, 23.1190567], [113.2487245, 23.1189932], [113.2486858, 23.1190605], [113.2489603, 23.1192007], [113.2490558, 23.1192605], [113.2489054, 23.1195783]]]}}, {"type": "Feature", "id": 1533424171, "properties": {"id": "1533424171", "levels": 5, "levels_estimated": true, "height": 15, "building": "yes", "name": null}, "geometry": {"type": "Polygon", "coordinates": [[[113.2484444, 23.1190267], [113.2486007, 23.1190703], [113.2486346, 23.1189673], [113.2484784, 23.1189238], [113.2484444, 23.1190267]]]}}, {"type": "Feature", "id": 1533424172, "properties": {"id": "1533424172", "levels": 5, "levels_estimated": true, "height": 15, "building": "yes", "name": null}, "geometry": {"type": "Polygon", "coordinates": [[[113.2501953, 23.1193647], [113.2497292, 23.1191425], [113.2497783, 23.1190554], [113.2502445, 23.1192775], [113.2501953, 23.1193647]]]}}, {"type": "Feature", "id": 1533424173, "properties": {"id": "1533424173", "levels": 5, "levels_estimated": true, "height": 15, "building": "yes", "name": null}, "geometry": {"type": "Polygon", "coordinates": [[[113.2493444, 23.1191727], [113.2495344, 23.1189144], [113.2496298, 23.1189737], [113.2494397, 23.119232], [113.2493444, 23.1191727]]]}}, {"type": "Feature", "id": 1533424174, "properties": {"id": "1533424174", "levels": 5, "levels_estimated": true, "height": 15, "building": "yes", "name": null}, "geometry": {"type": "Polygon", "coordinates": [[[113.2495638, 23.119127], [113.2496631, 23.1189839], [113.2497524, 23.1190363], [113.2496531, 23.1191794], [113.2495638, 23.119127]]]}}, {"type": "Feature", "id": 1533424175, "properties": {"id": "1533424175", "levels": 5, "levels_estimated": true, "height": 15, "building": "yes", "name": null}, "geometry": {"type": "Polygon", "coordinates": [[[113.2494681, 23.119255], [113.2495696, 23.1193158], [113.2496364, 23.1192214], [113.249535, 23.1191606], [113.2494681, 23.119255]]]}}, {"type": "Feature", "id": 1533424176, "properties": {"id": "1533424176", "levels": 5, "levels_estimated": true, "height": 15, "building": "yes", "name": null}, "geometry": {"type": "Polygon", "coordinates": [[[113.2501051, 23.1196057], [113.2502093, 23.1194297], [113.2501152, 23.1193825], [113.2500109, 23.1195586], [113.2501051, 23.1196057]]]}}, {"type": "Feature", "id": 1533424177, "properties": {"id": "1533424177", "levels": 5, "levels_estimated": true, "height": 15, "building": "yes", "name": null}, "geometry": {"type": "Polygon", "coordinates": [[[113.2496039, 23.119323], [113.2499813, 23.1195338], [113.2500631, 23.1194098], [113.2496857, 23.1191991], [113.2496039, 23.119323]]]}}, {"type": "Feature", "id": 1533424178, "properties": {"id": "1533424178", "levels": 5, "levels_estimated": true, "height": 15, "building": "yes", "name": null}, "geometry": {"type": "Polygon", "coordinates": [[[113.2495759, 23.1188181], [113.2497476, 23.1184925], [113.2499257, 23.1185719], [113.2497541, 23.1188975], [113.2495759, 23.1188181]]]}}, {"type": "Feature", "id": 1533424179, "properties": {"id": "1533424179", "levels": 5, "levels_estimated": true, "height": 15, "building": "yes", "name": null}, "geometry": {"type": "Polygon", "coordinates": [[[113.2493761, 23.1187193], [113.2495262, 23.1184209], [113.2496062, 23.1184549], [113.249456, 23.1187533], [113.2493761, 23.1187193]]]}}, {"type": "Feature", "id": 1533424180, "properties": {"id": "1533424180", "levels": 5, "levels_estimated": true, "height": 15, "building": "yes", "name": null}, "geometry": {"type": "Polygon", "coordinates": [[[113.2491438, 23.118615], [113.2493468, 23.1186984], [113.2493995, 23.1185898], [113.2491965, 23.1185065], [113.2491438, 23.118615]]]}}, {"type": "Feature", "id": 1533424181, "properties": {"id": "1533424181", "levels": 5, "levels_estimated": true, "height": 15, "building": "yes", "name": null}, "geometry": {"type": "Polygon", "coordinates": [[[113.249208, 23.1184866], [113.2494071, 23.1185696], [113.2494447, 23.1184933], [113.2492456, 23.1184104], [113.249208, 23.1184866]]]}}, {"type": "Feature", "id": 1533424182, "properties": {"id": "1533424182", "levels": 5, "levels_estimated": true, "height": 15, "building": "yes", "name": null}, "geometry": {"type": "Polygon", "coordinates": [[[113.2492541, 23.1183959], [113.2494489, 23.1184759], [113.2494848, 23.118402], [113.24929, 23.118322], [113.2492541, 23.1183959]]]}}, {"type": "Feature", "id": 1533424183, "properties": {"id": "1533424183", "levels": 5, "levels_estimated": true, "height": 15, "building": "yes", "name": null}, "geometry": {"type": "Polygon", "coordinates": [[[113.2490004, 23.1188736], [113.2492057, 23.118971], [113.2493064, 23.1187916], [113.2490349, 23.1186627], [113.2489975, 23.1187294], [113.2490637, 23.1187608], [113.2490004, 23.1188736]]]}}, {"type": "Feature", "id": 1533424184, "properties": {"id": "1533424184", "levels": 5, "levels_estimated": true, "height": 15, "building": "yes", "name": null}, "geometry": {"type": "Polygon", "coordinates": [[[113.2493078, 23.119021], [113.2494084, 23.1188482], [113.2493251, 23.1188072], [113.2492245, 23.1189799], [113.2493078, 23.119021]]]}}, {"type": "Feature", "id": 1533424185, "properties": {"id": "1533424185", "levels": 5, "levels_estimated": true, "height": 15, "building": "yes", "name": null}, "geometry": {"type": "Polygon", "coordinates": [[[113.2501616, 23.1191147], [113.2503608, 23.1192063], [113.2504279, 23.1190362], [113.2503608, 23.1190119], [113.2503303, 23.1190923], [113.2502653, 23.1190698], [113.2502998, 23.1189894], [113.2502084, 23.1189614], [113.2501616, 23.1191147]]]}}, {"type": "Feature", "id": 1533424186, "properties": {"id": "1533424186", "levels": 5, "levels_estimated": true, "height": 15, "building": "yes", "name": null}, "geometry": {"type": "Polygon", "coordinates": [[[113.2489181, 23.118554], [113.2490985, 23.1186191], [113.249133, 23.1185383], [113.2489526, 23.1184732], [113.2489181, 23.118554]]]}}, {"type": "Feature", "id": 1533424187, "properties": {"id": "1533424187", "levels": 5, "levels_estimated": true, "height": 15, "building": "yes", "name": null}, "geometry": {"type": "Polygon", "coordinates": [[[113.2484502, 23.1183649], [113.2487447, 23.1184626], [113.2487613, 23.1184202], [113.248789, 23.1184294], [113.248848, 23.1182791], [113.2488182, 23.1182692], [113.2488547, 23.1181762], [113.2487641, 23.1181461], [113.2487312, 23.1182297], [113.2487546, 23.1182375], [113.2487006, 23.1183751], [113.2484755, 23.1183004], [113.2484502, 23.1183649]]]}}, {"type": "Feature", "id": 1533424188, "properties": {"id": "1533424188", "levels": 5, "levels_estimated": true, "height": 15, "building": "yes", "name": null}, "geometry": {"type": "Polygon", "coordinates": [[[113.2491847, 23.1183894], [113.2490566, 23.1183383], [113.2490921, 23.1182629], [113.2492203, 23.118314], [113.2491847, 23.1183894]]]}}, {"type": "Feature", "id": 1533424189, "properties": {"id": "1533424189", "levels": 5, "levels_estimated": true, "height": 15, "building": "yes", "name": null}, "geometry": {"type": "Polygon", "coordinates": [[[113.2501833, 23.1164695], [113.2499294, 23.116404], [113.2499856, 23.1162194], [113.2502396, 23.1162849], [113.2501833, 23.1164695]]]}}, {"type": "Feature", "id": 1533424190, "properties": {"id": "1533424190", "levels": 5, "levels_estimated": true, "height": 15, "building": "yes", "name": null}, "geometry": {"type": "Polygon", "coordinates": [[[113.2502198, 23.1149826], [113.2502658, 23.1146424], [113.2500605, 23.1146327], [113.2500358, 23.114841], [113.2500517, 23.1148849], [113.2500835, 23.1149158], [113.250126, 23.1149272], [113.250126, 23.1149663], [113.2502198, 23.1149826]]]}}, {"type": "Feature", "id": 1533424191, "properties": {"id": "1533424191", "levels": 5, "levels_estimated": true, "height": 15, "building": "yes", "name": null}, "geometry": {"type": "Polygon", "coordinates": [[[113.2542374, 23.1157963], [113.2543965, 23.1158194], [113.2544571, 23.1154652], [113.2542979, 23.1154422], [113.2542374, 23.1157963]]]}}, {"type": "Feature", "id": 1533424192, "properties": {"id": "1533424192", "levels": 5, "levels_estimated": true, "height": 15, "building": "yes", "name": null}, "geometry": {"type": "Polygon", "coordinates": [[[113.2540598, 23.1157654], [113.2542085, 23.1157947], [113.2542439, 23.1153097], [113.2541589, 23.1152853], [113.2540598, 23.1157654]]]}}, {"type": "Feature", "id": 1533424193, "properties": {"id": "1533424193", "levels": 5, "levels_estimated": true, "height": 15, "building": "yes", "name": null}, "geometry": {"type": "Polygon", "coordinates": [[[113.2521911, 23.1159591], [113.2522761, 23.1159802], [113.2523203, 23.1157801], [113.2522548, 23.1157622], [113.2521911, 23.1159591]]]}}, {"type": "Feature", "id": 1533424194, "properties": {"id": "1533424194", "levels": 5, "levels_estimated": true, "height": 15, "building": "yes", "name": null}, "geometry": {"type": "Polygon", "coordinates": [[[113.2531325, 23.1162505], [113.2531971, 23.1161019], [113.2533629, 23.1161629], [113.2532983, 23.1163115], [113.2531325, 23.1162505]]]}}, {"type": "Feature", "id": 1533424195, "properties": {"id": "1533424195", "levels": 5, "levels_estimated": true, "height": 15, "building": "yes", "name": null}, "geometry": {"type": "Polygon", "coordinates": [[[113.2556929, 23.1179178], [113.2560347, 23.1179199], [113.256053, 23.1179349], [113.2560591, 23.1179535], [113.2560591, 23.1179853], [113.2562644, 23.1179891], [113.2562867, 23.117531], [113.2556424, 23.1175086], [113.2556496, 23.1176492], [113.2559888, 23.1176464], [113.2560071, 23.1176553], [113.2560164, 23.1176731], [113.2560144, 23.1177703], [113.2559998, 23.1177818], [113.2559798, 23.1177909], [113.2556912, 23.1177917], [113.2556929, 23.1179178]]]}}, {"type": "Feature", "id": 1533424196, "properties": {"id": "1533424196", "levels": 5, "levels_estimated": true, "height": 15, "building": "yes", "name": null}, "geometry": {"type": "Polygon", "coordinates": [[[113.2572317, 23.1164659], [113.2573297, 23.1161119], [113.2574615, 23.1161428], [113.2573635, 23.1164968], [113.2572317, 23.1164659]]]}}, {"type": "Feature", "id": 1533424197, "properties": {"id": "1533424197", "levels": 5, "levels_estimated": true, "height": 15, "building": "yes", "name": null}, "geometry": {"type": "Polygon", "coordinates": [[[113.2521679, 23.1146585], [113.2522808, 23.1146977], [113.2523726, 23.1144745], [113.2522596, 23.1144352], [113.2521679, 23.1146585]]]}}, {"type": "Feature", "id": 1533424198, "properties": {"id": "1533424198", "levels": 5, "levels_estimated": true, "height": 15, "building": "yes", "name": null}, "geometry": {"type": "Polygon", "coordinates": [[[113.2502416, 23.1149843], [113.2504862, 23.1150355], [113.2504917, 23.1149294], [113.2504693, 23.1149223], [113.2504683, 23.1148223], [113.2502701, 23.1147979], [113.2502416, 23.1149843]]]}}, {"type": "Feature", "id": 1533424199, "properties": {"id": "1533424199", "levels": 5, "levels_estimated": true, "height": 15, "building": "yes", "name": null}, "geometry": {"type": "Polygon", "coordinates": [[[113.250513, 23.1150363], [113.2505689, 23.1150466], [113.2505954, 23.1148344], [113.250512, 23.1148223], [113.2505039, 23.114855], [113.2505252, 23.1148578], [113.250513, 23.1150363]]]}}, {"type": "Feature", "id": 1533424200, "properties": {"id": "1533424200", "levels": 5, "levels_estimated": true, "height": 15, "building": "yes", "name": null}, "geometry": {"type": "Polygon", "coordinates": [[[113.2501494, 23.115653], [113.2501538, 23.1154543], [113.2502416, 23.1154559], [113.2502373, 23.1156546], [113.2501494, 23.115653]]]}}, {"type": "Feature", "id": 1533424201, "properties": {"id": "1533424201", "levels": 5, "levels_estimated": true, "height": 15, "building": "yes", "name": null}, "geometry": {"type": "Polygon", "coordinates": [[[113.2499127, 23.1160807], [113.2500259, 23.1161018], [113.2500188, 23.1161914], [113.2502648, 23.1162434], [113.2502825, 23.1161816], [113.2503285, 23.1161279], [113.2503321, 23.1161084], [113.2499197, 23.1160416], [113.2499127, 23.1160807]]]}}, {"type": "Feature", "id": 1533424202, "properties": {"id": "1533424202", "levels": 5, "levels_estimated": true, "height": 15, "building": "yes", "name": null}, "geometry": {"type": "Polygon", "coordinates": [[[113.247763, 23.1168893], [113.2478531, 23.1165329], [113.2479752, 23.116559], [113.247885, 23.1169154], [113.247763, 23.1168893]]]}}, {"type": "Feature", "id": 1533424203, "properties": {"id": "1533424203", "levels": 5, "levels_estimated": true, "height": 15, "building": "yes", "name": null}, "geometry": {"type": "Polygon", "coordinates": [[[113.2473609, 23.1169708], [113.2474467, 23.1166011], [113.247596, 23.1166304], [113.2475101, 23.1170001], [113.2473609, 23.1169708]]]}}, {"type": "Feature", "id": 1533424204, "properties": {"id": "1533424204", "levels": 5, "levels_estimated": true, "height": 15, "building": "yes", "name": null}, "geometry": {"type": "Polygon", "coordinates": [[[113.2472795, 23.1181623], [113.2473273, 23.1179116], [113.2473609, 23.1178937], [113.2474423, 23.118019], [113.2474069, 23.1180386], [113.2473591, 23.1181753], [113.2472795, 23.1181623]]]}}, {"type": "Feature", "id": 1533424205, "properties": {"id": "1533424205", "levels": 5, "levels_estimated": true, "height": 15, "building": "yes", "name": null}, "geometry": {"type": "Polygon", "coordinates": [[[113.2460595, 23.118286], [113.2461292, 23.1180244], [113.2462488, 23.1180514], [113.2462013, 23.1182296], [113.2462955, 23.1182509], [113.2462733, 23.1183342], [113.2460595, 23.118286]]]}}, {"type": "Feature", "id": 1533424206, "properties": {"id": "1533424206", "levels": 5, "levels_estimated": true, "height": 15, "building": "yes", "name": null}, "geometry": {"type": "Polygon", "coordinates": [[[113.2455326, 23.1186995], [113.2455765, 23.1185474], [113.2457243, 23.1185835], [113.2456804, 23.1187356], [113.2455326, 23.1186995]]]}}, {"type": "Feature", "id": 1533424207, "properties": {"id": "1533424207", "levels": 5, "levels_estimated": true, "height": 15, "building": "yes", "name": null}, "geometry": {"type": "Polygon", "coordinates": [[[113.2452434, 23.1180968], [113.2450297, 23.118071], [113.2450537, 23.1179023], [113.2452675, 23.117928], [113.2452434, 23.1180968]]]}}, {"type": "Feature", "id": 1533424208, "properties": {"id": "1533424208", "levels": 5, "levels_estimated": true, "height": 15, "building": "yes", "name": null}, "geometry": {"type": "Polygon", "coordinates": [[[113.2442234, 23.1187498], [113.2443083, 23.1187823], [113.244319, 23.1188084], [113.2444322, 23.1188442], [113.2445437, 23.1185105], [113.2443844, 23.1184568], [113.2443137, 23.1184747], [113.2442234, 23.1187498]]]}}, {"type": "Feature", "id": 1533424209, "properties": {"id": "1533424209", "levels": 5, "levels_estimated": true, "height": 15, "building": "yes", "name": null}, "geometry": {"type": "Polygon", "coordinates": [[[113.2436058, 23.1176333], [113.2441261, 23.1178449], [113.2442128, 23.1176643], [113.2436854, 23.1174576], [113.2436058, 23.1176333]]]}}, {"type": "Feature", "id": 1533424210, "properties": {"id": "1533424210", "levels": 5, "levels_estimated": true, "height": 15, "building": "yes", "name": null}, "geometry": {"type": "Polygon", "coordinates": [[[113.2436447, 23.1173632], [113.2436784, 23.1169693], [113.2439226, 23.116984], [113.2439173, 23.1170946], [113.2438217, 23.1170963], [113.2437934, 23.1173339], [113.2438677, 23.1173501], [113.2438306, 23.1174071], [113.2436447, 23.1173632]]]}}, {"type": "Feature", "id": 1533424211, "properties": {"id": "1533424211", "levels": 5, "levels_estimated": true, "height": 15, "building": "yes", "name": null}, "geometry": {"type": "Polygon", "coordinates": [[[113.2412965, 23.1171451], [113.2413832, 23.1169384], [113.2415425, 23.1169921], [113.241615, 23.1167903], [113.2417831, 23.1168733], [113.2415779, 23.1173518], [113.2415212, 23.1173322], [113.2415088, 23.117355], [113.241454, 23.1173388], [113.2414416, 23.1173518], [113.241369, 23.1173274], [113.2413744, 23.1173143], [113.2413478, 23.1173062], [113.2413354, 23.117233], [113.2413637, 23.1171793], [113.2412965, 23.1171451]]]}}, {"type": "Feature", "id": 1533424212, "properties": {"id": "1533424212", "levels": 5, "levels_estimated": true, "height": 15, "building": "yes", "name": null}, "geometry": {"type": "Polygon", "coordinates": [[[113.2402136, 23.1170999], [113.2403804, 23.1171451], [113.2403986, 23.1170883], [113.2405081, 23.1171181], [113.2405687, 23.1169293], [113.2406478, 23.1169508], [113.2407732, 23.1165797], [113.2407106, 23.1165584], [113.2406437, 23.116697], [113.2403868, 23.1166145], [113.2402136, 23.1170999]]]}}, {"type": "Feature", "id": 1533424213, "properties": {"id": "1533424213", "levels": 5, "levels_estimated": true, "height": 15, "building": "yes", "name": null}, "geometry": {"type": "Polygon", "coordinates": [[[113.2396975, 23.1147328], [113.2398051, 23.1147285], [113.2397913, 23.1144379], [113.2396836, 23.1144422], [113.2396975, 23.1147328]]]}}, {"type": "Feature", "id": 1533424214, "properties": {"id": "1533424214", "levels": 5, "levels_estimated": true, "height": 15, "building": "yes", "name": null}, "geometry": {"type": "Polygon", "coordinates": [[[113.2363571, 23.1190644], [113.236353, 23.1189978], [113.2363872, 23.118996], [113.2363913, 23.1190626], [113.2363571, 23.1190644]]]}}, {"type": "Feature", "id": 1533424215, "properties": {"id": "1533424215", "levels": 5, "levels_estimated": true, "height": 15, "building": "yes", "name": null}, "geometry": {"type": "Polygon", "coordinates": [[[113.2363172, 23.1190683], [113.2363132, 23.1190017], [113.2363473, 23.1189999], [113.2363514, 23.1190665], [113.2363172, 23.1190683]]]}}, {"type": "Feature", "id": 1533424216, "properties": {"id": "1533424216", "levels": 5, "levels_estimated": true, "height": 15, "building": "yes", "name": null}, "geometry": {"type": "Polygon", "coordinates": [[[113.236273, 23.119072], [113.2362689, 23.1190054], [113.2363031, 23.1190036], [113.2363072, 23.1190702], [113.236273, 23.119072]]]}}, {"type": "Feature", "id": 1533424217, "properties": {"id": "1533424217", "levels": 5, "levels_estimated": true, "height": 15, "building": "yes", "name": null}, "geometry": {"type": "Polygon", "coordinates": [[[113.2362341, 23.1190733], [113.23623, 23.1190066], [113.2362642, 23.1190048], [113.2362683, 23.1190715], [113.2362341, 23.1190733]]]}}, {"type": "Feature", "id": 1533424218, "properties": {"id": "1533424218", "levels": 5, "levels_estimated": true, "height": 15, "building": "yes", "name": null}, "geometry": {"type": "Polygon", "coordinates": [[[113.2361952, 23.119072], [113.2361911, 23.1190054], [113.2362253, 23.1190036], [113.2362294, 23.1190702], [113.2361952, 23.119072]]]}}, {"type": "Feature", "id": 1533424219, "properties": {"id": "1533424219", "levels": 5, "levels_estimated": true, "height": 15, "building": "yes", "name": null}, "geometry": {"type": "Polygon", "coordinates": [[[113.2361536, 23.119077], [113.2361495, 23.1190103], [113.2361837, 23.1190086], [113.2361878, 23.1190752], [113.2361536, 23.119077]]]}}, {"type": "Feature", "id": 1533424220, "properties": {"id": "1533424220", "levels": 5, "levels_estimated": true, "height": 15, "building": "yes", "name": null}, "geometry": {"type": "Polygon", "coordinates": [[[113.236148, 23.1188405], [113.2361398, 23.1187437], [113.2363279, 23.1187303], [113.2363361, 23.118827], [113.236148, 23.1188405]]]}}]}