{"type":"FeatureCollection","features":[{"type":"Feature","id":27318112,"properties":{"id":"27318112","highway":"secondary","name":"珠江西路","oneway":true,"lanes":null,"maxheight":null,"maxweight":null,"maxwidth":null},"geometry":{"type":"LineString","coordinates":[[113.3183932,23.1299838],[113.3185739,23.1298888],[113.3186349,23.1298456],[113.3186822,23.1297959],[113.3187192,23.1297392],[113.31874,23.1296655],[113.3187463,23.1295906],[113.3187465,23.1295351],[113.3187471,23.1293765],[113.3187555,23.129133],[113.3187604,23.1290119]]}},{"type":"Feature","id":27318117,"properties":{"id":"27318117","highway":"secondary_link","name":null,"oneway":true,"lanes":null,"maxheight":null,"maxweight":null,"maxwidth":null},"geometry":{"type":"LineString","coordinates":[[113.3196538,23.119707],[113.3198239,23.1201302],[113.3199701,23.1204525],[113.3200378,23.1206018]]}},{"type":"Feature","id":27318126,"properties":{"id":"27318126","highway":"secondary","name":"华夏路","oneway":true,"lanes":null,"maxheight":null,"maxweight":null,"maxwidth":null},"geometry":{"type":"LineString","coordinates":[[113.3156874,23.1260875],[113.3157355,23.1260115],[113.3157737,23.1259375],[113.3157917,23.1258625],[113.3157954,23.12577],[113.3157932,23.1256843],[113.3157918,23.1256257],[113.3157772,23.1249868],[113.3157739,23.1248425]]}},{"type":"Feature","id":29118096,"properties":{"id":"29118096","highway":"secondary","name":"华夏路","oneway":true,"lanes":null,"maxheight":null,"maxweight":null,"maxwidth":null},"geometry":{"type":"LineString","coordinates":[[113.3157659,23.1265866],[113.3157068,23.1265548],[113.3156622,23.1265239]]}},{"type":"Feature","id":29141057,"properties":{"id":"29141057","highway":"tertiary","name":"华就路","oneway":false,"lanes":null,"maxheight":null,"maxweight":null,"maxwidth":null},"geometry":{"type":"LineString","coordinates":[[113.3156577,23.1186437],[113.3155175,23.1186442],[113.3154402,23.118644],[113.3147733,23.1186448],[113.3138022,23.1186459]]}},{"type":"Feature","id":29141094,"properties":{"id":"29141094","highway":"unclassified","name":null,"oneway":false,"lanes":null,"maxheight":null,"maxweight":null,"maxwidth":null},"geometry":{"type":"LineString","coordinates":[[113.3158307,23.1186257],[113.315941,23.1186181],[113.3169083,23.1185446]]}},{"type":"Feature","id":29141189,"properties":{"id":"29141189","highway":"tertiary","name":"华明路","oneway":false,"lanes":null,"maxheight":null,"maxweight":null,"maxwidth":null},"geometry":{"type":"LineString","coordinates":[[113.317225,23.1247363],[113.3169249,23.1247596],[113.316513,23.1247915],[113.3162166,23.1248121],[113.3161502,23.1248167],[113.3159498,23.1248306]]}},{"type":"Feature","id":29141657,"properties":{"id":"29141657","highway":"secondary","name":"华夏路","oneway":true,"lanes":null,"maxheight":null,"maxweight":null,"maxwidth":null},"geometry":{"type":"LineString","coordinates":[[113.3151307,23.1300823],[113.3155515,23.1300389],[113.3156458,23.1300073],[113.3157096,23.1299685],[113.3157716,23.1299163],[113.3157891,23.1298748],[113.3158145,23.1298169],[113.315826,23.1297588],[113.3158347,23.1296842],[113.3158367,23.129608],[113.3158369,23.1293236],[113.3158371,23.1290867],[113.3158323,23.1283393],[113.3158308,23.1280118],[113.3158276,23.1272786],[113.3158259,23.1268968],[113.3158258,23.1268699],[113.3158229,23.1267752],[113.315817,23.1267144],[113.3158039,23.1266706],[113.3157659,23.1265866]]}},{"type":"Feature","id":29141670,"properties":{"id":"29141670","highway":"secondary","name":"华夏路","oneway":true,"lanes":null,"maxheight":null,"maxweight":null,"maxwidth":null},"geometry":{"type":"LineString","coordinates":[[113.3160408,23.126564],[113.315979,23.1266563],[113.315959,23.1267108],[113.3159536,23.1267568],[113.3159521,23.1268301],[113.3159552,23.1268913],[113.3159588,23.1269614],[113.3159732,23.1271683],[113.3159798,23.1273319],[113.3159824,23.1274367],[113.3160028,23.1282773],[113.3160125,23.1290161],[113.3160164,23.1293179],[113.3160212,23.1296808]]}},{"type":"Feature","id":29141762,"properties":{"id":"29141762","highway":"unclassified","name":"华强路","oneway":true,"lanes":null,"maxheight":null,"maxweight":null,"maxwidth":null},"geometry":{"type":"LineString","coordinates":[[113.3132519,23.128531],[113.3133281,23.1285253],[113.3136655,23.1285002],[113.3140922,23.1284684],[113.3141262,23.1284659],[113.3142177,23.128459],[113.314692,23.1284237],[113.3149589,23.1284038],[113.3150025,23.1284006],[113.3157723,23.1283437],[113.3158323,23.1283393]]}},{"type":"Feature","id":29142233,"properties":{"id":"29142233","highway":"tertiary","name":"华成路","oneway":false,"lanes":null,"maxheight":null,"maxweight":null,"maxwidth":null},"geometry":{"type":"LineString","coordinates":[[113.3159165,23.1234679],[113.3160346,23.1234614],[113.3161466,23.1234553],[113.3163749,23.1234378],[113.3164281,23.1234335],[113.3166502,23.1234154]]}},{"type":"Feature","id":29165179,"properties":{"id":"29165179","highway":"secondary","name":"金穗路","oneway":true,"lanes":null,"maxheight":null,"maxweight":null,"maxwidth":null},"geometry":{"type":"LineString","coordinates":[[113.3156622,23.1265239],[113.3156193,23.1265025],[113.3155738,23.1264878],[113.3155245,23.1264791],[113.3154743,23.126476],[113.3153788,23.1264784]]}},{"type":"Feature","id":29165238,"properties":{"id":"29165238","highway":"secondary","name":"金穗路","oneway":true,"lanes":null,"maxheight":null,"maxweight":null,"maxwidth":null},"geometry":{"type":"LineString","coordinates":[[113.3099561,23.1266049],[113.3105716,23.1265878],[113.3106214,23.1265889],[113.3106645,23.1265899],[113.3107792,23.1265834],[113.3110958,23.126563],[113.3118808,23.1265125],[113.312871,23.1264488],[113.3129482,23.1264426],[113.3129683,23.126441],[113.3130468,23.1264341],[113.3131254,23.1264263],[113.3132047,23.1264156]]}},{"type":"Feature","id":29165414,"properties":{"id":"29165414","highway":"tertiary","name":"花城大道","oneway":true,"lanes":"3","maxheight":null,"maxweight":null,"maxwidth":null},"geometry":{"type":"LineString","coordinates":[[113.3455262,23.1197519],[113.3450294,23.1197321],[113.3445124,23.1197173],[113.3441143,23.1197226],[113.3436049,23.1197454]]}},{"type":"Feature","id":34323862,"properties":{"id":"34323862","highway":"tertiary","name":"林和中路","oneway":true,"lanes":null,"maxheight":null,"maxweight":null,"maxwidth":null},"geometry":{"type":"LineString","coordinates":[[113.3202597,23.1454056],[113.3202663,23.1447923],[113.3202583,23.1442414],[113.3202602,23.1441985],[113.3202699,23.1439787],[113.3203134,23.1438583]]}},{"type":"Feature","id":34374856,"properties":{"id":"34374856","highway":"tertiary","name":"林乐路","oneway":true,"lanes":"4","maxheight":null,"maxweight":null,"maxwidth":null},"geometry":{"type":"LineString","coordinates":[[113.3184629,23.145588],[113.3187725,23.1456195]]}},{"type":"Feature","id":34374859,"properties":{"id":"34374859","highway":"primary","name":"天河北路","oneway":true,"lanes":null,"maxheight":null,"maxweight":null,"maxwidth":null},"geometry":{"type":"LineString","coordinates":[[113.327121,23.1442652],[113.3266078,23.1442499]]}},{"type":"Feature","id":34380668,"properties":{"id":"34380668","highway":"tertiary","name":"林和东路","oneway":true,"lanes":null,"maxheight":null,"maxweight":null,"maxwidth":null},"geometry":{"type":"LineString","coordinates":[[113.3229889,23.1518318],[113.3229899,23.1517682],[113.3229907,23.1516811],[113.3229816,23.1509632],[113.3229793,23.1505557],[113.3229777,23.1503263],[113.3229712,23.1497083],[113.3229737,23.1490201],[113.3229741,23.1488952],[113.3229766,23.1482211],[113.3229779,23.1478534],[113.3229746,23.1477995]]}},{"type":"Feature","id":40016187,"properties":{"id":"40016187","highway":"trunk_link","name":null,"oneway":true,"lanes":null,"maxheight":null,"maxweight":null,"maxwidth":null},"geometry":{"type":"LineString","coordinates":[[113.312975,23.1308516],[113.3127932,23.1309778],[113.3126796,23.1310474],[113.3125534,23.1311177],[113.3124189,23.131186],[113.3122956,23.1312468],[113.3121432,23.1313182],[113.3119103,23.1314284],[113.3113565,23.1316875],[113.3109748,23.1318659],[113.3105858,23.1320512],[113.3099921,23.1323387],[113.3093918,23.1326266],[113.3089747,23.1328174],[113.3087603,23.1329129],[113.3085155,23.1330156],[113.3083916,23.1330662],[113.3081856,23.1331424],[113.3079909,23.1332067],[113.3077733,23.133275],[113.3076245,23.133324],[113.3073979,23.1334013],[113.3072629,23.1334524],[113.3070616,23.1335332],[113.3068693,23.1336181],[113.3066153,23.133739],[113.306146,23.1339534]]}},{"type":"Feature","id":40016195,"properties":{"id":"40016195","highway":"primary","name":"黄埔大道隧道","oneway":true,"lanes":null,"maxheight":null,"maxweight":null,"maxwidth":null},"geometry":{"type":"LineString","coordinates":[[113.3287953,23.1294763],[113.3267191,23.1296086],[113.3259418,23.1296597],[113.3252652,23.129699],[113.3240507,23.1297761],[113.3219929,23.1299199]]}},{"type":"Feature","id":40016198,"properties":{"id":"40016198","highway":"trunk_link","name":"内环路","oneway":true,"lanes":null,"maxheight":null,"maxweight":null,"maxwidth":null},"geometry":{"type":"LineString","coordinates":[[113.3144965,23.1302718],[113.3155998,23.1301957],[113.3162113,23.1301496],[113.3164541,23.1301321],[113.316627,23.1301161],[113.316731,23.1301015],[113.3168996,23.1300686]]}},{"type":"Feature","id":40016208,"properties":{"id":"40016208","highway":"primary","name":"黄埔大道隧道","oneway":true,"lanes":null,"maxheight":null,"maxweight":null,"maxwidth":null},"geometry":{"type":"LineString","coordinates":[[113.3219782,23.1298038],[113.3229974,23.1297469],[113.3241808,23.1296642],[113.3253772,23.1295918],[113.3267056,23.1295098],[113.3277362,23.1294363],[113.3287868,23.1293643]]}},{"type":"Feature","id":40016211,"properties":{"id":"40016211","highway":"primary","name":"黄埔大道隧道","oneway":true,"lanes":null,"maxheight":null,"maxweight":null,"maxwidth":null},"geometry":{"type":"LineString","coordinates":[[113.3219929,23.1299199],[113.3207077,23.129999],[113.320169,23.1300368],[113.3196522,23.130079],[113.318507,23.1301617],[113.3177818,23.1302103],[113.3172231,23.1302523],[113.3170287,23.1302686],[113.3169035,23.1302852],[113.3167548,23.130308],[113.3166323,23.1303295],[113.3164875,23.1303511]]}},{"type":"Feature","id":40016214,"properties":{"id":"40016214","highway":"primary","name":"黄埔大道隧道","oneway":true,"lanes":null,"maxheight":null,"maxweight":null,"maxwidth":null},"geometry":{"type":"LineString","coordinates":[[113.3287868,23.1293643],[113.3295513,23.1293111],[113.3305186,23.1292408],[113.3309935,23.1292027],[113.3311906,23.1291856],[113.331437,23.1291571],[113.3316873,23.1291244],[113.3320839,23.12907]]}},{"type":"Feature","id":45838048,"properties":{"id":"45838048","highway":"residential","name":"体育东横街","oneway":false,"lanes":null,"maxheight":null,"maxweight":null,"maxwidth":null},"geometry":{"type":"LineString","coordinates":[[113.3228397,23.1318301],[113.3229131,23.1318271],[113.3240597,23.1317533],[113.3241989,23.1317443],[113.3242954,23.1317381],[113.3253299,23.1315555],[113.3264197,23.1313632],[113.3264532,23.1313618],[113.3265735,23.1313569],[113.3266404,23.1313549],[113.3279691,23.1313159],[113.3280681,23.131313]]}},{"type":"Feature","id":45838050,"properties":{"id":"45838050","highway":"residential","name":"华文街","oneway":false,"lanes":null,"maxheight":null,"maxweight":null,"maxwidth":null},"geometry":{"type":"LineString","coordinates":[[113.322951,23.1376285],[113.3230206,23.1376291]]}},{"type":"Feature","id":45838052,"properties":{"id":"45838052","highway":"tertiary","name":null,"oneway":false,"lanes":null,"maxheight":null,"maxweight":null,"maxwidth":null},"geometry":{"type":"LineString","coordinates":[[113.3161595,23.1337891],[113.3162411,23.1337848]]}},{"type":"Feature","id":49214120,"properties":{"id":"49214120","highway":"trunk_link","name":null,"oneway":true,"lanes":null,"maxheight":null,"maxweight":null,"maxwidth":null},"geometry":{"type":"LineString","coordinates":[[113.342165,23.147752],[113.3419785,23.1478091],[113.3418554,23.1478921],[113.3418188,23.1479486],[113.3417695,23.148034],[113.3417339,23.1481328],[113.341738,23.148233],[113.3417339,23.1483208],[113.3417275,23.1483718]]}},{"type":"Feature","id":51424327,"properties":{"id":"51424327","highway":"trunk","name":"天河北隧道","oneway":true,"lanes":null,"maxheight":null,"maxweight":null,"maxwidth":null},"geometry":{"type":"LineString","coordinates":[[113.3274617,23.1435997],[113.3272387,23.1448355]]}},{"type":"Feature","id":51424328,"properties":{"id":"51424328","highway":"tertiary","name":"林乐路","oneway":true,"lanes":null,"maxheight":null,"maxweight":null,"maxwidth":null},"geometry":{"type":"LineString","coordinates":[[113.3267466,23.1464846],[113.326754,23.1463298],[113.3267024,23.1462587],[113.3266761,23.1462004],[113.3266435,23.1461579],[113.3266036,23.1461235],[113.3265598,23.1460961],[113.3265191,23.1460725],[113.3264329,23.1460597],[113.3262799,23.1460416],[113.3260061,23.146012],[113.3252896,23.1459344],[113.325192,23.1459243],[113.3251408,23.145919],[113.3245817,23.1458613],[113.324131,23.1458147],[113.3236248,23.1457688],[113.3230301,23.1457144]]}},{"type":"Feature","id":79173488,"properties":{"id":"79173488","highway":"tertiary","name":"龙口西路","oneway":true,"lanes":"2","maxheight":null,"maxweight":null,"maxwidth":null},"geometry":{"type":"LineString","coordinates":[[113.3318996,23.1366788],[113.3318649,23.136776],[113.3318193,23.1369037],[113.3316691,23.137351],[113.3314675,23.1378949],[113.331402,23.1381347],[113.3312922,23.1385084],[113.3311701,23.1389513],[113.3310328,23.1394451],[113.3310087,23.1395402],[113.3309943,23.1395889],[113.330977,23.1396447],[113.330907,23.1398326],[113.3308729,23.1399361],[113.3308317,23.1400791],[113.3308098,23.1401624],[113.3307125,23.140496],[113.3306747,23.140629],[113.3305697,23.1409931],[113.3304779,23.1413055]]}},{"type":"Feature","id":79173587,"properties":{"id":"79173587","highway":"service","name":null,"oneway":false,"lanes":null,"maxheight":null,"maxweight":null,"maxwidth":null},"geometry":{"type":"LineString","coordinates":[[113.3299604,23.1359484],[113.3300298,23.1358313],[113.3301143,23.135664],[113.3301641,23.1353381],[113.3302139,23.1348574]]}},{"type":"Feature","id":79174943,"properties":{"id":"79174943","highway":"tertiary","name":null,"oneway":true,"lanes":null,"maxheight":null,"maxweight":null,"maxwidth":null},"geometry":{"type":"LineString","coordinates":[[113.3285163,23.1321565],[113.3285689,23.1322147],[113.3286228,23.1322452],[113.3286299,23.1322472],[113.3286641,23.1322568],[113.3287342,23.1322682]]}},{"type":"Feature","id":79174951,"properties":{"id":"79174951","highway":"residential","name":null,"oneway":true,"lanes":"1","maxheight":null,"maxweight":null,"maxwidth":null},"geometry":{"type":"LineString","coordinates":[[113.3319217,23.1347456],[113.3317678,23.1363248]]}},{"type":"Feature","id":79178775,"properties":{"id":"79178775","highway":"motorway_link","name":null,"oneway":true,"lanes":"2","maxheight":null,"maxweight":null,"maxwidth":null},"geometry":{"type":"LineString","coordinates":[[113.3459889,23.1357229],[113.3460975,23.1358859],[113.3461538,23.1359794],[113.3462261,23.1360905],[113.3463067,23.1362039],[113.3463845,23.1363001],[113.3464729,23.1363939],[113.3465587,23.1364802],[113.3466472,23.1365616],[113.3467331,23.1366332],[113.3468217,23.1367046],[113.3469042,23.1367656],[113.3470151,23.1368407],[113.347138,23.1369221],[113.3472644,23.1369997],[113.3473605,23.1370511],[113.3474521,23.1370989],[113.3475465,23.1371371],[113.3476367,23.1371711],[113.347755,23.1372134],[113.3479163,23.1372563],[113.3480402,23.1372864],[113.3481981,23.1373157],[113.3483064,23.1373257],[113.3483981,23.137332],[113.3485195,23.1373332],[113.348632,23.1373291],[113.3487446,23.1373167],[113.3488872,23.1372981],[113.3490335,23.1372774],[113.3501214,23.1371263]]}},{"type":"Feature","id":79178776,"properties":{"id":"79178776","highway":"motorway_link","name":null,"oneway":true,"lanes":null,"maxheight":null,"maxweight":null,"maxwidth":null},"geometry":{"type":"LineString","coordinates":[[113.3504814,23.1374292],[113.3493167,23.1376021],[113.3491431,23.1376304],[113.348984,23.1376561],[113.3488294,23.1376811],[113.3485569,23.137723],[113.3479726,23.1378039],[113.3476308,23.1378413]]}},{"type":"Feature","id":79178778,"properties":{"id":"79178778","highway":"motorway_link","name":null,"oneway":true,"lanes":"2","maxheight":null,"maxweight":null,"maxwidth":null},"geometry":{"type":"LineString","coordinates":[[113.3520791,23.1371457],[113.3513511,23.1373528],[113.3512251,23.1373862],[113.3510423,23.13743]]}},{"type":"Feature","id":79178782,"properties":{"id":"79178782","highway":"secondary","name":null,"oneway":true,"lanes":null,"maxheight":null,"maxweight":null,"maxwidth":null},"geometry":{"type":"LineString","coordinates":[[113.343235,23.1383538],[113.3442374,23.1381718],[113.3449371,23.1380537],[113.3456034,23.1379382],[113.3469638,23.137696],[113.3470302,23.1376848],[113.347097,23.1376741],[113.3471416,23.1376701],[113.3471842,23.1376717]]}},{"type":"Feature","id":79182771,"properties":{"id":"79182771","highway":"trunk_link","name":"天河东路","oneway":true,"lanes":null,"maxheight":null,"maxweight":null,"maxwidth":null},"geometry":{"type":"LineString","coordinates":[[113.3288175,23.1295888],[113.3285365,23.1296461],[113.328434,23.1296709],[113.3283765,23.1297063],[113.3283318,23.1297491],[113.3282787,23.1298175],[113.3282407,23.1299078],[113.3282331,23.1300474],[113.328233,23.1300503],[113.3282354,23.1301329],[113.3282444,23.1302342],[113.32827,23.1304201],[113.3282831,23.1305065],[113.3282975,23.1306017],[113.3283473,23.1308854],[113.3283751,23.131086],[113.3284114,23.1313484],[113.3284572,23.1317082],[113.3284803,23.1319327]]}},{"type":"Feature","id":80911540,"properties":{"id":"80911540","highway":"tertiary","name":"华景北路","oneway":false,"lanes":null,"maxheight":null,"maxweight":null,"maxwidth":null},"geometry":{"type":"LineString","coordinates":[[113.3604556,23.1433908],[113.3604509,23.1434083],[113.3604408,23.1434247],[113.3604045,23.1434635],[113.3603758,23.1434821],[113.3603356,23.1434961],[113.3602243,23.1435105]]}},{"type":"Feature","id":80911715,"properties":{"id":"80911715","highway":"secondary","name":"天河北路","oneway":true,"lanes":null,"maxheight":null,"maxweight":null,"maxwidth":null},"geometry":{"type":"LineString","coordinates":[[113.3402597,23.1441835],[113.3395625,23.144171],[113.3395175,23.1441702],[113.3390383,23.1441558],[113.3377298,23.1441164],[113.3375664,23.1441096],[113.3374454,23.1441018],[113.3373542,23.144096],[113.3371726,23.1440686]]}},{"type":"Feature","id":80911716,"properties":{"id":"80911716","highway":"secondary","name":"天科路","oneway":true,"lanes":null,"maxheight":null,"maxweight":null,"maxwidth":null},"geometry":{"type":"LineString","coordinates":[[113.3371424,23.1438238],[113.3372483,23.1438156],[113.3373251,23.1438015],[113.337431,23.1437528],[113.3375817,23.1436609],[113.3379629,23.1434364],[113.3384498,23.1431496],[113.3395199,23.1425192],[113.3395819,23.1424861]]}},{"type":"Feature","id":80911896,"properties":{"id":"80911896","highway":"tertiary","name":"龙口东路","oneway":false,"lanes":null,"maxheight":null,"maxweight":null,"maxwidth":null},"geometry":{"type":"LineString","coordinates":[[113.3356091,23.1481505],[113.3354844,23.1478078],[113.3352196,23.1470803]]}},{"type":"Feature","id":80911897,"properties":{"id":"80911897","highway":"tertiary","name":"龙口中路","oneway":true,"lanes":"2","maxheight":null,"maxweight":null,"maxwidth":null},"geometry":{"type":"LineString","coordinates":[[113.3345703,23.1423352],[113.3350285,23.1423174],[113.3353488,23.1423084],[113.3356118,23.1423033],[113.3358026,23.1423023],[113.3359664,23.1423047],[113.3370575,23.1423279],[113.3373028,23.142336],[113.3374688,23.142343],[113.3376843,23.1423442],[113.3378017,23.1423326],[113.3378919,23.1423101],[113.3379848,23.1422731],[113.338128,23.1421075]]}},{"type":"Feature","id":80912034,"properties":{"id":"80912034","highway":"secondary","name":"马场路","oneway":true,"lanes":null,"maxheight":null,"maxweight":null,"maxwidth":null},"geometry":{"type":"LineString","coordinates":[[113.3379821,23.1289516],[113.337951,23.1285832]]}},{"type":"Feature","id":80912578,"properties":{"id":"80912578","highway":"residential","name":"海文路","oneway":false,"lanes":null,"maxheight":null,"maxweight":null,"maxwidth":null},"geometry":{"type":"LineString","coordinates":[[113.3310863,23.115319],[113.3310837,23.1154296],[113.3310663,23.1161712],[113.3310507,23.116839],[113.3310069,23.1180262],[113.3309885,23.1190603],[113.3310607,23.1191743]]}},{"type":"Feature","id":80912580,"properties":{"id":"80912580","highway":"residential","name":"海定街","oneway":false,"lanes":null,"maxheight":null,"maxweight":null,"maxwidth":null},"geometry":{"type":"LineString","coordinates":[[113.3310069,23.1180262],[113.3319448,23.1178441],[113.3322366,23.1177874],[113.3329311,23.1176525],[113.3330369,23.117632]]}},{"type":"Feature","id":80912582,"properties":{"id":"80912582","highway":"tertiary","name":"甲子路","oneway":false,"lanes":null,"maxheight":null,"maxweight":null,"maxwidth":null},"geometry":{"type":"LineString","coordinates":[[113.3350522,23.1207335],[113.3355062,23.1211809],[113.3356948,23.1213403],[113.3358192,23.1214433],[113.3359301,23.12152],[113.3360667,23.121607],[113.3362206,23.1216888],[113.3363061,23.1217346],[113.3363843,23.1217766],[113.3365203,23.1218401],[113.3366334,23.1218857],[113.3367635,23.1219311],[113.3369317,23.1219764],[113.3370872,23.122002],[113.3372989,23.1220281],[113.3376587,23.1220556],[113.3378608,23.1220747]]}},{"type":"Feature","id":80912585,"properties":{"id":"80912585","highway":"residential","name":"平月路","oneway":false,"lanes":null,"maxheight":null,"maxweight":null,"maxwidth":null},"geometry":{"type":"LineString","coordinates":[[113.3377654,23.115792],[113.3379276,23.1157813],[113.3383404,23.1157525],[113.3389602,23.1157253],[113.3392417,23.115713],[113.3396815,23.1157638],[113.3398716,23.1158361],[113.3401952,23.116044],[113.3404707,23.1163531],[113.3404962,23.1164026],[113.3406173,23.116638],[113.3406913,23.1169535],[113.3406804,23.1171705],[113.3406115,23.1174515],[113.3405178,23.1176829],[113.3403855,23.1178856],[113.3403063,23.1179665],[113.3401407,23.1181003],[113.3400955,23.1181216],[113.3399128,23.1182077],[113.3396789,23.1182909],[113.3394698,23.118339],[113.3393784,23.11836],[113.3390155,23.1184009],[113.3383806,23.1184883],[113.3379721,23.1185258]]}},{"type":"Feature","id":80912586,"properties":{"id":"80912586","highway":"tertiary","name":"海清路","oneway":false,"lanes":null,"maxheight":null,"maxweight":null,"maxwidth":null},"geometry":{"type":"LineString","coordinates":[[113.3329537,23.1204199],[113.3329608,23.1201822],[113.3329984,23.118931],[113.3330026,23.1187894],[113.3330053,23.1187007],[113.3330369,23.117632],[113.3330659,23.116683],[113.33307,23.1165457],[113.3330723,23.1164672],[113.3331073,23.1153028],[113.3331086,23.1152592],[113.3331146,23.1150589]]}},{"type":"Feature","id":80912587,"properties":{"id":"80912587","highway":"tertiary","name":"海风路","oneway":true,"lanes":null,"maxheight":null,"maxweight":null,"maxwidth":null},"geometry":{"type":"LineString","coordinates":[[113.3351781,23.1201763],[113.3352583,23.1200983],[113.3352929,23.120024],[113.3353043,23.1199629],[113.3353048,23.1199143],[113.3353061,23.1196331],[113.3353147,23.1192714],[113.3353219,23.1190097],[113.3353392,23.1186597],[113.3353458,23.1185282]]}},{"type":"Feature","id":80912589,"properties":{"id":"80912589","highway":"residential","name":"海明路","oneway":false,"lanes":null,"maxheight":null,"maxweight":null,"maxwidth":null},"geometry":{"type":"LineString","coordinates":[[113.3296523,23.1207217],[113.3296443,23.1206468],[113.329628,23.1204955],[113.3296094,23.1200237],[113.329581,23.1197723],[113.3295346,23.1195509],[113.3295116,23.1194247],[113.32954,23.1193114],[113.3296547,23.119244],[113.3310607,23.1191743],[113.332867,23.118818],[113.3330026,23.1187894]]}},{"type":"Feature","id":80912821,"properties":{"id":"80912821","highway":"tertiary","name":"龙口西路","oneway":true,"lanes":null,"maxheight":null,"maxweight":null,"maxwidth":null},"geometry":{"type":"LineString","coordinates":[[113.3302741,23.142564],[113.3303196,23.1428939],[113.33037,23.1431292],[113.3305125,23.1438685],[113.3305271,23.1439444],[113.3305475,23.1440503],[113.3305625,23.1441532]]}},{"type":"Feature","id":80912823,"properties":{"id":"80912823","highway":"tertiary","name":"天润路","oneway":true,"lanes":null,"maxheight":null,"maxweight":null,"maxwidth":null},"geometry":{"type":"LineString","coordinates":[[113.3283447,23.145996],[113.3283778,23.1459959],[113.3284706,23.1459957],[113.3285293,23.1459956],[113.3308263,23.145985]]}},{"type":"Feature","id":89797645,"properties":{"id":"89797645","highway":"service","name":"德埔街","oneway":false,"lanes":null,"maxheight":null,"maxweight":null,"maxwidth":null},"geometry":{"type":"LineString","coordinates":[[113.3293207,23.1322497],[113.3293202,23.1321284],[113.3291787,23.1309207],[113.3297509,23.1308095],[113.3296784,23.1297282],[113.3296736,23.1296666],[113.3296634,23.1295373]]}},{"type":"Feature","id":89797646,"properties":{"id":"89797646","highway":"tertiary","name":"天河城大道","oneway":true,"lanes":null,"maxheight":null,"maxweight":null,"maxwidth":null},"geometry":{"type":"LineString","coordinates":[[113.3182089,23.1360709],[113.3181915,23.135718],[113.3181882,23.1356518],[113.3181579,23.1351078],[113.3181476,23.1348748],[113.3181424,23.1347578],[113.318136,23.1346276],[113.3181326,23.1345575],[113.318094,23.1337715],[113.3180907,23.1337051]]}},{"type":"Feature","id":89797647,"properties":{"id":"89797647","highway":"tertiary","name":"正佳大街","oneway":true,"lanes":null,"maxheight":null,"maxweight":null,"maxwidth":null},"geometry":{"type":"LineString","coordinates":[[113.3204168,23.1336025],[113.3204247,23.1337741],[113.3204482,23.1342814],[113.3204527,23.1343788],[113.3204851,23.1350772],[113.3204932,23.1353268],[113.3205016,23.1355874],[113.3205025,23.1356144],[113.3205058,23.1357175],[113.3205165,23.135774],[113.3205276,23.1358206],[113.3205419,23.1358553],[113.3205647,23.1358902],[113.320605,23.1359309],[113.3206561,23.1359652],[113.3207508,23.1360144]]}},{"type":"Feature","id":89797648,"properties":{"id":"89797648","highway":"residential","name":"华阳街","oneway":false,"lanes":null,"maxheight":null,"maxweight":null,"maxwidth":null},"geometry":{"type":"LineString","coordinates":[[113.3240617,23.1396979],[113.324064,23.1389305],[113.3240679,23.1383625],[113.3240683,23.1383015],[113.324073,23.1376235]]}},{"type":"Feature","id":89797649,"properties":{"id":"89797649","highway":"residential","name":"文华街","oneway":false,"lanes":null,"maxheight":null,"maxweight":null,"maxwidth":null},"geometry":{"type":"LineString","coordinates":[[113.3255787,23.1376219],[113.3255745,23.1375082],[113.3255264,23.1362165],[113.3255186,23.1360705]]}},{"type":"Feature","id":89797650,"properties":{"id":"89797650","highway":"residential","name":"华旭街","oneway":true,"lanes":null,"maxheight":null,"maxweight":null,"maxwidth":null},"geometry":{"type":"LineString","coordinates":[[113.3280239,23.1397136],[113.3279007,23.139709],[113.3278177,23.1397102],[113.3256698,23.1397094],[113.3252121,23.1397061],[113.3244524,23.1397007],[113.3240617,23.1396979],[113.3231922,23.1396922],[113.3231183,23.1396917]]}},{"type":"Feature","id":102596661,"properties":{"id":"102596661","highway":"tertiary","name":"员村二横路","oneway":true,"lanes":null,"maxheight":null,"maxweight":null,"maxwidth":null},"geometry":{"type":"LineString","coordinates":[[113.3565779,23.125635],[113.3565885,23.1255743],[113.3565983,23.1255278],[113.3566347,23.1253727],[113.3568242,23.1245811],[113.3569919,23.123881],[113.3570626,23.1235839],[113.3571616,23.1231739],[113.3572625,23.122763],[113.3573712,23.1223624],[113.3574795,23.1219771],[113.3576088,23.1215193],[113.3576798,23.1213862]]}},{"type":"Feature","id":102596671,"properties":{"id":"102596671","highway":"primary","name":"黄埔大道西","oneway":true,"lanes":null,"maxheight":null,"maxweight":null,"maxwidth":null},"geometry":{"type":"LineString","coordinates":[[113.3401542,23.1285582],[113.3408549,23.1285097],[113.341249,23.1284788],[113.3414628,23.1284608],[113.3415828,23.1284496],[113.3416871,23.1284362],[113.3418402,23.1284133],[113.3420852,23.1283722],[113.3422519,23.1283432],[113.3424437,23.1283007],[113.3425223,23.1282809],[113.3427884,23.1282158]]}},{"type":"Feature","id":102596673,"properties":{"id":"102596673","highway":"secondary","name":"黄埔大道中辅路","oneway":true,"lanes":null,"maxheight":null,"maxweight":null,"maxwidth":null},"geometry":{"type":"LineString","coordinates":[[113.3532112,23.1263902],[113.3533416,23.126355],[113.3538017,23.126231],[113.3539874,23.1261856],[113.3542206,23.1261344],[113.3550745,23.1259773]]}},{"type":"Feature","id":118265807,"properties":{"id":"118265807","highway":"trunk","name":"天河路","oneway":true,"lanes":null,"maxheight":null,"maxweight":null,"maxwidth":null},"geometry":{"type":"LineString","coordinates":[[113.3126097,23.1365087],[113.3117224,23.1365505],[113.3107987,23.136596],[113.3101928,23.1366232],[113.3098497,23.1366416],[113.3094696,23.1366586],[113.3091761,23.1366743],[113.3088013,23.1366955],[113.3085326,23.1367152],[113.3082439,23.1367414],[113.3079339,23.1367719]]}},{"type":"Feature","id":118265811,"properties":{"id":"118265811","highway":"trunk","name":"天河路","oneway":true,"lanes":null,"maxheight":null,"maxweight":null,"maxwidth":null},"geometry":{"type":"LineString","coordinates":[[113.3079293,23.136704],[113.3082557,23.1366725],[113.308663,23.1366361],[113.3088853,23.1366208],[113.309086,23.1366111],[113.3094566,23.1365938],[113.31025,23.1365579],[113.3109602,23.1365199],[113.3122011,23.1364595],[113.3126044,23.1364392]]}},{"type":"Feature","id":118265817,"properties":{"id":"118265817","highway":"trunk","name":"天河路","oneway":true,"lanes":null,"maxheight":null,"maxweight":null,"maxwidth":null},"geometry":{"type":"LineString","coordinates":[[113.3126044,23.1364392],[113.313213,23.1364086],[113.3138759,23.1363771],[113.3140395,23.1363458]]}},{"type":"Feature","id":118601504,"properties":{"id":"118601504","highway":"motorway_link","name":null,"oneway":true,"lanes":null,"maxheight":null,"maxweight":"55","maxwidth":null},"geometry":{"type":"LineString","coordinates":[[113.34456,23.1278112],[113.3452514,23.1276821],[113.345386,23.1276525],[113.3455025,23.1276201],[113.3456045,23.1275769],[113.3457809,23.1274914]]}},{"type":"Feature","id":118601509,"properties":{"id":"118601509","highway":"motorway_link","name":null,"oneway":true,"lanes":null,"maxheight":null,"maxweight":null,"maxwidth":null},"geometry":{"type":"LineString","coordinates":[[113.3506812,23.1270676],[113.3501491,23.1272454],[113.3500073,23.1272821],[113.3498546,23.1273125],[113.3495323,23.1273695],[113.3491899,23.1274354]]}},{"type":"Feature","id":118601512,"properties":{"id":"118601512","highway":"motorway","name":"华南快速","oneway":true,"lanes":"4","maxheight":null,"maxweight":null,"maxwidth":null},"geometry":{"type":"LineString","coordinates":[[113.3511744,23.1400143],[113.3509463,23.1397804],[113.3507746,23.1396145],[113.3506384,23.1394864],[113.3504985,23.1393638],[113.3503538,23.1392451],[113.3502148,23.1391369],[113.3500891,23.1390447]]}},{"type":"Feature","id":118601523,"properties":{"id":"118601523","highway":"motorway_link","name":null,"oneway":true,"lanes":null,"maxheight":null,"maxweight":null,"maxwidth":null},"geometry":{"type":"LineString","coordinates":[[113.3460715,23.1271813],[113.3461997,23.1270837],[113.3462649,23.1270382],[113.3463431,23.1270011],[113.3464054,23.1269797],[113.3464962,23.1269618],[113.346595,23.1269576],[113.3466634,23.1269622],[113.3467449,23.1269763],[113.3468061,23.1269956],[113.3468705,23.1270262],[113.3469436,23.1270741],[113.3469774,23.1271011],[113.3470322,23.1271447],[113.3470736,23.127185],[113.3471165,23.1272394],[113.3471513,23.1272943],[113.3471752,23.1273521],[113.347189,23.1273939]]}},{"type":"Feature","id":118601530,"properties":{"id":"118601530","highway":"motorway","name":"华南快速","oneway":true,"lanes":"4","maxheight":null,"maxweight":null,"maxwidth":null},"geometry":{"type":"LineString","coordinates":[[113.3465796,23.1249355],[113.3466231,23.1243786],[113.3466397,23.1241613],[113.3466467,23.1239937],[113.3466564,23.1236888],[113.3466691,23.1233755],[113.3467039,23.1228811],[113.3467167,23.1225579],[113.3467208,23.1223406],[113.3467172,23.1221246],[113.3466922,23.1216877]]}},{"type":"Feature","id":118601549,"properties":{"id":"118601549","highway":"tertiary","name":"平云路","oneway":true,"lanes":null,"maxheight":null,"maxweight":null,"maxwidth":null},"geometry":{"type":"LineString","coordinates":[[113.3427884,23.1282158],[113.3428356,23.1281474],[113.3428713,23.1281091],[113.3429194,23.1280777],[113.3430032,23.128044],[113.3430842,23.1280127],[113.3432264,23.1279717],[113.3434623,23.1279143],[113.3441106,23.1277912],[113.3443979,23.12774]]}},{"type":"Feature","id":118601570,"properties":{"id":"118601570","highway":"motorway_link","name":null,"oneway":true,"lanes":null,"maxheight":null,"maxweight":null,"maxwidth":null},"geometry":{"type":"LineString","coordinates":[[113.346916,23.1242692],[113.3468405,23.1248391],[113.3467895,23.1254716]]}},{"type":"Feature","id":118601576,"properties":{"id":"118601576","highway":"motorway_link","name":null,"oneway":true,"lanes":"2","maxheight":null,"maxweight":null,"maxwidth":null},"geometry":{"type":"LineString","coordinates":[[113.3470664,23.1270449],[113.3471825,23.1271473],[113.347248,23.1272106],[113.347295,23.1272621],[113.3473146,23.1272937]]}},{"type":"Feature","id":118601579,"properties":{"id":"118601579","highway":"motorway_link","name":null,"oneway":true,"lanes":null,"maxheight":null,"maxweight":null,"maxwidth":null},"geometry":{"type":"LineString","coordinates":[[113.3467895,23.1254716],[113.3467517,23.125944],[113.3467161,23.126366],[113.3467186,23.1264294],[113.346727,23.126496],[113.3467397,23.1265661],[113.3467576,23.1266319],[113.3467848,23.1266981],[113.3468179,23.1267663],[113.346859,23.1268348],[113.3469004,23.1268893],[113.3469447,23.1269379],[113.3470014,23.1269945],[113.3470664,23.1270449]]}},{"type":"Feature","id":118601592,"properties":{"id":"118601592","highway":"motorway","name":"华南快速","oneway":true,"lanes":"4","maxheight":null,"maxweight":null,"maxwidth":null},"geometry":{"type":"LineString","coordinates":[[113.3511716,23.1397832],[113.35133,23.1399478],[113.351483,23.1401162],[113.3516125,23.1402734],[113.3517994,23.14051],[113.3519257,23.1406849],[113.3520685,23.1408851],[113.3522483,23.1411486]]}},{"type":"Feature","id":118601608,"properties":{"id":"118601608","highway":"motorway","name":"华南快速","oneway":true,"lanes":"4","maxheight":null,"maxweight":null,"maxwidth":null},"geometry":{"type":"LineString","coordinates":[[113.3466994,23.1249444],[113.3466239,23.1259548],[113.3465697,23.1268049],[113.346524,23.1277208],[113.3464678,23.1285232],[113.3464333,23.1289271],[113.3463979,23.1296463],[113.3463389,23.1303961],[113.346286,23.1308544],[113.3462097,23.1315466],[113.3461698,23.1319033],[113.3460782,23.1326442],[113.3460516,23.1328589],[113.3459337,23.1338998]]}},{"type":"Feature","id":118601617,"properties":{"id":"118601617","highway":"motorway_link","name":null,"oneway":true,"lanes":null,"maxheight":null,"maxweight":"55","maxwidth":null},"geometry":{"type":"LineString","coordinates":[[113.3479393,23.1276553],[113.347714,23.1276732],[113.3476699,23.1276748],[113.3476312,23.1276704],[113.3475939,23.1276554],[113.3475558,23.1276332],[113.3475265,23.1276082],[113.3474978,23.1275766],[113.3474819,23.1275379],[113.3474768,23.1274997],[113.347478,23.1274607],[113.3474863,23.1274209],[113.3475067,23.1273819],[113.3475297,23.1273522],[113.3475584,23.1273287],[113.3475969,23.1273067],[113.3476341,23.1272939],[113.3476933,23.1272807],[113.3477633,23.1272669],[113.3483546,23.1271884]]}},{"type":"Feature","id":118601625,"properties":{"id":"118601625","highway":"motorway_link","name":null,"oneway":true,"lanes":null,"maxheight":null,"maxweight":"55","maxwidth":null},"geometry":{"type":"LineString","coordinates":[[113.3491899,23.1274354],[113.3479393,23.1276553]]}},{"type":"Feature","id":118601630,"properties":{"id":"118601630","highway":"motorway_link","name":null,"oneway":true,"lanes":null,"maxheight":null,"maxweight":"55","maxwidth":null},"geometry":{"type":"LineString","coordinates":[[113.3457809,23.1274914],[113.3458443,23.1274795],[113.3459052,23.1274745],[113.3459588,23.1274812],[113.3460097,23.1274979],[113.3460703,23.1275069],[113.3461151,23.1275272],[113.3461549,23.1275552],[113.3461923,23.1275883],[113.3462229,23.1276251],[113.3462454,23.1276631],[113.3462605,23.1277031],[113.3462657,23.1277462],[113.3462638,23.127786],[113.3462528,23.1278327],[113.3462379,23.1278698],[113.3462151,23.1279057],[113.3461882,23.1279348],[113.3461545,23.1279586],[113.3461206,23.1279749],[113.3460832,23.1279879],[113.3460395,23.1279978],[113.3455289,23.1280961]]}},{"type":"Feature","id":118601636,"properties":{"id":"118601636","highway":"motorway_link","name":null,"oneway":true,"lanes":null,"maxheight":null,"maxweight":null,"maxwidth":null},"geometry":{"type":"LineString","coordinates":[[113.3505166,23.1267866],[113.3506553,23.1267625],[113.350754,23.1267478],[113.3508911,23.1267317],[113.3510895,23.1267177],[113.3513336,23.1266999],[113.3516535,23.1266753]]}},{"type":"Feature","id":119029072,"properties":{"id":"119029072","highway":"secondary","name":null,"oneway":true,"lanes":null,"maxheight":null,"maxweight":null,"maxwidth":null},"geometry":{"type":"LineString","coordinates":[[113.3224901,23.125847],[113.3223332,23.1258475],[113.3221464,23.1258546],[113.3220814,23.1258543],[113.3219913,23.125859],[113.321877,23.1258661],[113.3206694,23.1259571]]}},{"type":"Feature","id":119029073,"properties":{"id":"119029073","highway":"secondary","name":null,"oneway":true,"lanes":null,"maxheight":null,"maxweight":null,"maxwidth":null},"geometry":{"type":"LineString","coordinates":[[113.3161376,23.1261541],[113.3161999,23.1261867],[113.3162529,23.126208],[113.3163037,23.1262195],[113.3163768,23.126229],[113.3164882,23.1262258],[113.3178554,23.1261072]]}},{"type":"Feature","id":123630262,"properties":{"id":"123630262","highway":"motorway","name":"华南快速","oneway":true,"lanes":"4","maxheight":null,"maxweight":null,"maxwidth":null},"geometry":{"type":"LineString","coordinates":[[113.3542142,23.1487835],[113.3539176,23.1473648],[113.3535888,23.1459695],[113.3533913,23.1450124]]}},{"type":"Feature","id":123630268,"properties":{"id":"123630268","highway":"motorway","name":"华南快速","oneway":true,"lanes":"4","maxheight":null,"maxweight":null,"maxwidth":null},"geometry":{"type":"LineString","coordinates":[[113.3533913,23.1450124],[113.3533352,23.1447852],[113.3532741,23.1445492],[113.3531255,23.143886],[113.3530798,23.1436713]]}},{"type":"Feature","id":123630275,"properties":{"id":"123630275","highway":"motorway_link","name":null,"oneway":true,"lanes":null,"maxheight":null,"maxweight":null,"maxwidth":null},"geometry":{"type":"LineString","coordinates":[[113.3543351,23.1483068],[113.3543753,23.1484325],[113.3544049,23.1484964],[113.3544587,23.148566],[113.3545283,23.1486222],[113.3546559,23.1486573],[113.3547714,23.1486552],[113.354887,23.1486179],[113.3549855,23.1485372],[113.3551059,23.1484241],[113.3552654,23.1482308],[113.3554766,23.1479595]]}},{"type":"Feature","id":123630292,"properties":{"id":"123630292","highway":"motorway","name":"华南快速","oneway":true,"lanes":"4","maxheight":null,"maxweight":null,"maxwidth":null},"geometry":{"type":"LineString","coordinates":[[113.3535243,23.1449967],[113.3536876,23.1456604],[113.3537229,23.1458276],[113.3540259,23.1473348],[113.3540957,23.1476989],[113.3541441,23.1479583],[113.3542111,23.1482737]]}},{"type":"Feature","id":123630295,"properties":{"id":"123630295","highway":"motorway_link","name":null,"oneway":true,"lanes":null,"maxheight":null,"maxweight":null,"maxwidth":null},"geometry":{"type":"LineString","coordinates":[[113.3536876,23.1456604],[113.3537979,23.1459693],[113.3539155,23.1464314],[113.3541194,23.1473576],[113.3543351,23.1483068]]}},{"type":"Feature","id":123630305,"properties":{"id":"123630305","highway":"motorway_link","name":null,"oneway":true,"lanes":null,"maxheight":null,"maxweight":null,"maxwidth":null},"geometry":{"type":"LineString","coordinates":[[113.3557485,23.1478491],[113.3557984,23.1477113],[113.355831,23.1475819],[113.3558457,23.1474037],[113.3558578,23.1471238],[113.3558796,23.1470429],[113.3559216,23.1469479],[113.3559581,23.146893],[113.3560163,23.146838],[113.3560814,23.1467962],[113.356176,23.1467637],[113.3562827,23.1467299],[113.3566728,23.1466182],[113.3571994,23.1464689],[113.3574303,23.146403],[113.3577751,23.1463013],[113.3581969,23.1461732],[113.3585084,23.1460422]]}},{"type":"Feature","id":123630315,"properties":{"id":"123630315","highway":"motorway_link","name":null,"oneway":true,"lanes":null,"maxheight":null,"maxweight":null,"maxwidth":null},"geometry":{"type":"LineString","coordinates":[[113.3552109,23.1489589],[113.3551134,23.1491554],[113.3550815,23.1492427],[113.3550621,23.1493322],[113.3550527,23.1494172],[113.3550534,23.1495307],[113.3550609,23.14964],[113.3550487,23.1497302],[113.3550165,23.1498091],[113.3549691,23.1498684],[113.3548841,23.1499255],[113.3548002,23.1499598],[113.3546952,23.1499717],[113.3545905,23.1499652],[113.3544944,23.1499366],[113.3544138,23.1498776],[113.3543652,23.1498055],[113.3543301,23.1497238],[113.354268,23.1495343],[113.3540487,23.1487254],[113.3540194,23.148473],[113.3539757,23.1479469],[113.3539099,23.1475873],[113.3539176,23.1473648]]}},{"type":"Feature","id":146688868,"properties":{"id":"146688868","highway":"service","name":null,"oneway":false,"lanes":null,"maxheight":null,"maxweight":null,"maxwidth":null},"geometry":{"type":"LineString","coordinates":[[113.3179445,23.1406628],[113.3164524,23.1407186],[113.3163819,23.1407212],[113.3162867,23.1407236],[113.3162199,23.1407235],[113.3161252,23.1407248]]}},{"type":"Feature","id":146688869,"properties":{"id":"146688869","highway":"unclassified","name":null,"oneway":true,"lanes":null,"maxheight":null,"maxweight":null,"maxwidth":null},"geometry":{"type":"LineString","coordinates":[[113.3229478,23.1406598],[113.3230177,23.140661]]}},{"type":"Feature","id":146688870,"properties":{"id":"146688870","highway":"service","name":null,"oneway":false,"lanes":null,"maxheight":null,"maxweight":null,"maxwidth":null},"geometry":{"type":"LineString","coordinates":[[113.3192356,23.1418248],[113.3192823,23.1433818],[113.3192601,23.1434914],[113.3192364,23.1435925]]}},{"type":"Feature","id":146688871,"properties":{"id":"146688871","highway":"secondary","name":"金穗路","oneway":true,"lanes":null,"maxheight":null,"maxweight":null,"maxwidth":null},"geometry":{"type":"LineString","coordinates":[[113.3226364,23.1258434],[113.3224901,23.125847]]}},{"type":"Feature","id":156563997,"properties":{"id":"156563997","highway":"tertiary","name":"石牌东路","oneway":false,"lanes":null,"maxheight":null,"maxweight":null,"maxwidth":null},"geometry":{"type":"LineString","coordinates":[[113.337305,23.1382458],[113.337342,23.1377826],[113.3373639,23.1375133],[113.3374589,23.1359544],[113.3374696,23.1357795],[113.337493,23.1353968],[113.3374984,23.1353078],[113.3375181,23.1349849],[113.33756,23.134298],[113.3375756,23.1341522],[113.3376447,23.1335074],[113.3377053,23.132941],[113.3377527,23.1324989]]}},{"type":"Feature","id":184740438,"properties":{"id":"184740438","highway":"unclassified","name":"华政街","oneway":false,"lanes":null,"maxheight":null,"maxweight":null,"maxwidth":null},"geometry":{"type":"LineString","coordinates":[[113.3157016,23.1210389],[113.315608,23.1210413],[113.3146579,23.1210662],[113.3138637,23.1210869],[113.3130659,23.1211078],[113.3130181,23.121109]]}},{"type":"Feature","id":188241043,"properties":{"id":"188241043","highway":"tertiary","name":"员村南街","oneway":false,"lanes":null,"maxheight":null,"maxweight":null,"maxwidth":null},"geometry":{"type":"LineString","coordinates":[[113.3517124,23.1222333],[113.3511624,23.1196123]]}},{"type":"Feature","id":188241044,"properties":{"id":"188241044","highway":"tertiary","name":"员村一横路","oneway":true,"lanes":null,"maxheight":null,"maxweight":null,"maxwidth":null},"geometry":{"type":"LineString","coordinates":[[113.3469463,23.1266159],[113.3469331,23.1267847],[113.3469309,23.1269251],[113.3469161,23.1271398],[113.346913,23.1272397],[113.3469122,23.1272648],[113.3469192,23.1273373],[113.3469452,23.1274038]]}},{"type":"Feature","id":188241046,"properties":{"id":"188241046","highway":"tertiary","name":"员村西街","oneway":false,"lanes":null,"maxheight":null,"maxweight":null,"maxwidth":null},"geometry":{"type":"LineString","coordinates":[[113.3568242,23.1245811],[113.3559841,23.1240063]]}},{"type":"Feature","id":188241054,"properties":{"id":"188241054","highway":"tertiary","name":"员村三横路","oneway":false,"lanes":null,"maxheight":null,"maxweight":null,"maxwidth":null},"geometry":{"type":"LineString","coordinates":[[113.3624777,23.1239558],[113.3617931,23.1222374]]}},{"type":"Feature","id":188241055,"properties":{"id":"188241055","highway":"secondary","name":"天府路","oneway":true,"lanes":null,"maxheight":null,"maxweight":null,"maxwidth":null},"geometry":{"type":"LineString","coordinates":[[113.3567749,23.1363146],[113.3567358,23.1362577]]}},{"type":"Feature","id":188241056,"properties":{"id":"188241056","highway":"service","name":null,"oneway":false,"lanes":null,"maxheight":null,"maxweight":null,"maxwidth":null},"geometry":{"type":"LineString","coordinates":[[113.3585452,23.1183561],[113.3572802,23.1180159],[113.3568619,23.1179962],[113.3561981,23.1180245]]}},{"type":"Feature","id":188244781,"properties":{"id":"188244781","highway":"tertiary","name":"东方二路","oneway":false,"lanes":"4","maxheight":null,"maxweight":null,"maxwidth":null},"geometry":{"type":"LineString","coordinates":[[113.355196,23.1313958],[113.3552084,23.1326811],[113.355215,23.1333676]]}},{"type":"Feature","id":188244792,"properties":{"id":"188244792","highway":"service","name":null,"oneway":false,"lanes":null,"maxheight":null,"maxweight":null,"maxwidth":null},"geometry":{"type":"LineString","coordinates":[[113.361463,23.141169],[113.3601973,23.1410486],[113.3601202,23.1410393],[113.3594996,23.1409645],[113.3589319,23.1408955],[113.3583207,23.1408223],[113.3581606,23.1409064],[113.3580221,23.1422324],[113.3580746,23.1424671],[113.3581782,23.1429303],[113.3582345,23.1431824],[113.3583098,23.1435189],[113.3583408,23.1436578],[113.3583557,23.1437496]]}},{"type":"Feature","id":188244799,"properties":{"id":"188244799","highway":"tertiary","name":"东方一路","oneway":false,"lanes":null,"maxheight":null,"maxweight":null,"maxwidth":null},"geometry":{"type":"LineString","coordinates":[[113.3570631,23.133974],[113.3569904,23.1339724],[113.3568523,23.1339713],[113.3567142,23.1339701],[113.3554292,23.133964],[113.3552225,23.1339621]]}},{"type":"Feature","id":188244803,"properties":{"id":"188244803","highway":"residential","name":"俊华街","oneway":false,"lanes":null,"maxheight":null,"maxweight":null,"maxwidth":null},"geometry":{"type":"LineString","coordinates":[[113.3601973,23.1410486],[113.3602644,23.1387743],[113.3603482,23.1380104],[113.3605693,23.1375828],[113.3607048,23.1373206],[113.360886,23.1372116],[113.3616181,23.1372132]]}},{"type":"Feature","id":188244810,"properties":{"id":"188244810","highway":"tertiary","name":"东方三路","oneway":false,"lanes":null,"maxheight":null,"maxweight":null,"maxwidth":null},"geometry":{"type":"LineString","coordinates":[[113.3573555,23.1313925],[113.357284,23.1313924]]}},{"type":"Feature","id":188244816,"properties":{"id":"188244816","highway":"tertiary","name":"枫叶路","oneway":false,"lanes":null,"maxheight":null,"maxweight":null,"maxwidth":null},"geometry":{"type":"LineString","coordinates":[[113.3617005,23.1345695],[113.3617187,23.1348115],[113.3617093,23.1351691],[113.3617079,23.1352166],[113.3616874,23.135832],[113.3616564,23.1365483],[113.3616526,23.1366145],[113.3616181,23.1372132],[113.3616131,23.1374253],[113.3616017,23.1379057],[113.3615988,23.1380268],[113.3615802,23.1388156],[113.3615548,23.1402645],[113.3615507,23.1403711],[113.3615429,23.1406356],[113.3615286,23.1408626],[113.3615193,23.1409875],[113.361463,23.141169],[113.3613532,23.1413987],[113.3611133,23.1418614],[113.3608935,23.1423409],[113.3608408,23.1424563],[113.3607846,23.1425794],[113.3605928,23.1430323],[113.3605132,23.1432554],[113.3604556,23.1433908]]}},{"type":"Feature","id":188246591,"properties":{"id":"188246591","highway":"tertiary","name":"兴民路","oneway":false,"lanes":null,"maxheight":null,"maxweight":null,"maxwidth":null},"geometry":{"type":"LineString","coordinates":[[113.3281011,23.1194347],[113.3280377,23.1193775],[113.3279908,23.1193534],[113.3278974,23.1193269],[113.3277938,23.1193343],[113.3265537,23.1194227],[113.3261984,23.119448]]}},{"type":"Feature","id":188246593,"properties":{"id":"188246593","highway":"service","name":null,"oneway":true,"lanes":null,"maxheight":null,"maxweight":null,"maxwidth":null},"geometry":{"type":"LineString","coordinates":[[113.3214074,23.119477],[113.3212948,23.1194802],[113.3199611,23.1195187],[113.3198352,23.1195735],[113.3197714,23.1196588],[113.3197683,23.1197694],[113.3198819,23.120049],[113.320053,23.1204703],[113.3200585,23.120525],[113.3200378,23.1206018]]}},{"type":"Feature","id":188246596,"properties":{"id":"188246596","highway":"tertiary","name":null,"oneway":false,"lanes":null,"maxheight":null,"maxweight":null,"maxwidth":null},"geometry":{"type":"LineString","coordinates":[[113.3552609,23.1490922],[113.3553419,23.1490013],[113.3554151,23.1489414],[113.355512,23.148873],[113.3556384,23.1487501],[113.3558481,23.1484455],[113.3559107,23.1482439],[113.3559226,23.1480776],[113.3559131,23.1480043],[113.3558927,23.1479696],[113.3558694,23.1479519]]}},{"type":"Feature","id":188246607,"properties":{"id":"188246607","highway":"trunk_link","name":null,"oneway":true,"lanes":null,"maxheight":null,"maxweight":null,"maxwidth":null},"geometry":{"type":"LineString","coordinates":[[113.328277,23.1281656],[113.328305,23.1282692],[113.3283065,23.1283134],[113.3283014,23.1283529],[113.3282882,23.1283949],[113.3282576,23.1284517],[113.328227,23.1284907],[113.3281801,23.1285224],[113.3281175,23.128548],[113.328016,23.1285599],[113.3279627,23.1285516],[113.3278903,23.1285328],[113.3278462,23.1285036],[113.3278138,23.1284787],[113.3277799,23.1284326]]}},{"type":"Feature","id":188246609,"properties":{"id":"188246609","highway":"unclassified","name":"体育西横街","oneway":false,"lanes":null,"maxheight":null,"maxweight":null,"maxwidth":null},"geometry":{"type":"LineString","coordinates":[[113.3227049,23.1311527],[113.3225937,23.131154]]}},{"type":"Feature","id":188246610,"properties":{"id":"188246610","highway":"tertiary","name":"海安路","oneway":true,"lanes":null,"maxheight":null,"maxweight":null,"maxwidth":null},"geometry":{"type":"LineString","coordinates":[[113.3381111,23.1267214],[113.3379337,23.12673]]}},{"type":"Feature","id":188246611,"properties":{"id":"188246611","highway":"trunk_link","name":null,"oneway":true,"lanes":null,"maxheight":null,"maxweight":null,"maxwidth":null},"geometry":{"type":"LineString","coordinates":[[113.3281239,23.1263657],[113.3281818,23.1265289],[113.3281979,23.1266429],[113.3282082,23.1267794],[113.3282116,23.1269092],[113.3282082,23.1270433],[113.3282047,23.1272056]]}},{"type":"Feature","id":188246616,"properties":{"id":"188246616","highway":"trunk_link","name":null,"oneway":true,"lanes":null,"maxheight":null,"maxweight":null,"maxwidth":null},"geometry":{"type":"LineString","coordinates":[[113.3610813,23.1474852],[113.3610837,23.1455409],[113.3610888,23.1454733],[113.3611023,23.145403],[113.3611265,23.1453387],[113.3611553,23.1452699],[113.3612104,23.1451974],[113.3612813,23.1451248],[113.3613485,23.1450777],[113.3614208,23.14504],[113.3630938,23.1443559],[113.363128,23.1443434],[113.3631663,23.1443306],[113.363203,23.1443188],[113.3632474,23.1443059],[113.3632982,23.144293],[113.3633513,23.1442808],[113.3637497,23.1442153]]}},{"type":"Feature","id":188262504,"properties":{"id":"188262504","highway":"residential","name":null,"oneway":false,"lanes":null,"maxheight":null,"maxweight":null,"maxwidth":null},"geometry":{"type":"LineString","coordinates":[[113.3451884,23.1484393],[113.3451027,23.1480078],[113.3450467,23.1477256]]}},{"type":"Feature","id":188262516,"properties":{"id":"188262516","highway":"residential","name":null,"oneway":false,"lanes":null,"maxheight":null,"maxweight":null,"maxwidth":null},"geometry":{"type":"LineString","coordinates":[[113.3481149,23.1478362],[113.347951,23.1478297],[113.3465563,23.1477742],[113.3455916,23.1477282],[113.3453385,23.147727],[113.3450467,23.1477256],[113.3445923,23.1477333],[113.3439875,23.1477435],[113.3431729,23.1477997],[113.3428754,23.1478457],[113.3428032,23.147925],[113.3427336,23.1481142],[113.3427233,23.1481641],[113.3426586,23.1484772]]}},{"type":"Feature","id":194334820,"properties":{"id":"194334820","highway":"service","name":null,"oneway":true,"lanes":null,"maxheight":null,"maxweight":null,"maxwidth":null},"geometry":{"type":"LineString","coordinates":[[113.3221148,23.1412908],[113.3225875,23.1412781],[113.3225861,23.1411158],[113.3225849,23.1409627],[113.3224111,23.1409614],[113.322411,23.1406254]]}},{"type":"Feature","id":194334821,"properties":{"id":"194334821","highway":"service","name":null,"oneway":false,"lanes":null,"maxheight":null,"maxweight":null,"maxwidth":null},"geometry":{"type":"LineString","coordinates":[[113.3218309,23.1404108],[113.3218391,23.1406524]]}},{"type":"Feature","id":194334826,"properties":{"id":"194334826","highway":"service","name":null,"oneway":false,"lanes":null,"maxheight":null,"maxweight":null,"maxwidth":null},"geometry":{"type":"LineString","coordinates":[[113.3207388,23.140465],[113.3212661,23.1404424],[113.3218309,23.1404108],[113.3224982,23.1403988],[113.3226237,23.1403454],[113.3227491,23.140349],[113.3228567,23.140352],[113.3229477,23.1403521]]}},{"type":"Feature","id":194339706,"properties":{"id":"194339706","highway":"primary","name":"林和中路","oneway":true,"lanes":null,"maxheight":null,"maxweight":null,"maxwidth":null},"geometry":{"type":"LineString","coordinates":[[113.320195,23.1459267],[113.3201812,23.1459715],[113.3201558,23.1460248],[113.3200594,23.1462602],[113.3198942,23.1466042],[113.3198413,23.1467646],[113.3197905,23.1470715],[113.3197904,23.1474029],[113.3197904,23.1476318],[113.3198196,23.1478051],[113.319873,23.1479559],[113.3199469,23.1481918]]}},{"type":"Feature","id":194339708,"properties":{"id":"194339708","highway":"service","name":null,"oneway":false,"lanes":null,"maxheight":null,"maxweight":null,"maxwidth":null},"geometry":{"type":"LineString","coordinates":[[113.3224982,23.1403988],[113.322504,23.1406222]]}},{"type":"Feature","id":194339709,"properties":{"id":"194339709","highway":"service","name":null,"oneway":false,"lanes":null,"maxheight":null,"maxweight":null,"maxwidth":null},"geometry":{"type":"LineString","coordinates":[[113.3195128,23.1435986],[113.3194769,23.1434771],[113.3194625,23.143384],[113.3194303,23.1418248]]}},{"type":"Feature","id":194339712,"properties":{"id":"194339712","highway":"primary","name":"林和中路","oneway":true,"lanes":null,"maxheight":null,"maxweight":null,"maxwidth":null},"geometry":{"type":"LineString","coordinates":[[113.3203134,23.1438583],[113.3203583,23.1439827]]}},{"type":"Feature","id":194339716,"properties":{"id":"194339716","highway":"service","name":null,"oneway":false,"lanes":null,"maxheight":null,"maxweight":null,"maxwidth":null},"geometry":{"type":"LineString","coordinates":[[113.3192364,23.1435925],[113.3195128,23.1435986]]}},{"type":"Feature","id":194339723,"properties":{"id":"194339723","highway":"tertiary","name":"林乐路","oneway":true,"lanes":null,"maxheight":null,"maxweight":null,"maxwidth":null},"geometry":{"type":"LineString","coordinates":[[113.320106,23.1455533],[113.3201537,23.1455441],[113.3201908,23.1455314],[113.3202236,23.1455077],[113.320243,23.145483],[113.3202531,23.145453],[113.3202597,23.1454056]]}},{"type":"Feature","id":194344105,"properties":{"id":"194344105","highway":"tertiary_link","name":"兴盛路","oneway":true,"lanes":null,"maxheight":null,"maxweight":null,"maxwidth":null},"geometry":{"type":"LineString","coordinates":[[113.3226425,23.1232986],[113.322762,23.1234136],[113.3228614,23.1234839],[113.3229405,23.1235169],[113.3230891,23.1235443]]}},{"type":"Feature","id":194344107,"properties":{"id":"194344107","highway":"trunk","name":"天河东路","oneway":true,"lanes":null,"maxheight":null,"maxweight":null,"maxwidth":null},"geometry":{"type":"LineString","coordinates":[[113.3287031,23.1350266],[113.3285921,23.1342245],[113.3285236,23.1337249],[113.3284617,23.1333177],[113.3283936,23.1329644]]}},{"type":"Feature","id":194344108,"properties":{"id":"194344108","highway":"trunk_link","name":"天河东路","oneway":true,"lanes":null,"maxheight":null,"maxweight":null,"maxwidth":null},"geometry":{"type":"LineString","coordinates":[[113.3281896,23.1388335],[113.328212,23.1386514],[113.3282169,23.1385665],[113.3282262,23.1384641],[113.3282416,23.1383093],[113.3282865,23.1380084],[113.3283025,23.1379139],[113.3283503,23.1376325]]}},{"type":"Feature","id":194344109,"properties":{"id":"194344109","highway":"trunk","name":"天河东隧道","oneway":true,"lanes":null,"maxheight":null,"maxweight":null,"maxwidth":null},"geometry":{"type":"LineString","coordinates":[[113.3286671,23.1365455],[113.3287088,23.136328],[113.3287323,23.1361931],[113.328748,23.1360866],[113.3287596,23.1359823],[113.3287677,23.1358313],[113.3287685,23.1356944],[113.3287606,23.1355566],[113.3287497,23.1354273],[113.3287344,23.1352795],[113.3287031,23.1350266]]}},{"type":"Feature","id":194344111,"properties":{"id":"194344111","highway":"trunk","name":"花城大道隧道","oneway":true,"lanes":null,"maxheight":null,"maxweight":null,"maxwidth":null},"geometry":{"type":"LineString","coordinates":[[113.3282836,23.121634],[113.3282162,23.1236812],[113.3282026,23.1242077]]}},{"type":"Feature","id":194344114,"properties":{"id":"194344114","highway":"trunk_link","name":"猎德大道","oneway":true,"lanes":null,"maxheight":null,"maxweight":null,"maxwidth":null},"geometry":{"type":"LineString","coordinates":[[113.3288366,23.1156091],[113.3287147,23.115688],[113.3286766,23.1157243],[113.3286361,23.1157789],[113.3286108,23.11583],[113.3285931,23.1159031],[113.3285841,23.1160924],[113.3285769,23.1163564],[113.3285569,23.1169768],[113.3285401,23.1179906],[113.3285371,23.1182157]]}},{"type":"Feature","id":194344117,"properties":{"id":"194344117","highway":"trunk","name":"天河东隧道","oneway":true,"lanes":null,"maxheight":null,"maxweight":null,"maxwidth":null},"geometry":{"type":"LineString","coordinates":[[113.3288143,23.1350158],[113.328843,23.1352351],[113.328861,23.1354083],[113.3288719,23.1355466],[113.3288776,23.1356963],[113.328876,23.1358416],[113.328869,23.1359685],[113.3288598,23.1360657],[113.3288508,23.1361446],[113.3288352,23.1362542],[113.328813,23.136381],[113.3287793,23.1365539]]}},{"type":"Feature","id":194344119,"properties":{"id":"194344119","highway":"trunk_link","name":null,"oneway":true,"lanes":null,"maxheight":null,"maxweight":null,"maxwidth":null},"geometry":{"type":"LineString","coordinates":[[113.328264,23.1296161],[113.328141,23.1296081],[113.3280632,23.1295907],[113.3280034,23.1295643],[113.3279363,23.1295146],[113.327886,23.1294692],[113.3278133,23.1293807],[113.3277631,23.1293109]]}},{"type":"Feature","id":194344127,"properties":{"id":"194344127","highway":"trunk","name":"天河东路","oneway":true,"lanes":null,"maxheight":null,"maxweight":null,"maxwidth":null},"geometry":{"type":"LineString","coordinates":[[113.3287793,23.1365539],[113.3286593,23.1371924],[113.3285393,23.1378908],[113.3284889,23.1381923],[113.3284226,23.138577]]}},{"type":"Feature","id":194345861,"properties":{"id":"194345861","highway":"secondary_link","name":null,"oneway":true,"lanes":null,"maxheight":null,"maxweight":null,"maxwidth":null},"geometry":{"type":"LineString","coordinates":[[113.3288175,23.1295888],[113.3286936,23.1295596],[113.3286545,23.129542],[113.3286282,23.1295167],[113.3286058,23.1294664],[113.3286049,23.1294167],[113.3286164,23.1293626],[113.3286369,23.1293223],[113.3286602,23.1292998],[113.3287282,23.1292682],[113.3287856,23.1292483],[113.3288898,23.1292192]]}},{"type":"Feature","id":194345864,"properties":{"id":"194345864","highway":"trunk_link","name":null,"oneway":true,"lanes":null,"maxheight":null,"maxweight":null,"maxwidth":null},"geometry":{"type":"LineString","coordinates":[[113.3282234,23.1292575],[113.3285516,23.1292017],[113.3286505,23.1291766],[113.3287364,23.1291442],[113.3287736,23.1291217],[113.3288039,23.1290927],[113.3288287,23.1290634],[113.3288504,23.1290177],[113.3288556,23.1289698],[113.3288564,23.1289238],[113.3288446,23.1288747],[113.3288123,23.1288211],[113.3287671,23.128768]]}},{"type":"Feature","id":194345865,"properties":{"id":"194345865","highway":"secondary","name":"冼村路","oneway":true,"lanes":null,"maxheight":null,"maxweight":null,"maxwidth":null},"geometry":{"type":"LineString","coordinates":[[113.3226364,23.1258434],[113.3226403,23.125998],[113.3226557,23.1266058],[113.3226707,23.1268238],[113.3226814,23.1277052],[113.3226819,23.1278078],[113.322685,23.1283899],[113.3226868,23.128739],[113.322677,23.1294336]]}},{"type":"Feature","id":194414651,"properties":{"id":"194414651","highway":"primary","name":"黄埔大道西","oneway":true,"lanes":null,"maxheight":null,"maxweight":null,"maxwidth":null},"geometry":{"type":"LineString","coordinates":[[113.3386297,23.1287814],[113.3375594,23.1288582]]}},{"type":"Feature","id":194414660,"properties":{"id":"194414660","highway":"primary","name":"黄埔大道西","oneway":true,"lanes":null,"maxheight":null,"maxweight":null,"maxwidth":null},"geometry":{"type":"LineString","coordinates":[[113.337563,23.1287497],[113.3386288,23.1286645]]}},{"type":"Feature","id":194414668,"properties":{"id":"194414668","highway":"primary","name":"黄埔大道西","oneway":true,"lanes":null,"maxheight":null,"maxweight":null,"maxwidth":null},"geometry":{"type":"LineString","coordinates":[[113.3375594,23.1288582],[113.335561,23.1289995]]}},{"type":"Feature","id":194414674,"properties":{"id":"194414674","highway":"tertiary","name":"海业路","oneway":false,"lanes":null,"maxheight":null,"maxweight":null,"maxwidth":null},"geometry":{"type":"LineString","coordinates":[[113.3358499,23.1287401],[113.3358457,23.1286743],[113.3357775,23.1276117],[113.3357173,23.126882]]}},{"type":"Feature","id":194443816,"properties":{"id":"194443816","highway":"residential","name":null,"oneway":false,"lanes":null,"maxheight":null,"maxweight":null,"maxwidth":null},"geometry":{"type":"LineString","coordinates":[[113.3279513,23.1400994],[113.3278349,23.1400965],[113.3273459,23.1400959],[113.3266229,23.1400976],[113.3263783,23.1400982],[113.3262904,23.1400984],[113.3252899,23.1401009],[113.3252105,23.1401739],[113.3251498,23.1402955],[113.3251486,23.141188],[113.3251428,23.1415551],[113.3251376,23.1425541]]}},{"type":"Feature","id":199898038,"properties":{"id":"199898038","highway":"tertiary","name":"华明路","oneway":true,"lanes":null,"maxheight":null,"maxweight":null,"maxwidth":null},"geometry":{"type":"LineString","coordinates":[[113.309987,23.1252319],[113.3106035,23.1252294],[113.3106275,23.1252296],[113.3107773,23.125224],[113.3118001,23.125159],[113.3126189,23.1251027],[113.3128999,23.125082],[113.313088,23.1250682],[113.3131072,23.1250671],[113.3131419,23.125065],[113.3131707,23.1250633]]}},{"type":"Feature","id":199898039,"properties":{"id":"199898039","highway":"primary","name":"花城大道","oneway":true,"lanes":null,"maxheight":null,"maxweight":null,"maxwidth":null},"geometry":{"type":"LineString","coordinates":[[113.3130729,23.1223637],[113.3129847,23.1223685]]}},{"type":"Feature","id":199898409,"properties":{"id":"199898409","highway":"secondary_link","name":null,"oneway":true,"lanes":null,"maxheight":null,"maxweight":null,"maxwidth":null},"geometry":{"type":"LineString","coordinates":[[113.3157358,23.1226265],[113.3156895,23.1224924],[113.3156488,23.1224083],[113.3156028,23.1223546],[113.3155578,23.1223184],[113.3155505,23.1223125],[113.3154793,23.1222663],[113.3154158,23.1222316],[113.3153469,23.1222065],[113.3152621,23.1221801]]}},{"type":"Feature","id":199898412,"properties":{"id":"199898412","highway":"secondary_link","name":"花城大道","oneway":true,"lanes":null,"maxheight":null,"maxweight":null,"maxwidth":null},"geometry":{"type":"LineString","coordinates":[[113.3150843,23.1219391],[113.3152684,23.1218877],[113.3154033,23.1218378],[113.3155299,23.1217532],[113.3155929,23.1216909],[113.3156626,23.121555],[113.3157175,23.121395]]}},{"type":"Feature","id":205504944,"properties":{"id":"205504944","highway":"trunk_link","name":null,"oneway":true,"lanes":null,"maxheight":null,"maxweight":null,"maxwidth":null},"geometry":{"type":"LineString","coordinates":[[113.3610973,23.1489721],[113.3610912,23.1486751],[113.3610813,23.1474852]]}},{"type":"Feature","id":205504945,"properties":{"id":"205504945","highway":"trunk_link","name":null,"oneway":true,"lanes":null,"maxheight":null,"maxweight":null,"maxwidth":null},"geometry":{"type":"LineString","coordinates":[[113.3609009,23.146152],[113.3609349,23.1461923],[113.3609983,23.1462766],[113.3610341,23.1463466],[113.3610625,23.146409],[113.3610815,23.1464741],[113.361112,23.1465949],[113.3611272,23.1467383],[113.3611695,23.1468553]]}},{"type":"Feature","id":205504946,"properties":{"id":"205504946","highway":"trunk_link","name":null,"oneway":true,"lanes":null,"maxheight":null,"maxweight":null,"maxwidth":null},"geometry":{"type":"LineString","coordinates":[[113.3596883,23.1453765],[113.3599191,23.1454957],[113.3604573,23.1458383],[113.3607854,23.1460454],[113.3609009,23.146152]]}},{"type":"Feature","id":205504947,"properties":{"id":"205504947","highway":"trunk_link","name":null,"oneway":true,"lanes":null,"maxheight":null,"maxweight":null,"maxwidth":null},"geometry":{"type":"LineString","coordinates":[[113.3574911,23.1462187],[113.3576545,23.1461474],[113.3578684,23.146047],[113.3581829,23.1459461],[113.3585418,23.1458318],[113.3587247,23.1457785],[113.3588281,23.1457313],[113.3589068,23.1456797],[113.3589736,23.1456219],[113.3590682,23.1455357],[113.3591549,23.1454304],[113.3592039,23.1453815],[113.3592634,23.1453406],[113.3593237,23.1453149],[113.3593907,23.1453018],[113.3594686,23.1453013],[113.359533,23.145307],[113.359613,23.1453347],[113.3596883,23.1453765],[113.3597528,23.145437],[113.3598014,23.1454941],[113.3598268,23.1455412],[113.3598388,23.1455769],[113.3598458,23.1456184],[113.3598488,23.1456687],[113.359845,23.1457141],[113.3598354,23.1457558],[113.3598206,23.1457959],[113.3597937,23.1458562],[113.3597525,23.1459035],[113.3596974,23.1459428],[113.3595912,23.1460023],[113.3592901,23.1460938],[113.3590302,23.1461753]]}},{"type":"Feature","id":205504948,"properties":{"id":"205504948","highway":"trunk_link","name":null,"oneway":true,"lanes":null,"maxheight":null,"maxweight":null,"maxwidth":null},"geometry":{"type":"LineString","coordinates":[[113.3608785,23.1461906],[113.3607661,23.1460871],[113.3606268,23.1459986],[113.3605383,23.1459505],[113.3604617,23.1459187],[113.3603565,23.1458886],[113.3602615,23.1458792],[113.3601612,23.1458762],[113.3600593,23.1458857],[113.3599429,23.145911],[113.3597774,23.1459579],[113.3595912,23.1460023]]}},{"type":"Feature","id":205504949,"properties":{"id":"205504949","highway":"trunk_link","name":null,"oneway":true,"lanes":null,"maxheight":null,"maxweight":null,"maxwidth":null},"geometry":{"type":"LineString","coordinates":[[113.3590302,23.1461753],[113.35846,23.1463433],[113.3581704,23.1464237],[113.3579641,23.1464795],[113.3577287,23.1465369]]}},{"type":"Feature","id":205504950,"properties":{"id":"205504950","highway":"residential","name":null,"oneway":true,"lanes":null,"maxheight":null,"maxweight":null,"maxwidth":null},"geometry":{"type":"LineString","coordinates":[[113.3610973,23.1489721],[113.3611483,23.1487846],[113.361174,23.1486148],[113.3611714,23.1482794],[113.3611726,23.1482051],[113.3611778,23.1479066],[113.3611751,23.1475071],[113.3611751,23.1473246],[113.3610846,23.146849]]}},{"type":"Feature","id":205506673,"properties":{"id":"205506673","highway":"secondary","name":"五山路","oneway":true,"lanes":null,"maxheight":null,"maxweight":null,"maxwidth":null},"geometry":{"type":"LineString","coordinates":[[113.3403909,23.1435173],[113.3404377,23.1435905],[113.3405062,23.1437214],[113.3405229,23.1437643],[113.340556,23.1438673],[113.3405789,23.143949],[113.3405982,23.1440573]]}},{"type":"Feature","id":205506674,"properties":{"id":"205506674","highway":"secondary","name":"五山路","oneway":true,"lanes":null,"maxheight":null,"maxweight":"20","maxwidth":null},"geometry":{"type":"LineString","coordinates":[[113.3406178,23.1445782],[113.3405973,23.1454803],[113.3405908,23.1457923],[113.3405782,23.1463765],[113.3405788,23.1465698],[113.3405834,23.1467449],[113.3405917,23.146875],[113.3405993,23.1469606],[113.3406098,23.147049],[113.3406275,23.1471732],[113.340649,23.1473096],[113.3406895,23.147536],[113.3407416,23.1477877],[113.3407989,23.1480585],[113.3408561,23.1483368],[113.3408714,23.1484165]]}},{"type":"Feature","id":206608466,"properties":{"id":"206608466","highway":"tertiary","name":"兴国路","oneway":false,"lanes":null,"maxheight":null,"maxweight":null,"maxwidth":null},"geometry":{"type":"LineString","coordinates":[[113.3253341,23.1253779],[113.3253335,23.1252616],[113.3253314,23.1248082],[113.325329,23.1243049],[113.3253257,23.1236272],[113.3253254,23.1235547],[113.3253244,23.1233594],[113.3253239,23.1232455],[113.3253235,23.1231721],[113.3253195,23.1223369],[113.3253168,23.1217618],[113.3253163,23.1216661]]}},{"type":"Feature","id":222966429,"properties":{"id":"222966429","highway":"tertiary_link","name":null,"oneway":false,"lanes":null,"maxheight":null,"maxweight":null,"maxwidth":null},"geometry":{"type":"LineString","coordinates":[[113.3555675,23.147809],[113.3554158,23.1477445],[113.3552951,23.1476927],[113.3551932,23.1476508],[113.3550937,23.147616],[113.3549356,23.1475832],[113.3547639,23.1475883],[113.3543703,23.1476955]]}},{"type":"Feature","id":222966431,"properties":{"id":"222966431","highway":"tertiary","name":null,"oneway":false,"lanes":null,"maxheight":null,"maxweight":null,"maxwidth":null},"geometry":{"type":"LineString","coordinates":[[113.3558694,23.1479519],[113.3555675,23.147809]]}},{"type":"Feature","id":224934251,"properties":{"id":"224934251","highway":"trunk_link","name":"内环路-黄埔大道放射线","oneway":true,"lanes":null,"maxheight":null,"maxweight":null,"maxwidth":null},"geometry":{"type":"LineString","coordinates":[[113.3145094,23.1303648],[113.3143221,23.1303834],[113.3141612,23.1304059],[113.3139818,23.1304498],[113.3138214,23.1304961],[113.313691,23.130539],[113.3134835,23.1306156],[113.3133273,23.1306821],[113.3131977,23.1307445],[113.312975,23.1308516],[113.3126859,23.1309761],[113.3125235,23.1310488],[113.3123802,23.1311159],[113.3121913,23.131205],[113.3119908,23.131299]]}},{"type":"Feature","id":224952403,"properties":{"id":"224952403","highway":"primary","name":"中山一立交","oneway":true,"lanes":null,"maxheight":null,"maxweight":null,"maxwidth":null},"geometry":{"type":"LineString","coordinates":[[113.3120918,23.1311803],[113.3111543,23.1316276],[113.3108765,23.1317606],[113.3104461,23.1319649],[113.3098262,23.132264],[113.3094725,23.1324345],[113.3085224,23.1328908],[113.3082114,23.133037]]}},{"type":"Feature","id":228123842,"properties":{"id":"228123842","highway":"secondary","name":null,"oneway":true,"lanes":null,"maxheight":null,"maxweight":null,"maxwidth":null},"geometry":{"type":"LineString","coordinates":[[113.3183327,23.126508],[113.3183631,23.1264667],[113.3184011,23.1264298],[113.318451,23.1263947],[113.3185083,23.1263607],[113.318577,23.1263298],[113.3186571,23.1263115],[113.3187267,23.1263047],[113.3188267,23.126297],[113.3196697,23.1262316],[113.3197597,23.1262291],[113.3198311,23.1262448],[113.3198921,23.1262744],[113.3199507,23.1263063],[113.3200014,23.1263469],[113.3200427,23.1263902],[113.320077,23.1264386]]}},{"type":"Feature","id":228123844,"properties":{"id":"228123844","highway":"secondary_link","name":null,"oneway":true,"lanes":null,"maxheight":null,"maxweight":null,"maxwidth":null},"geometry":{"type":"LineString","coordinates":[[113.320077,23.1264386],[113.3201032,23.126479],[113.3201218,23.1265182],[113.3201304,23.1265656],[113.3201224,23.1266248],[113.3201036,23.1266889],[113.3199588,23.1270811],[113.3199292,23.1271798],[113.3199105,23.1272735],[113.3198657,23.1275071],[113.3198088,23.1278705],[113.3197895,23.127994]]}},{"type":"Feature","id":228123845,"properties":{"id":"228123845","highway":"secondary_link","name":null,"oneway":true,"lanes":null,"maxheight":null,"maxweight":null,"maxwidth":null},"geometry":{"type":"LineString","coordinates":[[113.3186963,23.128114],[113.3186734,23.1279888],[113.3186171,23.1276814],[113.3185797,23.1275318],[113.318544,23.127403],[113.3185071,23.1272804],[113.3183635,23.126858],[113.318321,23.126742],[113.318305,23.1266862],[113.318297,23.1266316],[113.3182983,23.1265868],[113.3183096,23.1265468],[113.3183327,23.126508]]}},{"type":"Feature","id":228124190,"properties":{"id":"228124190","highway":"secondary","name":null,"oneway":true,"lanes":null,"maxheight":null,"maxweight":null,"maxwidth":null},"geometry":{"type":"LineString","coordinates":[[113.3178718,23.1261888],[113.3168574,23.1262741],[113.3166605,23.1262939],[113.316539,23.1263112],[113.3163769,23.1263431],[113.3163122,23.1263631],[113.316244,23.1263908],[113.316206,23.1264145],[113.3161426,23.1264709]]}},{"type":"Feature","id":228124191,"properties":{"id":"228124191","highway":"secondary","name":"金穗路隧道","oneway":true,"lanes":null,"maxheight":null,"maxweight":null,"maxwidth":null},"geometry":{"type":"LineString","coordinates":[[113.3206694,23.1259571],[113.3178718,23.1261888]]}},{"type":"Feature","id":228124192,"properties":{"id":"228124192","highway":"secondary","name":null,"oneway":true,"lanes":null,"maxheight":null,"maxweight":null,"maxwidth":null},"geometry":{"type":"LineString","coordinates":[[113.3206627,23.125871],[113.3218705,23.1257854],[113.3219549,23.1257763],[113.3222883,23.1257545],[113.3223305,23.1257517],[113.3225048,23.1257403]]}},{"type":"Feature","id":228124193,"properties":{"id":"228124193","highway":"secondary","name":"金穗路隧道","oneway":true,"lanes":null,"maxheight":null,"maxweight":null,"maxwidth":null},"geometry":{"type":"LineString","coordinates":[[113.3178554,23.1261072],[113.3206627,23.125871]]}},{"type":"Feature","id":232602658,"properties":{"id":"232602658","highway":"unclassified","name":"华强路","oneway":false,"lanes":null,"maxheight":null,"maxweight":null,"maxwidth":null},"geometry":{"type":"LineString","coordinates":[[113.3107332,23.12869],[113.3115864,23.1286691],[113.3131027,23.1285421],[113.3131778,23.1285358],[113.3132519,23.128531]]}},{"type":"Feature","id":232602661,"properties":{"id":"232602661","highway":"trunk_link","name":"内环路-黄埔大道放射线","oneway":true,"lanes":null,"maxheight":null,"maxweight":null,"maxwidth":null},"geometry":{"type":"LineString","coordinates":[[113.3033014,23.1307799],[113.3040845,23.1311072],[113.3046429,23.1313431],[113.3047885,23.1314022],[113.3049531,23.1314646],[113.3051322,23.1315285],[113.3054024,23.1316208],[113.3056149,23.1316844],[113.3059259,23.1317662],[113.3061558,23.1318115],[113.3063293,23.1318449],[113.3064796,23.1318705],[113.3066343,23.1318932],[113.306842,23.1319203],[113.3073956,23.1319962],[113.3078843,23.1320524],[113.3083476,23.1321097],[113.3085175,23.1321336],[113.3086843,23.1321547],[113.3087951,23.1321609],[113.308953,23.1321635],[113.3090485,23.1321612],[113.3091896,23.1321513],[113.309317,23.1321369],[113.3094504,23.1321169],[113.3096201,23.1320781],[113.309736,23.132046],[113.3098511,23.1320125],[113.3099603,23.1319742],[113.3100858,23.1319239],[113.3101981,23.1318752],[113.310681,23.131647],[113.3112898,23.1313631],[113.3117103,23.1311684],[113.3119341,23.1310641],[113.312422,23.1308281],[113.3125741,23.1307568],[113.3127134,23.130695],[113.3128935,23.1306179],[113.3131047,23.1305363],[113.3132361,23.1304925],[113.313391,23.1304484],[113.3135465,23.1304066],[113.3137243,23.130366],[113.3139103,23.1303324],[113.3140775,23.1303082],[113.3142501,23.1302909],[113.3144965,23.1302718]]}},{"type":"Feature","id":232602663,"properties":{"id":"232602663","highway":"unclassified","name":null,"oneway":false,"lanes":null,"maxheight":null,"maxweight":null,"maxwidth":null},"geometry":{"type":"LineString","coordinates":[[113.3108466,23.1301339],[113.3116504,23.1300821],[113.3116734,23.1300806],[113.3120999,23.1300313],[113.3124922,23.1299886],[113.312676,23.1299742],[113.3128651,23.1299664],[113.3131084,23.1299581],[113.313149,23.1299567]]}},{"type":"Feature","id":232967182,"properties":{"id":"232967182","highway":"trunk_link","name":null,"oneway":true,"lanes":null,"maxheight":null,"maxweight":null,"maxwidth":null},"geometry":{"type":"LineString","coordinates":[[113.3143674,23.1305022],[113.3140035,23.1305719],[113.3137879,23.1306186],[113.3137342,23.1306318],[113.3136153,23.1306611],[113.3134389,23.1307102],[113.3133812,23.1307263],[113.3132371,23.1307749],[113.3131906,23.1307903],[113.3131705,23.130797],[113.3130438,23.1308458],[113.3129243,23.1308958],[113.3127367,23.1309846],[113.312569,23.1310687],[113.3122521,23.1312205],[113.3118663,23.1314066],[113.3115044,23.1315733]]}},{"type":"Feature","id":233337676,"properties":{"id":"233337676","highway":"primary","name":"中山一立交","oneway":true,"lanes":null,"maxheight":null,"maxweight":null,"maxwidth":null},"geometry":{"type":"LineString","coordinates":[[113.3081732,23.1329789],[113.3085537,23.1327973],[113.3090406,23.132565],[113.3093347,23.132427],[113.3100641,23.132081],[113.3103521,23.131944],[113.3105937,23.1318297],[113.3115507,23.1313787],[113.3120618,23.1311302]]}},{"type":"Feature","id":233525478,"properties":{"id":"233525478","highway":"primary","name":"花城大道","oneway":true,"lanes":"3","maxheight":null,"maxweight":null,"maxwidth":null},"geometry":{"type":"LineString","coordinates":[[113.3129654,23.1220725],[113.3130492,23.1220664]]}},{"type":"Feature","id":233809679,"properties":{"id":"233809679","highway":"trunk","name":"花城大道隧道","oneway":true,"lanes":null,"maxheight":null,"maxweight":null,"maxwidth":null},"geometry":{"type":"LineString","coordinates":[[113.3281985,23.1203526],[113.3282443,23.119013],[113.3282524,23.1186498]]}},{"type":"Feature","id":233809682,"properties":{"id":"233809682","highway":"trunk","name":"花城大道隧道","oneway":true,"lanes":null,"maxheight":null,"maxweight":null,"maxwidth":null},"geometry":{"type":"LineString","coordinates":[[113.3281606,23.1216348],[113.3281985,23.1203526]]}},{"type":"Feature","id":233809685,"properties":{"id":"233809685","highway":"trunk","name":"花城大道隧道","oneway":true,"lanes":null,"maxheight":null,"maxweight":null,"maxwidth":null},"geometry":{"type":"LineString","coordinates":[[113.3283266,23.120369],[113.3282836,23.121634]]}},{"type":"Feature","id":233810275,"properties":{"id":"233810275","highway":"trunk","name":"猎德大道","oneway":true,"lanes":null,"maxheight":null,"maxweight":null,"maxwidth":null},"geometry":{"type":"LineString","coordinates":[[113.3279564,23.1276597],[113.3279749,23.1271265],[113.3279973,23.126035]]}},{"type":"Feature","id":233810276,"properties":{"id":"233810276","highway":"trunk","name":"天河东路","oneway":true,"lanes":null,"maxheight":null,"maxweight":null,"maxwidth":null},"geometry":{"type":"LineString","coordinates":[[113.3282809,23.1312044],[113.328352,23.1317271]]}},{"type":"Feature","id":233810277,"properties":{"id":"233810277","highway":"trunk","name":"天河东路","oneway":true,"lanes":null,"maxheight":null,"maxweight":null,"maxwidth":null},"geometry":{"type":"LineString","coordinates":[[113.3281612,23.131222],[113.3281042,23.1308173],[113.3280531,23.1304384],[113.3280157,23.1301693],[113.3279886,23.1299766],[113.3279619,23.1296937],[113.3279396,23.1294906]]}},{"type":"Feature","id":233810278,"properties":{"id":"233810278","highway":"trunk","name":"猎德大道","oneway":true,"lanes":null,"maxheight":null,"maxweight":null,"maxwidth":null},"geometry":{"type":"LineString","coordinates":[[113.3280816,23.1276744],[113.328073,23.1279442],[113.32805,23.1286739],[113.3280471,23.1288243],[113.3280478,23.1289591],[113.3280512,23.1290775],[113.3280558,23.1291841]]}},{"type":"Feature","id":240381910,"properties":{"id":"240381910","highway":"trunk","name":"天河路","oneway":true,"lanes":null,"maxheight":null,"maxweight":null,"maxwidth":null},"geometry":{"type":"LineString","coordinates":[[113.3165786,23.136156],[113.3166853,23.1361452],[113.3168254,23.1361335],[113.3169955,23.136124],[113.3173338,23.1361073],[113.3177953,23.1360882],[113.3182089,23.1360709]]}},{"type":"Feature","id":240381911,"properties":{"id":"240381911","highway":"service","name":"广州快速公交系统GBRT专用道","oneway":true,"lanes":null,"maxheight":null,"maxweight":null,"maxwidth":null},"geometry":{"type":"LineString","coordinates":[[113.3353326,23.1379282],[113.3351008,23.1378435],[113.3349795,23.137798],[113.3348538,23.1377502],[113.3347023,23.1376932],[113.3344126,23.1375737],[113.3338989,23.137356],[113.3332535,23.1370843],[113.3327471,23.1368678],[113.3323988,23.1367242],[113.3322134,23.1366507],[113.3320589,23.1365961],[113.3318942,23.1365433],[113.3317537,23.1365014],[113.3315658,23.1364493],[113.3313908,23.1364031],[113.3312586,23.1363695],[113.3310005,23.1363074],[113.3307062,23.1362356],[113.3304358,23.1361722],[113.3301492,23.1361014]]}},{"type":"Feature","id":240381912,"properties":{"id":"240381912","highway":"trunk","name":"天河路","oneway":true,"lanes":null,"maxheight":null,"maxweight":null,"maxwidth":null},"geometry":{"type":"LineString","coordinates":[[113.3375063,23.138437],[113.3372997,23.1383891],[113.3366557,23.1382449],[113.336129,23.1381279],[113.3357898,23.138052]]}},{"type":"Feature","id":243319591,"properties":{"id":"243319591","highway":"tertiary","name":"兴盛路","oneway":true,"lanes":null,"maxheight":null,"maxweight":null,"maxwidth":null},"geometry":{"type":"LineString","coordinates":[[113.3208314,23.1234684],[113.3208847,23.1235483],[113.3209615,23.1236046],[113.3209792,23.1236121],[113.3210312,23.1236342],[113.3211476,23.1236371],[113.3220542,23.1235681],[113.322203,23.1235507],[113.3223224,23.1235089],[113.3224359,23.1234373],[113.3224842,23.1233642]]}},{"type":"Feature","id":243319597,"properties":{"id":"243319597","highway":"secondary","name":"猎德大道-金穗路隧道","oneway":true,"lanes":null,"maxheight":null,"maxweight":null,"maxwidth":null},"geometry":{"type":"LineString","coordinates":[[113.3288764,23.1251711],[113.3302067,23.1250069],[113.3306791,23.1249468],[113.3308818,23.1249196],[113.3310034,23.1249008]]}},{"type":"Feature","id":243320230,"properties":{"id":"243320230","highway":"tertiary","name":"兴国路","oneway":true,"lanes":null,"maxheight":null,"maxweight":null,"maxwidth":null},"geometry":{"type":"LineString","coordinates":[[113.3252646,23.1195145],[113.3252266,23.1194408],[113.3252259,23.1193825],[113.3252107,23.1180451],[113.3252084,23.1178404],[113.3252063,23.117677],[113.3251978,23.1170088],[113.3251951,23.1167942]]}},{"type":"Feature","id":245762344,"properties":{"id":"245762344","highway":"primary","name":"黄埔大道中","oneway":true,"lanes":null,"maxheight":null,"maxweight":null,"maxwidth":null},"geometry":{"type":"LineString","coordinates":[[113.3552919,23.1260549],[113.3558805,23.125926],[113.3562414,23.1258424],[113.3565245,23.1257699],[113.3568478,23.1256824],[113.3580438,23.1253277]]}},{"type":"Feature","id":245762348,"properties":{"id":"245762348","highway":"primary","name":"黄埔大道中","oneway":true,"lanes":null,"maxheight":null,"maxweight":null,"maxwidth":null},"geometry":{"type":"LineString","coordinates":[[113.3580438,23.1253277],[113.3586263,23.125155],[113.3591928,23.1249792],[113.3596637,23.1248158]]}},{"type":"Feature","id":245762350,"properties":{"id":"245762350","highway":"primary","name":"黄埔大道中","oneway":true,"lanes":null,"maxheight":null,"maxweight":null,"maxwidth":null},"geometry":{"type":"LineString","coordinates":[[113.3553175,23.1261598],[113.3541803,23.1263752],[113.3539428,23.1264217],[113.3535683,23.1264988],[113.3529441,23.1266392]]}},{"type":"Feature","id":245762351,"properties":{"id":"245762351","highway":"primary","name":"黄埔大道中","oneway":true,"lanes":null,"maxheight":null,"maxweight":null,"maxwidth":null},"geometry":{"type":"LineString","coordinates":[[113.3580817,23.125434],[113.3572522,23.1256841],[113.3568876,23.1257862],[113.3565065,23.1258877],[113.3563026,23.1259403],[113.3560764,23.1259964],[113.3558766,23.1260419],[113.3553175,23.1261598]]}},{"type":"Feature","id":247429030,"properties":{"id":"247429030","highway":"service","name":null,"oneway":true,"lanes":null,"maxheight":null,"maxweight":null,"maxwidth":null},"geometry":{"type":"LineString","coordinates":[[113.3169083,23.1185446],[113.3171701,23.1184445],[113.3172881,23.1184272],[113.3178476,23.1183655],[113.3182043,23.1183261],[113.3182269,23.1183236],[113.318302,23.1183236],[113.3183395,23.1183499],[113.318361,23.1184026],[113.3183556,23.118456],[113.3183208,23.1185004],[113.3182457,23.118516],[113.3173927,23.1185654],[113.3169083,23.1185446]]}},{"type":"Feature","id":247429032,"properties":{"id":"247429032","highway":"service","name":null,"oneway":true,"lanes":null,"maxheight":null,"maxweight":null,"maxwidth":null},"geometry":{"type":"LineString","coordinates":[[113.3217057,23.1181559],[113.3214096,23.1182151],[113.3211148,23.1182724],[113.3202761,23.1183409],[113.3202331,23.1183335],[113.320201,23.1183063],[113.3201822,23.1182718],[113.3201822,23.1182323],[113.3202036,23.1181904],[113.3202416,23.1181686],[113.3202466,23.1181657],[113.3203056,23.1181509],[113.321155,23.1181244],[113.3217057,23.1181559]]}},{"type":"Feature","id":248282334,"properties":{"id":"248282334","highway":"tertiary","name":"华穗路","oneway":true,"lanes":null,"maxheight":null,"maxweight":null,"maxwidth":null},"geometry":{"type":"LineString","coordinates":[[113.3131401,23.1303787],[113.3131416,23.1303085],[113.313149,23.1299567],[113.3131671,23.129453],[113.3131736,23.1292734],[113.3131817,23.1289881],[113.3131795,23.1287187],[113.3131785,23.1286163],[113.3131778,23.1285358],[113.3131753,23.1284543],[113.3131558,23.1278252],[113.3131535,23.1276821],[113.3131512,23.127534],[113.3131435,23.1270492],[113.3131394,23.1268767],[113.3131347,23.1266824]]}},{"type":"Feature","id":248282336,"properties":{"id":"248282336","highway":"tertiary","name":"华穗路","oneway":true,"lanes":null,"maxheight":null,"maxweight":null,"maxwidth":null},"geometry":{"type":"LineString","coordinates":[[113.3132476,23.1168436],[113.3131648,23.1169195],[113.3131083,23.1169705],[113.3130639,23.1170202],[113.3130288,23.1170902],[113.3130021,23.1171653],[113.3129894,23.1172469],[113.3129956,23.117812],[113.3129976,23.1179991],[113.3129997,23.1181488]]}},{"type":"Feature","id":248407674,"properties":{"id":"248407674","highway":"secondary_link","name":null,"oneway":true,"lanes":null,"maxheight":null,"maxweight":null,"maxwidth":null},"geometry":{"type":"LineString","coordinates":[[113.3158844,23.1213871],[113.3159071,23.1214658],[113.315923,23.1215156],[113.3159498,23.1215674],[113.3159793,23.1216118],[113.3160068,23.1216513],[113.3160368,23.121691],[113.3160692,23.1217279],[113.3161136,23.1217667],[113.3161616,23.1217997],[113.3162232,23.1218309],[113.3162954,23.1218636],[113.3163731,23.1218956]]}},{"type":"Feature","id":248407675,"properties":{"id":"248407675","highway":"secondary_link","name":null,"oneway":true,"lanes":null,"maxheight":null,"maxweight":null,"maxwidth":null},"geometry":{"type":"LineString","coordinates":[[113.3181563,23.1259761],[113.3180919,23.1259588],[113.3180329,23.1259267],[113.3179954,23.1258873],[113.3179659,23.1258281],[113.317846,23.1255265],[113.3177774,23.1253297],[113.3176543,23.1249919]]}},{"type":"Feature","id":248407676,"properties":{"id":"248407676","highway":"secondary_link","name":null,"oneway":true,"lanes":null,"maxheight":null,"maxweight":null,"maxwidth":null},"geometry":{"type":"LineString","coordinates":[[113.3163536,23.122121],[113.3162352,23.1221629],[113.3161885,23.1221866],[113.3161295,23.1222285],[113.3160897,23.122267],[113.3160785,23.1222778],[113.3160329,23.1223272],[113.3159891,23.1223771],[113.3159498,23.1224332],[113.3159278,23.1224906],[113.3159032,23.1226103]]}},{"type":"Feature","id":248407677,"properties":{"id":"248407677","highway":"primary","name":"花城大道","oneway":true,"lanes":null,"maxheight":null,"maxweight":null,"maxwidth":null},"geometry":{"type":"LineString","coordinates":[[113.3175497,23.1219167],[113.3160053,23.1220767],[113.3158931,23.1220911]]}},{"type":"Feature","id":248407678,"properties":{"id":"248407678","highway":"secondary_link","name":null,"oneway":true,"lanes":null,"maxheight":null,"maxweight":null,"maxwidth":null},"geometry":{"type":"LineString","coordinates":[[113.3176687,23.122556],[113.3176708,23.1223155],[113.3176655,23.1222637],[113.3176475,23.1222186],[113.3176323,23.1221952],[113.3176234,23.1221816],[113.3175858,23.1221397],[113.3175495,23.1221107],[113.317515,23.1220854],[113.3174785,23.1220632],[113.3174115,23.122046]]}},{"type":"Feature","id":248407680,"properties":{"id":"248407680","highway":"secondary_link","name":null,"oneway":true,"lanes":null,"maxheight":null,"maxweight":null,"maxwidth":null},"geometry":{"type":"LineString","coordinates":[[113.320819,23.1244714],[113.3208045,23.1245916],[113.3207937,23.1247002],[113.3206158,23.1253504],[113.3206025,23.1253989],[113.3205354,23.1256085],[113.320514,23.1256579],[113.3204871,23.1256998],[113.3204576,23.1257343],[113.3203906,23.1257787],[113.320345,23.1257935]]}},{"type":"Feature","id":248407681,"properties":{"id":"248407681","highway":"secondary_link","name":null,"oneway":true,"lanes":null,"maxheight":null,"maxweight":null,"maxwidth":null},"geometry":{"type":"LineString","coordinates":[[113.320345,23.1257935],[113.3202598,23.1258099],[113.3182313,23.1259842],[113.3181563,23.1259761]]}},{"type":"Feature","id":248407682,"properties":{"id":"248407682","highway":"primary","name":"CBD隧道","oneway":true,"lanes":"3","maxheight":null,"maxweight":null,"maxwidth":null},"geometry":{"type":"LineString","coordinates":[[113.3175461,23.1217984],[113.3208175,23.1215281]]}},{"type":"Feature","id":248407683,"properties":{"id":"248407683","highway":"service","name":"兴安路","oneway":false,"lanes":null,"maxheight":null,"maxweight":null,"maxwidth":null},"geometry":{"type":"LineString","coordinates":[[113.3217057,23.1181559],[113.3222029,23.1181144],[113.3223939,23.1180911]]}},{"type":"Feature","id":248407684,"properties":{"id":"248407684","highway":"primary","name":"花城大道","oneway":true,"lanes":"3","maxheight":null,"maxweight":null,"maxwidth":null},"geometry":{"type":"LineString","coordinates":[[113.3208175,23.1215281],[113.3219222,23.1214443],[113.3220975,23.1214155],[113.322251,23.1213798],[113.3224495,23.121302]]}},{"type":"Feature","id":248407685,"properties":{"id":"248407685","highway":"primary","name":"CBD隧道","oneway":true,"lanes":"3","maxheight":null,"maxweight":null,"maxwidth":null},"geometry":{"type":"LineString","coordinates":[[113.3208302,23.1216448],[113.3175497,23.1219167]]}},{"type":"Feature","id":255645800,"properties":{"id":"255645800","highway":"secondary","name":null,"oneway":true,"lanes":null,"maxheight":null,"maxweight":null,"maxwidth":null},"geometry":{"type":"LineString","coordinates":[[113.334147,23.1289296],[113.3347613,23.1288504],[113.3348614,23.1288377],[113.3349851,23.1288221],[113.3351657,23.1288013],[113.3353517,23.1287825],[113.3355438,23.1287666],[113.3358499,23.1287401]]}},{"type":"Feature","id":255645803,"properties":{"id":"255645803","highway":"motorway_link","name":null,"oneway":true,"lanes":null,"maxheight":null,"maxweight":null,"maxwidth":null},"geometry":{"type":"LineString","coordinates":[[113.3441748,23.1283298],[113.3436005,23.128446]]}},{"type":"Feature","id":255645805,"properties":{"id":"255645805","highway":"secondary","name":"黄埔大道西","oneway":true,"lanes":null,"maxheight":null,"maxweight":null,"maxwidth":null},"geometry":{"type":"LineString","coordinates":[[113.3329141,23.1292537],[113.3326829,23.1293049],[113.3325538,23.1293221],[113.3324168,23.1293353],[113.3322123,23.1293542],[113.3311053,23.1294382],[113.3307759,23.1294616],[113.3305121,23.1294798],[113.3296634,23.1295373],[113.3288175,23.1295888]]}},{"type":"Feature","id":264037341,"properties":{"id":"264037341","highway":"tertiary","name":"体育西路","oneway":true,"lanes":null,"maxheight":null,"maxweight":null,"maxwidth":null},"geometry":{"type":"LineString","coordinates":[[113.3162229,23.1437818],[113.3162031,23.1436457]]}},{"type":"Feature","id":264409075,"properties":{"id":"264409075","highway":"secondary","name":null,"oneway":true,"lanes":null,"maxheight":null,"maxweight":null,"maxwidth":null},"geometry":{"type":"LineString","coordinates":[[113.3162824,23.1358389],[113.3163412,23.1359604],[113.3163738,23.1360167],[113.3164009,23.1360582],[113.3164483,23.1361065],[113.3164786,23.1361243],[113.316511,23.1361384],[113.3165786,23.136156]]}},{"type":"Feature","id":266786085,"properties":{"id":"266786085","highway":"motorway","name":"华南快速","oneway":true,"lanes":"4","maxheight":null,"maxweight":null,"maxwidth":null},"geometry":{"type":"LineString","coordinates":[[113.346852,23.121687],[113.3468535,23.1222012],[113.3468401,23.1229023],[113.3468123,23.1234034],[113.3467805,23.1238826],[113.3467446,23.124377],[113.3466994,23.1249444]]}},{"type":"Feature","id":266786086,"properties":{"id":"266786086","highway":"motorway","name":"华南快速","oneway":true,"lanes":"4","maxheight":null,"maxweight":null,"maxwidth":null},"geometry":{"type":"LineString","coordinates":[[113.3466922,23.1216877],[113.346678,23.1213316],[113.346659,23.1208621],[113.3466334,23.1204441],[113.3466081,23.120043],[113.346572,23.1196363],[113.3465333,23.1190698],[113.3465218,23.1185056],[113.346454,23.1175141],[113.3464202,23.1169517],[113.3463492,23.1164733],[113.3463144,23.1160481],[113.3462659,23.115341]]}},{"type":"Feature","id":266788275,"properties":{"id":"266788275","highway":"motorway_link","name":null,"oneway":true,"lanes":"1","maxheight":null,"maxweight":null,"maxwidth":null},"geometry":{"type":"LineString","coordinates":[[113.3464724,23.1281749],[113.346403,23.128154],[113.3463167,23.1281217],[113.3462607,23.1281047],[113.3461927,23.1280876],[113.3461032,23.1280733],[113.346029,23.1280655],[113.3459063,23.1280645],[113.3458046,23.12807],[113.3455289,23.1280961]]}},{"type":"Feature","id":266788278,"properties":{"id":"266788278","highway":"motorway_link","name":null,"oneway":true,"lanes":null,"maxheight":null,"maxweight":null,"maxwidth":null},"geometry":{"type":"LineString","coordinates":[[113.347189,23.1273939],[113.3472006,23.127444],[113.3472072,23.1274879],[113.3472072,23.1275609],[113.3471993,23.1276317],[113.3471798,23.1277033],[113.3471573,23.1277686],[113.3471222,23.1278431],[113.3470736,23.1279248],[113.3470204,23.128003],[113.3469619,23.1280784],[113.3469317,23.1281222]]}},{"type":"Feature","id":266793864,"properties":{"id":"266793864","highway":"motorway_link","name":null,"oneway":true,"lanes":"2","maxheight":null,"maxweight":null,"maxwidth":null},"geometry":{"type":"LineString","coordinates":[[113.3462082,23.1261085],[113.3462689,23.1257051],[113.3462834,23.125527],[113.3463395,23.1247952],[113.3463943,23.124643]]}},{"type":"Feature","id":266800767,"properties":{"id":"266800767","highway":"motorway_link","name":null,"oneway":true,"lanes":null,"maxheight":null,"maxweight":null,"maxwidth":null},"geometry":{"type":"LineString","coordinates":[[113.346663,23.118667],[113.3467976,23.1194388],[113.3468635,23.1198863],[113.3469002,23.1201542],[113.3470058,23.1205275],[113.3470402,23.120793],[113.3470458,23.1213697],[113.3470519,23.121555],[113.3471383,23.1222213],[113.3471395,23.1223612],[113.3471112,23.1227844],[113.3470699,23.1230046],[113.3470239,23.1232281]]}},{"type":"Feature","id":266800771,"properties":{"id":"266800771","highway":"motorway_link","name":null,"oneway":true,"lanes":null,"maxheight":null,"maxweight":null,"maxwidth":null},"geometry":{"type":"LineString","coordinates":[[113.3470081,23.1223237],[113.3470049,23.1224444],[113.3469953,23.1228063],[113.3469587,23.1231231],[113.3469104,23.1233998],[113.3468738,23.1238598],[113.3468101,23.1244261],[113.3466994,23.1249444]]}},{"type":"Feature","id":283560319,"properties":{"id":"283560319","highway":"motorway","name":"华南快速","oneway":true,"lanes":"4","maxheight":null,"maxweight":null,"maxwidth":null},"geometry":{"type":"LineString","coordinates":[[113.3459337,23.1338998],[113.3458669,23.1345967],[113.3458587,23.1347831],[113.3458581,23.1349108],[113.3458606,23.1350396],[113.3458696,23.1351527],[113.3458804,23.1352812],[113.3459112,23.1354473],[113.3459534,23.1356061],[113.3459889,23.1357229],[113.3460214,23.1358145],[113.3460701,23.13592],[113.3461207,23.1360314],[113.3461805,23.1361369],[113.3462808,23.136292],[113.3463848,23.1364323],[113.3464993,23.1365647],[113.3465934,23.1366548],[113.3466939,23.1367446],[113.3468003,23.1368313],[113.3469387,23.1369376],[113.3470631,23.1370218],[113.347176,23.137087],[113.3472931,23.1371614],[113.3492491,23.1383153],[113.3494347,23.1384262],[113.3496186,23.1385444],[113.3498012,23.1386607],[113.3499807,23.138784],[113.3501451,23.1388973],[113.3502634,23.1389809],[113.3503833,23.1390724],[113.350488,23.1391557],[113.3506781,23.1393138],[113.3508551,23.1394739],[113.3511716,23.1397832]]}},{"type":"Feature","id":283560320,"properties":{"id":"283560320","highway":"motorway","name":"华南快速","oneway":true,"lanes":"4","maxheight":null,"maxweight":null,"maxwidth":null},"geometry":{"type":"LineString","coordinates":[[113.3500891,23.1390447],[113.3499142,23.1389224],[113.3497614,23.1388188],[113.3495706,23.1386922],[113.3494125,23.1385936],[113.349236,23.1384874],[113.3473104,23.1373482],[113.3471519,23.1372541],[113.3470305,23.1371758],[113.3469553,23.1371242],[113.3468854,23.1370747],[113.3468138,23.1370221],[113.3467442,23.1369703],[113.3466663,23.1369042],[113.3465984,23.1368479],[113.3465299,23.1367839],[113.346467,23.1367199],[113.3463948,23.1366401],[113.3463417,23.1365788],[113.3462928,23.1365145],[113.3462453,23.1364509],[113.3461937,23.1363769],[113.346149,23.1363098],[113.3460998,23.1362329],[113.3460517,23.1361545],[113.3460057,23.1360754],[113.345966,23.1359943],[113.3459233,23.1359099],[113.345886,23.135821],[113.3458557,23.1357331],[113.3458297,23.135642],[113.3458052,23.1355456],[113.3457836,23.1354423],[113.3457643,23.1353306],[113.3457517,23.1352253],[113.3457439,23.1351308],[113.3457408,23.1350325],[113.3457432,23.1349439],[113.3457448,23.1347171],[113.3457514,23.1344299],[113.345823,23.1338603],[113.3459101,23.133154],[113.3459941,23.1324804]]}},{"type":"Feature","id":283560321,"properties":{"id":"283560321","highway":"motorway_link","name":null,"oneway":true,"lanes":"2","maxheight":"2.8","maxweight":null,"maxwidth":null},"geometry":{"type":"LineString","coordinates":[[113.346153,23.1296353],[113.3461703,23.129412],[113.3461747,23.1293031],[113.3461829,23.1290894],[113.3461843,23.1289497],[113.3461842,23.1287631],[113.346172,23.1286172]]}},{"type":"Feature","id":283560322,"properties":{"id":"283560322","highway":"motorway_link","name":null,"oneway":true,"lanes":"2","maxheight":null,"maxweight":null,"maxwidth":null},"geometry":{"type":"LineString","coordinates":[[113.346134,23.1306831],[113.3461436,23.129876],[113.346153,23.1296353]]}},{"type":"Feature","id":283562852,"properties":{"id":"283562852","highway":"motorway_link","name":null,"oneway":true,"lanes":"1","maxheight":null,"maxweight":null,"maxwidth":null},"geometry":{"type":"LineString","coordinates":[[113.3512375,23.1395574],[113.3514049,23.1397681],[113.3517509,23.140268],[113.3518188,23.1403643],[113.3518797,23.140459],[113.3519364,23.1405526],[113.3520192,23.1407],[113.3522483,23.1411486]]}},{"type":"Feature","id":283585445,"properties":{"id":"283585445","highway":"motorway","name":"华南快速","oneway":true,"lanes":"4","maxheight":null,"maxweight":null,"maxwidth":null},"geometry":{"type":"LineString","coordinates":[[113.3532378,23.1436338],[113.3533656,23.1442043],[113.3534112,23.1444486],[113.3534596,23.1446907],[113.3535243,23.1449967]]}},{"type":"Feature","id":283585446,"properties":{"id":"283585446","highway":"motorway","name":"华南快速","oneway":true,"lanes":"4","maxheight":null,"maxweight":null,"maxwidth":null},"geometry":{"type":"LineString","coordinates":[[113.3530798,23.1436713],[113.353039,23.1434793],[113.3530047,23.1433239],[113.3529587,23.1431316],[113.3529239,23.1430049],[113.3528836,23.1428742],[113.3528385,23.142729],[113.3527898,23.1425865],[113.3527283,23.1424209],[113.3526714,23.1422809],[113.3526135,23.1421469],[113.3525483,23.1420062],[113.3524944,23.1418949],[113.3524332,23.1417744],[113.3523612,23.1416442],[113.3522931,23.1415256],[113.3521943,23.1413648],[113.3519733,23.1410334]]}},{"type":"Feature","id":283586398,"properties":{"id":"283586398","highway":"motorway_link","name":null,"oneway":true,"lanes":"1","maxheight":null,"maxweight":null,"maxwidth":null},"geometry":{"type":"LineString","coordinates":[[113.3519733,23.1410334],[113.3512446,23.1402754],[113.3511159,23.1401714],[113.3508454,23.1399175]]}},{"type":"Feature","id":283586399,"properties":{"id":"283586399","highway":"motorway_link","name":null,"oneway":true,"lanes":"1","maxheight":null,"maxweight":null,"maxwidth":null},"geometry":{"type":"LineString","coordinates":[[113.3508454,23.1399175],[113.3507865,23.1398609]]}},{"type":"Feature","id":284172221,"properties":{"id":"284172221","highway":"trunk","name":"中山大道西","oneway":true,"lanes":null,"maxheight":null,"maxweight":null,"maxwidth":null},"geometry":{"type":"LineString","coordinates":[[113.3458082,23.1380616],[113.3453417,23.1381531],[113.3448049,23.1382561],[113.3445015,23.1383172],[113.3443903,23.1383406]]}},{"type":"Feature","id":284172222,"properties":{"id":"284172222","highway":"trunk","name":"中山大道西","oneway":true,"lanes":"2","maxheight":null,"maxweight":null,"maxwidth":null},"geometry":{"type":"LineString","coordinates":[[113.3457934,23.1379981],[113.3463498,23.1378954],[113.3465636,23.1378581],[113.3467827,23.1378215],[113.3471027,23.1377694],[113.3475738,23.1377028],[113.348355,23.1375845],[113.3490568,23.1374787],[113.3493146,23.1374389],[113.3501524,23.1373055]]}},{"type":"Feature","id":284172223,"properties":{"id":"284172223","highway":"motorway_link","name":null,"oneway":true,"lanes":"2","maxheight":null,"maxweight":null,"maxwidth":null},"geometry":{"type":"LineString","coordinates":[[113.3510423,23.13743],[113.3507209,23.1374812],[113.3503622,23.1375327],[113.3502764,23.1375492],[113.3501823,23.1375693],[113.3500941,23.1375989],[113.3500239,23.137634],[113.3499599,23.137676],[113.3498974,23.1377295],[113.34985,23.1377821],[113.3498097,23.1378365],[113.3497711,23.1379023],[113.3497447,23.1379693],[113.3497263,23.1380459],[113.3497153,23.1381098],[113.3497125,23.1381758],[113.3497211,23.1382505],[113.3497344,23.1383146],[113.3497613,23.1383863],[113.3497957,23.1384524],[113.3498356,23.138512],[113.3498819,23.1385635],[113.3499347,23.13861],[113.3499891,23.1386504],[113.3501668,23.1387668],[113.3502731,23.1388408],[113.3503786,23.1389188],[113.3504851,23.1390013],[113.3511355,23.1394603]]}},{"type":"Feature","id":284172224,"properties":{"id":"284172224","highway":"trunk","name":"中山大道西","oneway":true,"lanes":null,"maxheight":null,"maxweight":null,"maxwidth":null},"geometry":{"type":"LineString","coordinates":[[113.3501524,23.1373055],[113.3507036,23.1372175],[113.3512032,23.1371363]]}},{"type":"Feature","id":284172225,"properties":{"id":"284172225","highway":"trunk","name":"中山大道西","oneway":true,"lanes":"2","maxheight":null,"maxweight":null,"maxwidth":null},"geometry":{"type":"LineString","coordinates":[[113.3501637,23.1373766],[113.3485578,23.1376225],[113.3476768,23.1377539],[113.3468337,23.1378814],[113.3464921,23.1379395],[113.3458082,23.1380616]]}},{"type":"Feature","id":284172226,"properties":{"id":"284172226","highway":"motorway_link","name":null,"oneway":true,"lanes":null,"maxheight":null,"maxweight":null,"maxwidth":null},"geometry":{"type":"LineString","coordinates":[[113.3467174,23.1375838],[113.3466601,23.1375219],[113.3466057,23.1374556],[113.3465567,23.1373746],[113.3465272,23.1373176],[113.346431,23.1370907],[113.3462609,23.1367421],[113.3461977,23.1366651],[113.3459074,23.1363964]]}},{"type":"Feature","id":284172227,"properties":{"id":"284172227","highway":"motorway_link","name":null,"oneway":true,"lanes":null,"maxheight":null,"maxweight":null,"maxwidth":null},"geometry":{"type":"LineString","coordinates":[[113.3476308,23.1378413],[113.347555,23.1378517],[113.3474856,23.137859],[113.3474003,23.1378583],[113.3473173,23.1378537],[113.3472286,23.1378395],[113.3471313,23.137815],[113.3470621,23.1377952],[113.3470015,23.1377681],[113.3469165,23.1377278],[113.3468402,23.1376835],[113.3467717,23.1376334],[113.3467174,23.1375838]]}},{"type":"Feature","id":284172228,"properties":{"id":"284172228","highway":"motorway_link","name":null,"oneway":true,"lanes":"2","maxheight":null,"maxweight":null,"maxwidth":null},"geometry":{"type":"LineString","coordinates":[[113.3455397,23.137842],[113.3456464,23.1378184],[113.3457351,23.1377958],[113.3458094,23.1377711],[113.3458768,23.1377407],[113.3459389,23.1377021],[113.3459924,23.1376603],[113.346046,23.1376101],[113.3460868,23.1375594],[113.3461211,23.1375072],[113.3461508,23.1374505],[113.3461695,23.1373864],[113.3461801,23.1373268],[113.3461823,23.1372575],[113.34618,23.1371941],[113.3461694,23.1371174],[113.3461512,23.1370339],[113.3461234,23.1369148],[113.3460884,23.1367941],[113.3460422,23.1366721],[113.3459074,23.1363964]]}},{"type":"Feature","id":284172229,"properties":{"id":"284172229","highway":"motorway_link","name":null,"oneway":true,"lanes":"2","maxheight":null,"maxweight":null,"maxwidth":null},"geometry":{"type":"LineString","coordinates":[[113.3520791,23.1371457],[113.3504814,23.1374292]]}},{"type":"Feature","id":284264336,"properties":{"id":"284264336","highway":"service","name":null,"oneway":false,"lanes":null,"maxheight":null,"maxweight":null,"maxwidth":null},"geometry":{"type":"LineString","coordinates":[[113.3538636,23.1450407],[113.3538059,23.145025],[113.3537725,23.1449772],[113.3537605,23.1449241],[113.353645,23.1439038],[113.3535024,23.1435048],[113.3533833,23.1431886],[113.3533018,23.1429658],[113.3532587,23.1428601],[113.3526618,23.1417136],[113.352276,23.1409726],[113.3516166,23.1397967],[113.3514157,23.1394393],[113.35133,23.1392894],[113.3512552,23.1391652],[113.3511637,23.1390419],[113.351046,23.1389193],[113.3508986,23.1387934],[113.3507162,23.1386669],[113.3505008,23.1385417],[113.3502704,23.1384206],[113.3500133,23.1383076],[113.3497754,23.1382197],[113.3495917,23.1382096]]}},{"type":"Feature","id":296506328,"properties":{"id":"296506328","highway":"trunk","name":"中山大道西","oneway":true,"lanes":null,"maxheight":null,"maxweight":null,"maxwidth":null},"geometry":{"type":"LineString","coordinates":[[113.3375263,23.1383745],[113.3382478,23.1385373],[113.3386302,23.1386246]]}},{"type":"Feature","id":298344724,"properties":{"id":"298344724","highway":"secondary","name":null,"oneway":true,"lanes":null,"maxheight":null,"maxweight":null,"maxwidth":null},"geometry":{"type":"LineString","coordinates":[[113.3158532,23.1307282],[113.3158173,23.130675],[113.3157784,23.1306336],[113.3157639,23.1306193],[113.3157259,23.1305818],[113.3156628,23.1305427],[113.3156041,23.1305175],[113.3155165,23.1304964],[113.3154311,23.1304823],[113.3152086,23.130448]]}},{"type":"Feature","id":298344725,"properties":{"id":"298344725","highway":"secondary","name":null,"oneway":true,"lanes":null,"maxheight":null,"maxweight":null,"maxwidth":null},"geometry":{"type":"LineString","coordinates":[[113.3164875,23.1303511],[113.3162829,23.1304222],[113.316216,23.1304604],[113.3161637,23.1305057],[113.3161316,23.1305465],[113.3161003,23.1305966],[113.3160957,23.130604],[113.3160645,23.130659],[113.3160303,23.1307507]]}},{"type":"Feature","id":299795207,"properties":{"id":"299795207","highway":"secondary_link","name":null,"oneway":true,"lanes":null,"maxheight":null,"maxweight":null,"maxwidth":null},"geometry":{"type":"LineString","coordinates":[[113.3175501,23.1217037],[113.3176633,23.1216875],[113.3177534,23.1216664],[113.3178747,23.1216163],[113.3179389,23.1215653],[113.3180779,23.1213709]]}},{"type":"Feature","id":302857630,"properties":{"id":"302857630","highway":"service","name":null,"oneway":false,"lanes":null,"maxheight":null,"maxweight":null,"maxwidth":null},"geometry":{"type":"LineString","coordinates":[[113.3335507,23.142904],[113.3334708,23.1423913]]}},{"type":"Feature","id":302857632,"properties":{"id":"302857632","highway":"service","name":null,"oneway":false,"lanes":null,"maxheight":null,"maxweight":null,"maxwidth":null},"geometry":{"type":"LineString","coordinates":[[113.3336277,23.1433587],[113.332592,23.1433175]]}},{"type":"Feature","id":302857634,"properties":{"id":"302857634","highway":"residential","name":null,"oneway":false,"lanes":"2","maxheight":null,"maxweight":null,"maxwidth":null},"geometry":{"type":"LineString","coordinates":[[113.3359664,23.1423047],[113.3360168,23.1430203],[113.3371169,23.1431507]]}},{"type":"Feature","id":302857636,"properties":{"id":"302857636","highway":"tertiary","name":null,"oneway":false,"lanes":"2","maxheight":null,"maxweight":null,"maxwidth":null},"geometry":{"type":"LineString","coordinates":[[113.3371424,23.1438238],[113.3371063,23.1437331],[113.3371169,23.1431507],[113.3374433,23.1429603],[113.3382787,23.1424729],[113.3383149,23.1424314],[113.3383219,23.142382],[113.3382916,23.1423133],[113.3382169,23.1422317],[113.338128,23.1421075]]}},{"type":"Feature","id":302857638,"properties":{"id":"302857638","highway":"residential","name":null,"oneway":false,"lanes":null,"maxheight":null,"maxweight":null,"maxwidth":null},"geometry":{"type":"LineString","coordinates":[[113.3360168,23.1430203],[113.3346255,23.1429857]]}},{"type":"Feature","id":302857642,"properties":{"id":"302857642","highway":"residential","name":null,"oneway":false,"lanes":null,"maxheight":null,"maxweight":null,"maxwidth":null},"geometry":{"type":"LineString","coordinates":[[113.3360168,23.1430203],[113.3360679,23.1437086]]}},{"type":"Feature","id":302857646,"properties":{"id":"302857646","highway":"residential","name":null,"oneway":false,"lanes":null,"maxheight":null,"maxweight":null,"maxwidth":null},"geometry":{"type":"LineString","coordinates":[[113.3371726,23.1440686],[113.3371732,23.1441497],[113.3371738,23.1442192],[113.3371774,23.1446735],[113.337178,23.1447465]]}},{"type":"Feature","id":302857648,"properties":{"id":"302857648","highway":"service","name":null,"oneway":false,"lanes":null,"maxheight":null,"maxweight":null,"maxwidth":null},"geometry":{"type":"LineString","coordinates":[[113.3302741,23.142564],[113.3301685,23.1425639],[113.3300227,23.1425655],[113.3292536,23.1426128]]}},{"type":"Feature","id":302857649,"properties":{"id":"302857649","highway":"residential","name":null,"oneway":false,"lanes":null,"maxheight":null,"maxweight":null,"maxwidth":null},"geometry":{"type":"LineString","coordinates":[[113.3313977,23.1439581],[113.3316,23.1432428],[113.3318309,23.1424835]]}},{"type":"Feature","id":302857650,"properties":{"id":"302857650","highway":"service","name":null,"oneway":false,"lanes":null,"maxheight":null,"maxweight":null,"maxwidth":null},"geometry":{"type":"LineString","coordinates":[[113.3319037,23.1418915],[113.3319544,23.1417897],[113.3319919,23.1417149],[113.3320395,23.14162],[113.3324883,23.1415592]]}},{"type":"Feature","id":302857651,"properties":{"id":"302857651","highway":"service","name":null,"oneway":false,"lanes":null,"maxheight":null,"maxweight":null,"maxwidth":null},"geometry":{"type":"LineString","coordinates":[[113.3319544,23.1417897],[113.3320113,23.1417829],[113.3328504,23.1416826]]}},{"type":"Feature","id":302857652,"properties":{"id":"302857652","highway":"residential","name":null,"oneway":false,"lanes":null,"maxheight":null,"maxweight":null,"maxwidth":null},"geometry":{"type":"LineString","coordinates":[[113.3318309,23.1424835],[113.3319347,23.1420316],[113.3319037,23.1418915]]}},{"type":"Feature","id":302857653,"properties":{"id":"302857653","highway":"residential","name":"龙口中一街","oneway":false,"lanes":null,"maxheight":null,"maxweight":null,"maxwidth":null},"geometry":{"type":"LineString","coordinates":[[113.3319037,23.1418915],[113.3315203,23.1417334],[113.3313593,23.141667],[113.3304779,23.1413055]]}},{"type":"Feature","id":302857654,"properties":{"id":"302857654","highway":"tertiary","name":"龙口西路","oneway":true,"lanes":null,"maxheight":null,"maxweight":null,"maxwidth":null},"geometry":{"type":"LineString","coordinates":[[113.3304779,23.1413055],[113.3304527,23.1414992],[113.3304031,23.1416669],[113.3303644,23.1418008],[113.3303318,23.1419243],[113.3303144,23.1420056],[113.3302845,23.1422124],[113.3302782,23.1423757],[113.3302741,23.142564]]}},{"type":"Feature","id":302857655,"properties":{"id":"302857655","highway":"residential","name":null,"oneway":true,"lanes":null,"maxheight":null,"maxweight":null,"maxwidth":null},"geometry":{"type":"LineString","coordinates":[[113.3297899,23.1411327],[113.3299684,23.1404386]]}},{"type":"Feature","id":302857656,"properties":{"id":"302857656","highway":"service","name":null,"oneway":false,"lanes":null,"maxheight":null,"maxweight":null,"maxwidth":null},"geometry":{"type":"LineString","coordinates":[[113.3310087,23.1395402],[113.3303445,23.139188],[113.3302489,23.1391609],[113.3296919,23.139003]]}},{"type":"Feature","id":302857657,"properties":{"id":"302857657","highway":"service","name":null,"oneway":false,"lanes":null,"maxheight":null,"maxweight":null,"maxwidth":null},"geometry":{"type":"LineString","coordinates":[[113.3303445,23.139188],[113.3304151,23.138918],[113.3301546,23.137811],[113.3301196,23.1377223],[113.3300725,23.1376641]]}},{"type":"Feature","id":302857658,"properties":{"id":"302857658","highway":"service","name":null,"oneway":false,"lanes":null,"maxheight":null,"maxweight":null,"maxwidth":null},"geometry":{"type":"LineString","coordinates":[[113.3304151,23.138918],[113.3297296,23.1386745],[113.3297072,23.1386665]]}},{"type":"Feature","id":302857659,"properties":{"id":"302857659","highway":"service","name":null,"oneway":false,"lanes":null,"maxheight":null,"maxweight":null,"maxwidth":null},"geometry":{"type":"LineString","coordinates":[[113.3297899,23.1411327],[113.3297645,23.1411295],[113.3294006,23.1410576]]}},{"type":"Feature","id":302857662,"properties":{"id":"302857662","highway":"residential","name":null,"oneway":false,"lanes":null,"maxheight":null,"maxweight":null,"maxwidth":null},"geometry":{"type":"LineString","coordinates":[[113.330977,23.1396447],[113.3313616,23.1396435],[113.3317103,23.13964],[113.3322609,23.1396659]]}},{"type":"Feature","id":302857664,"properties":{"id":"302857664","highway":"service","name":null,"oneway":false,"lanes":null,"maxheight":null,"maxweight":null,"maxwidth":null},"geometry":{"type":"LineString","coordinates":[[113.3338061,23.1416939],[113.3344367,23.1416377]]}},{"type":"Feature","id":302857665,"properties":{"id":"302857665","highway":"service","name":null,"oneway":false,"lanes":null,"maxheight":null,"maxweight":null,"maxwidth":null},"geometry":{"type":"LineString","coordinates":[[113.3333887,23.1423896],[113.33328,23.1416325]]}},{"type":"Feature","id":302990914,"properties":{"id":"302990914","highway":"residential","name":"龙口横街","oneway":false,"lanes":null,"maxheight":null,"maxweight":null,"maxwidth":null},"geometry":{"type":"LineString","coordinates":[[113.335883,23.1387139],[113.3350682,23.1389188],[113.3350106,23.1389341],[113.3348175,23.1389853],[113.3345842,23.1390471],[113.3341524,23.139138],[113.3340408,23.1390992],[113.3337645,23.138998]]}},{"type":"Feature","id":302990917,"properties":{"id":"302990917","highway":"service","name":null,"oneway":true,"lanes":null,"maxheight":null,"maxweight":null,"maxwidth":null},"geometry":{"type":"LineString","coordinates":[[113.3342429,23.1376424],[113.3339494,23.1384417],[113.3342415,23.1385733],[113.3347802,23.1387032],[113.3348385,23.1387048],[113.3348929,23.1386598],[113.3350061,23.1383929],[113.3350925,23.1381893],[113.3350751,23.1381561],[113.335042,23.1381321]]}},{"type":"Feature","id":302990918,"properties":{"id":"302990918","highway":"service","name":null,"oneway":false,"lanes":null,"maxheight":null,"maxweight":null,"maxwidth":null},"geometry":{"type":"LineString","coordinates":[[113.3337981,23.1374577],[113.333751,23.1375448],[113.3333778,23.1382354]]}},{"type":"Feature","id":303040912,"properties":{"id":"303040912","highway":"service","name":null,"oneway":false,"lanes":null,"maxheight":null,"maxweight":null,"maxwidth":null},"geometry":{"type":"LineString","coordinates":[[113.3308098,23.1401624],[113.331241,23.140346]]}},{"type":"Feature","id":303040913,"properties":{"id":"303040913","highway":"service","name":null,"oneway":false,"lanes":null,"maxheight":null,"maxweight":null,"maxwidth":null},"geometry":{"type":"LineString","coordinates":[[113.330907,23.1398326],[113.3305095,23.1396006],[113.3302982,23.1393474],[113.3303445,23.139188]]}},{"type":"Feature","id":303475992,"properties":{"id":"303475992","highway":"service","name":null,"oneway":false,"lanes":null,"maxheight":null,"maxweight":null,"maxwidth":null},"geometry":{"type":"LineString","coordinates":[[113.3313616,23.1396435],[113.331257,23.1400937],[113.3313922,23.1404345]]}},{"type":"Feature","id":303475993,"properties":{"id":"303475993","highway":"service","name":null,"oneway":false,"lanes":null,"maxheight":null,"maxweight":null,"maxwidth":null},"geometry":{"type":"LineString","coordinates":[[113.33281,23.1377604],[113.3323583,23.1375915],[113.3323218,23.1375779],[113.3316691,23.137351]]}},{"type":"Feature","id":303475994,"properties":{"id":"303475994","highway":"service","name":null,"oneway":false,"lanes":null,"maxheight":null,"maxweight":null,"maxwidth":null},"geometry":{"type":"LineString","coordinates":[[113.3323583,23.1375915],[113.3320724,23.1383376]]}},{"type":"Feature","id":303475995,"properties":{"id":"303475995","highway":"service","name":null,"oneway":false,"lanes":null,"maxheight":null,"maxweight":null,"maxwidth":null},"geometry":{"type":"LineString","coordinates":[[113.3320724,23.1383376],[113.3326437,23.1385078]]}},{"type":"Feature","id":303475996,"properties":{"id":"303475996","highway":"service","name":null,"oneway":false,"lanes":null,"maxheight":null,"maxweight":null,"maxwidth":null},"geometry":{"type":"LineString","coordinates":[[113.3311701,23.1389513],[113.3318498,23.1390676]]}},{"type":"Feature","id":303475997,"properties":{"id":"303475997","highway":"residential","name":null,"oneway":false,"lanes":null,"maxheight":null,"maxweight":null,"maxwidth":null},"geometry":{"type":"LineString","coordinates":[[113.3312922,23.1385084],[113.3325379,23.1388536]]}},{"type":"Feature","id":303475998,"properties":{"id":"303475998","highway":"service","name":null,"oneway":false,"lanes":null,"maxheight":null,"maxweight":null,"maxwidth":null},"geometry":{"type":"LineString","coordinates":[[113.3299158,23.1440833],[113.3299043,23.1439938],[113.3298971,23.1439375],[113.3298644,23.1436559],[113.329817,23.1431671],[113.3302559,23.143137],[113.33037,23.1431292]]}},{"type":"Feature","id":303476632,"properties":{"id":"303476632","highway":"service","name":null,"oneway":false,"lanes":null,"maxheight":null,"maxweight":null,"maxwidth":null},"geometry":{"type":"LineString","coordinates":[[113.3406608,23.1454967],[113.3409726,23.1455141],[113.3409756,23.1456244],[113.341391,23.1456455]]}},{"type":"Feature","id":303476633,"properties":{"id":"303476633","highway":"service","name":null,"oneway":false,"lanes":null,"maxheight":null,"maxweight":null,"maxwidth":null},"geometry":{"type":"LineString","coordinates":[[113.3397227,23.14267],[113.3406418,23.1426695]]}},{"type":"Feature","id":303710668,"properties":{"id":"303710668","highway":"residential","name":null,"oneway":false,"lanes":null,"maxheight":null,"maxweight":null,"maxwidth":null},"geometry":{"type":"LineString","coordinates":[[113.3350682,23.1389188],[113.335192,23.1392927]]}},{"type":"Feature","id":303710670,"properties":{"id":"303710670","highway":"service","name":null,"oneway":false,"lanes":null,"maxheight":null,"maxweight":null,"maxwidth":null},"geometry":{"type":"LineString","coordinates":[[113.335889,23.1388624],[113.3361227,23.1389227],[113.336289,23.139162],[113.3362998,23.1392606]]}},{"type":"Feature","id":303719966,"properties":{"id":"303719966","highway":"service","name":null,"oneway":false,"lanes":null,"maxheight":null,"maxweight":null,"maxwidth":null},"geometry":{"type":"LineString","coordinates":[[113.3318498,23.1390676],[113.3324468,23.1391916]]}},{"type":"Feature","id":303719969,"properties":{"id":"303719969","highway":"residential","name":null,"oneway":false,"lanes":null,"maxheight":null,"maxweight":null,"maxwidth":null},"geometry":{"type":"LineString","coordinates":[[113.3324468,23.1391916],[113.3325379,23.1388536]]}},{"type":"Feature","id":303719970,"properties":{"id":"303719970","highway":"residential","name":null,"oneway":false,"lanes":null,"maxheight":null,"maxweight":null,"maxwidth":null},"geometry":{"type":"LineString","coordinates":[[113.3324468,23.1391916],[113.3323539,23.1395681]]}},{"type":"Feature","id":303719972,"properties":{"id":"303719972","highway":"service","name":null,"oneway":false,"lanes":null,"maxheight":null,"maxweight":null,"maxwidth":null},"geometry":{"type":"LineString","coordinates":[[113.3296919,23.139003],[113.3295869,23.1395224],[113.3301645,23.1396358],[113.3302489,23.1391609]]}},{"type":"Feature","id":303719973,"properties":{"id":"303719973","highway":"service","name":null,"oneway":false,"lanes":null,"maxheight":null,"maxweight":null,"maxwidth":null},"geometry":{"type":"LineString","coordinates":[[113.3308317,23.1400791],[113.3304075,23.1400127]]}},{"type":"Feature","id":303720181,"properties":{"id":"303720181","highway":"service","name":null,"oneway":false,"lanes":null,"maxheight":null,"maxweight":null,"maxwidth":null},"geometry":{"type":"LineString","coordinates":[[113.3316,23.1432428],[113.3322241,23.1432217]]}},{"type":"Feature","id":303720183,"properties":{"id":"303720183","highway":"service","name":null,"oneway":true,"lanes":null,"maxheight":null,"maxweight":null,"maxwidth":null},"geometry":{"type":"LineString","coordinates":[[113.3332429,23.1368691],[113.3334811,23.136258],[113.334563,23.1366758],[113.3344371,23.1372801],[113.3344198,23.137367]]}},{"type":"Feature","id":304755510,"properties":{"id":"304755510","highway":"residential","name":null,"oneway":true,"lanes":null,"maxheight":null,"maxweight":null,"maxwidth":null},"geometry":{"type":"LineString","coordinates":[[113.3355063,23.1359971],[113.3361383,23.136032],[113.3366959,23.1360641],[113.3366867,23.1361798],[113.336586,23.1374379],[113.3371929,23.1375017],[113.3372431,23.137507],[113.3373639,23.1375133]]}},{"type":"Feature","id":304755511,"properties":{"id":"304755511","highway":"service","name":null,"oneway":false,"lanes":null,"maxheight":null,"maxweight":null,"maxwidth":null},"geometry":{"type":"LineString","coordinates":[[113.3354008,23.1375301],[113.3353212,23.1377742]]}},{"type":"Feature","id":304755512,"properties":{"id":"304755512","highway":"service","name":null,"oneway":false,"lanes":null,"maxheight":null,"maxweight":null,"maxwidth":null},"geometry":{"type":"LineString","coordinates":[[113.3354008,23.1375301],[113.3354099,23.1372134],[113.3355063,23.1359971],[113.3355587,23.1353365]]}},{"type":"Feature","id":304755513,"properties":{"id":"304755513","highway":"service","name":null,"oneway":false,"lanes":null,"maxheight":null,"maxweight":null,"maxwidth":null},"geometry":{"type":"LineString","coordinates":[[113.3361383,23.136032],[113.3361293,23.1361488],[113.3361158,23.1362865],[113.3360925,23.1365253]]}},{"type":"Feature","id":304755514,"properties":{"id":"304755514","highway":"service","name":null,"oneway":false,"lanes":null,"maxheight":null,"maxweight":null,"maxwidth":null},"geometry":{"type":"LineString","coordinates":[[113.3356445,23.1361184],[113.3361293,23.1361488],[113.3363372,23.1361603],[113.336482,23.1361684],[113.3366867,23.1361798]]}},{"type":"Feature","id":304755515,"properties":{"id":"304755515","highway":"service","name":null,"oneway":false,"lanes":null,"maxheight":null,"maxweight":null,"maxwidth":null},"geometry":{"type":"LineString","coordinates":[[113.3356794,23.1362664],[113.3361158,23.1362865]]}},{"type":"Feature","id":304755518,"properties":{"id":"304755518","highway":"service","name":null,"oneway":false,"lanes":null,"maxheight":null,"maxweight":null,"maxwidth":null},"geometry":{"type":"LineString","coordinates":[[113.3354099,23.1372134],[113.3351269,23.1371938]]}},{"type":"Feature","id":304755519,"properties":{"id":"304755519","highway":"service","name":null,"oneway":false,"lanes":null,"maxheight":null,"maxweight":null,"maxwidth":null},"geometry":{"type":"LineString","coordinates":[[113.3345414,23.137425],[113.3345531,23.137333],[113.3346935,23.1363879],[113.334766,23.1359316],[113.3348054,23.1358635],[113.3348311,23.135769],[113.3348391,23.1357175],[113.3348559,23.1356446],[113.334887,23.1355217],[113.334915,23.13543],[113.3349269,23.1353865]]}},{"type":"Feature","id":304755520,"properties":{"id":"304755520","highway":"service","name":null,"oneway":false,"lanes":null,"maxheight":null,"maxweight":null,"maxwidth":null},"geometry":{"type":"LineString","coordinates":[[113.329358,23.1439696],[113.3294143,23.1436613],[113.3298644,23.1436559]]}},{"type":"Feature","id":305934755,"properties":{"id":"305934755","highway":"service","name":null,"oneway":true,"lanes":null,"maxheight":null,"maxweight":null,"maxwidth":null},"geometry":{"type":"LineString","coordinates":[[113.3371929,23.1375017],[113.3371538,23.1378341],[113.3371436,23.1378794],[113.337103,23.1379247],[113.3370186,23.1379696],[113.336926,23.1379598],[113.3365516,23.1379016],[113.3363784,23.1377917],[113.3364028,23.1376744],[113.3360656,23.1376649],[113.3360303,23.1379564]]}},{"type":"Feature","id":305934756,"properties":{"id":"305934756","highway":"service","name":null,"oneway":false,"lanes":null,"maxheight":null,"maxweight":null,"maxwidth":null},"geometry":{"type":"LineString","coordinates":[[113.3360656,23.1376649],[113.3356676,23.1376286],[113.3354799,23.1375719],[113.3354008,23.1375301]]}},{"type":"Feature","id":305935037,"properties":{"id":"305935037","highway":"tertiary","name":"华粤路","oneway":true,"lanes":"2","maxheight":null,"maxweight":null,"maxwidth":null},"geometry":{"type":"LineString","coordinates":[[113.3336929,23.1439999],[113.3337064,23.1440873],[113.3337474,23.1443536],[113.333796,23.1447205],[113.3338147,23.1448622],[113.3338588,23.1451953],[113.3338878,23.1454352],[113.3339518,23.1459644]]}},{"type":"Feature","id":305935038,"properties":{"id":"305935038","highway":"residential","name":"天景街","oneway":false,"lanes":null,"maxheight":null,"maxweight":null,"maxwidth":null},"geometry":{"type":"LineString","coordinates":[[113.333013,23.144051],[113.3330232,23.1441076],[113.3330958,23.1446026],[113.3332698,23.1457889]]}},{"type":"Feature","id":305935039,"properties":{"id":"305935039","highway":"service","name":null,"oneway":false,"lanes":null,"maxheight":null,"maxweight":null,"maxwidth":null},"geometry":{"type":"LineString","coordinates":[[113.3336277,23.1433587],[113.3335734,23.1430134]]}},{"type":"Feature","id":305935040,"properties":{"id":"305935040","highway":"service","name":null,"oneway":false,"lanes":null,"maxheight":null,"maxweight":null,"maxwidth":null},"geometry":{"type":"LineString","coordinates":[[113.3336277,23.1433587],[113.3336989,23.1438887]]}},{"type":"Feature","id":306349105,"properties":{"id":"306349105","highway":"residential","name":null,"oneway":false,"lanes":null,"maxheight":null,"maxweight":null,"maxwidth":null},"geometry":{"type":"LineString","coordinates":[[113.3148999,23.1435928],[113.3148887,23.1421938],[113.3148478,23.1413731]]}},{"type":"Feature","id":306349107,"properties":{"id":"306349107","highway":"residential","name":"天河北街","oneway":false,"lanes":null,"maxheight":null,"maxweight":null,"maxwidth":null},"geometry":{"type":"LineString","coordinates":[[113.316129,23.1413719],[113.3160595,23.141372],[113.3148478,23.1413731],[113.3140231,23.1413784]]}},{"type":"Feature","id":306349392,"properties":{"id":"306349392","highway":"residential","name":null,"oneway":false,"lanes":null,"maxheight":null,"maxweight":null,"maxwidth":null},"geometry":{"type":"LineString","coordinates":[[113.3161255,23.1421952],[113.3160569,23.1421951],[113.3148887,23.1421938]]}},{"type":"Feature","id":308161421,"properties":{"id":"308161421","highway":"tertiary","name":"陶育路","oneway":true,"lanes":"2","maxheight":null,"maxweight":null,"maxwidth":null},"geometry":{"type":"LineString","coordinates":[[113.3391868,23.1288625],[113.3391603,23.129558],[113.3391474,23.1304563],[113.3391446,23.1308019],[113.339146,23.1310984],[113.339205,23.1324983]]}},{"type":"Feature","id":308161422,"properties":{"id":"308161422","highway":"tertiary","name":null,"oneway":true,"lanes":null,"maxheight":null,"maxweight":null,"maxwidth":null},"geometry":{"type":"LineString","coordinates":[[113.3379238,23.130481],[113.3391474,23.1304563]]}},{"type":"Feature","id":309949809,"properties":{"id":"309949809","highway":"service","name":null,"oneway":false,"lanes":null,"maxheight":null,"maxweight":null,"maxwidth":null},"geometry":{"type":"LineString","coordinates":[[113.3344367,23.1416377],[113.3345489,23.1422235],[113.3345703,23.1423352]]}},{"type":"Feature","id":309949814,"properties":{"id":"309949814","highway":"service","name":null,"oneway":false,"lanes":null,"maxheight":null,"maxweight":null,"maxwidth":null},"geometry":{"type":"LineString","coordinates":[[113.33328,23.1416325],[113.3328504,23.1416826]]}},{"type":"Feature","id":312565414,"properties":{"id":"312565414","highway":"secondary","name":"体育东路","oneway":true,"lanes":null,"maxheight":null,"maxweight":null,"maxwidth":null},"geometry":{"type":"LineString","coordinates":[[113.3229233,23.1359249],[113.3229273,23.1357413],[113.3229234,23.1355612],[113.3228907,23.1347978],[113.3228616,23.1342683],[113.322829,23.133531],[113.3228249,23.1334652],[113.3227771,23.1326691],[113.3227367,23.1318099],[113.3227343,23.131742],[113.3227049,23.1311527]]}},{"type":"Feature","id":312565415,"properties":{"id":"312565415","highway":"secondary","name":"黄埔大道西","oneway":true,"lanes":null,"maxheight":null,"maxweight":null,"maxwidth":null},"geometry":{"type":"LineString","coordinates":[[113.3220642,23.1300258],[113.3203025,23.1301411],[113.319944,23.1301638],[113.3191259,23.1302156],[113.3191038,23.130217],[113.3184279,23.1302617],[113.3175448,23.1303212],[113.3174046,23.1303306],[113.3171595,23.1303463],[113.316975,23.1303581],[113.3169092,23.1303603],[113.3168256,23.130363],[113.3166685,23.1303627],[113.3164875,23.1303511]]}},{"type":"Feature","id":312565418,"properties":{"id":"312565418","highway":"secondary_link","name":null,"oneway":true,"lanes":null,"maxheight":null,"maxweight":null,"maxwidth":null},"geometry":{"type":"LineString","coordinates":[[113.3158532,23.1307282],[113.3158532,23.1306753],[113.3158532,23.1306483],[113.315861,23.1306212],[113.3158833,23.1305975],[113.3159273,23.1305773],[113.3159687,23.1305754],[113.3160036,23.1305923],[113.3160341,23.1306323],[113.3160401,23.1306651],[113.3160303,23.1307507]]}},{"type":"Feature","id":319804288,"properties":{"id":"319804288","highway":"trunk","name":"天河东路","oneway":true,"lanes":null,"maxheight":null,"maxweight":null,"maxwidth":null},"geometry":{"type":"LineString","coordinates":[[113.327358,23.1435821],[113.3275956,23.142196]]}},{"type":"Feature","id":322620773,"properties":{"id":"322620773","highway":"tertiary","name":"广利路","oneway":false,"lanes":null,"maxheight":null,"maxweight":null,"maxwidth":null},"geometry":{"type":"LineString","coordinates":[[113.3160496,23.1331491],[113.3159606,23.1331509],[113.3158918,23.1331471],[113.3158837,23.1331467],[113.3155957,23.1330891],[113.3153232,23.1330366],[113.3149954,23.1329798],[113.3143495,23.1328605],[113.3135351,23.1327101],[113.3133183,23.1326583],[113.3124201,23.1324995],[113.3119217,23.1324247],[113.3114487,23.1323538],[113.3107473,23.132445],[113.3104561,23.132972]]}},{"type":"Feature","id":322620774,"properties":{"id":"322620774","highway":"residential","name":null,"oneway":false,"lanes":null,"maxheight":null,"maxweight":null,"maxwidth":null},"geometry":{"type":"LineString","coordinates":[[113.3160944,23.1340203],[113.31601,23.1340233],[113.3159405,23.1340268],[113.3159067,23.1340278],[113.3153701,23.1340437]]}},{"type":"Feature","id":322620775,"properties":{"id":"322620775","highway":"unclassified","name":null,"oneway":false,"lanes":null,"maxheight":null,"maxweight":null,"maxwidth":null},"geometry":{"type":"LineString","coordinates":[[113.316064,23.1350849],[113.3159904,23.1350869],[113.3154367,23.1351009],[113.3151423,23.135114],[113.3148046,23.1351227],[113.3145388,23.1351295]]}},{"type":"Feature","id":322620777,"properties":{"id":"322620777","highway":"service","name":null,"oneway":false,"lanes":null,"maxheight":null,"maxweight":null,"maxwidth":null},"geometry":{"type":"LineString","coordinates":[[113.3143495,23.1328605],[113.314256,23.1332986],[113.314223,23.1334531],[113.3142153,23.1334891]]}},{"type":"Feature","id":322628961,"properties":{"id":"322628961","highway":"residential","name":"天河街","oneway":false,"lanes":null,"maxheight":null,"maxweight":null,"maxwidth":null},"geometry":{"type":"LineString","coordinates":[[113.3154367,23.1351009],[113.3153701,23.1340437],[113.315339,23.1333762],[113.3153232,23.1330366]]}},{"type":"Feature","id":322628974,"properties":{"id":"322628974","highway":"unclassified","name":null,"oneway":false,"lanes":null,"maxheight":null,"maxweight":null,"maxwidth":null},"geometry":{"type":"LineString","coordinates":[[113.315203,23.1361977],[113.3151994,23.1361418],[113.3151645,23.1355128],[113.3151423,23.135114]]}},{"type":"Feature","id":322629006,"properties":{"id":"322629006","highway":"residential","name":null,"oneway":false,"lanes":null,"maxheight":null,"maxweight":null,"maxwidth":null},"geometry":{"type":"LineString","coordinates":[[113.3159669,23.1314989],[113.3158772,23.1315056],[113.3157626,23.1315221],[113.315264,23.1315508],[113.3145892,23.1315805],[113.3134606,23.1316302]]}},{"type":"Feature","id":322629017,"properties":{"id":"322629017","highway":"residential","name":null,"oneway":false,"lanes":null,"maxheight":null,"maxweight":null,"maxwidth":null},"geometry":{"type":"LineString","coordinates":[[113.3133183,23.1326583],[113.3133826,23.1324179],[113.313476,23.1323709],[113.3134606,23.1316302],[113.313449,23.1309483],[113.3134389,23.1307102]]}},{"type":"Feature","id":322629023,"properties":{"id":"322629023","highway":"residential","name":null,"oneway":false,"lanes":null,"maxheight":null,"maxweight":null,"maxwidth":null},"geometry":{"type":"LineString","coordinates":[[113.3123399,23.1363059],[113.3123077,23.1362546],[113.3122701,23.1361881],[113.3118386,23.1354236],[113.3115603,23.1349305],[113.3107555,23.1335046],[113.3104561,23.132972]]}},{"type":"Feature","id":322629114,"properties":{"id":"322629114","highway":"residential","name":"天河直街","oneway":false,"lanes":null,"maxheight":null,"maxweight":null,"maxwidth":null},"geometry":{"type":"LineString","coordinates":[[113.3124614,23.1366735],[113.3125011,23.1367505],[113.3125436,23.1368297],[113.3127434,23.1372025],[113.3127177,23.1381808],[113.3126631,23.1390836]]}},{"type":"Feature","id":328122379,"properties":{"id":"328122379","highway":"service","name":"香樟路","oneway":false,"lanes":null,"maxheight":null,"maxweight":null,"maxwidth":null},"geometry":{"type":"LineString","coordinates":[[113.3412893,23.1394519],[113.3421467,23.1392867],[113.3425231,23.1392917],[113.3428658,23.1392961],[113.3439396,23.1393102],[113.3445026,23.1393176],[113.345384,23.1393292],[113.3454404,23.1393299],[113.3457465,23.1393479],[113.3458829,23.1393808],[113.3459442,23.1394051],[113.346383,23.1396689],[113.34645,23.1396788],[113.3465752,23.1396814]]}},{"type":"Feature","id":328122383,"properties":{"id":"328122383","highway":"service","name":null,"oneway":false,"lanes":null,"maxheight":null,"maxweight":null,"maxwidth":null},"geometry":{"type":"LineString","coordinates":[[113.344495,23.1416828],[113.3445182,23.1416601],[113.344535,23.1416332],[113.3445446,23.1416035],[113.3445465,23.1415702],[113.3445393,23.1415375],[113.3445236,23.1415075],[113.3445004,23.1414819],[113.3444711,23.1414624],[113.3444374,23.1414501],[113.3444015,23.1414458],[113.3443673,23.1414494],[113.3443349,23.1414602],[113.3443062,23.1414777],[113.3442828,23.1415009],[113.3442659,23.1415285],[113.3442565,23.1415589],[113.3442551,23.1415906],[113.3442624,23.1416234],[113.3442783,23.1416535],[113.3443019,23.1416791],[113.3443315,23.1416985],[113.3443655,23.1417106],[113.3443864,23.1417128],[113.3444017,23.1417145],[113.3444352,23.1417107],[113.3444669,23.1417],[113.344495,23.1416828]]}},{"type":"Feature","id":328122386,"properties":{"id":"328122386","highway":"service","name":"紫荆西路","oneway":false,"lanes":null,"maxheight":null,"maxweight":null,"maxwidth":null},"geometry":{"type":"LineString","coordinates":[[113.3442565,23.1415589],[113.3438457,23.1415578],[113.3435668,23.141557],[113.3425206,23.1415541],[113.3421388,23.1415531],[113.3420151,23.1415527],[113.3414546,23.1415512]]}},{"type":"Feature","id":328122391,"properties":{"id":"328122391","highway":"service","name":null,"oneway":false,"lanes":null,"maxheight":null,"maxweight":null,"maxwidth":null},"geometry":{"type":"LineString","coordinates":[[113.3414546,23.1415512],[113.3413832,23.1414633],[113.3413821,23.1408958],[113.3413805,23.1401209],[113.3412888,23.1398887],[113.3412893,23.1394519]]}},{"type":"Feature","id":328122395,"properties":{"id":"328122395","highway":"service","name":"青松东路","oneway":false,"lanes":null,"maxheight":null,"maxweight":null,"maxwidth":null},"geometry":{"type":"LineString","coordinates":[[113.3465908,23.1402603],[113.3466359,23.1402614],[113.3473882,23.1402657],[113.3479571,23.1402689],[113.348034,23.1402689],[113.3487174,23.1402689],[113.3498801,23.1402951],[113.3504859,23.1406913]]}},{"type":"Feature","id":328122402,"properties":{"id":"328122402","highway":"service","name":null,"oneway":false,"lanes":null,"maxheight":null,"maxweight":null,"maxwidth":null},"geometry":{"type":"LineString","coordinates":[[113.3414674,23.1446671],[113.3421488,23.1446728],[113.3422089,23.144648],[113.3422342,23.1445993],[113.3422271,23.1437987]]}},{"type":"Feature","id":328122407,"properties":{"id":"328122407","highway":"unclassified","name":"玉兰中路","oneway":false,"lanes":null,"maxheight":null,"maxweight":null,"maxwidth":null},"geometry":{"type":"LineString","coordinates":[[113.3443423,23.1426897],[113.3454878,23.1427757],[113.3478218,23.142838],[113.3490558,23.1428509]]}},{"type":"Feature","id":328122409,"properties":{"id":"328122409","highway":"service","name":null,"oneway":false,"lanes":null,"maxheight":null,"maxweight":null,"maxwidth":null},"geometry":{"type":"LineString","coordinates":[[113.3465908,23.1402603],[113.346577,23.1397483],[113.3465752,23.1396814],[113.3465711,23.1385138],[113.3465705,23.1383541],[113.3465666,23.138229],[113.346557,23.1380212]]}},{"type":"Feature","id":328122410,"properties":{"id":"328122410","highway":"service","name":null,"oneway":false,"lanes":null,"maxheight":null,"maxweight":null,"maxwidth":null},"geometry":{"type":"LineString","coordinates":[[113.34574,23.1401884],[113.3456963,23.1404671],[113.3456674,23.1406512],[113.3456597,23.1407025],[113.3456566,23.1407233],[113.3456362,23.1409506],[113.3455729,23.1416844]]}},{"type":"Feature","id":328122413,"properties":{"id":"328122413","highway":"service","name":null,"oneway":false,"lanes":null,"maxheight":null,"maxweight":null,"maxwidth":null},"geometry":{"type":"LineString","coordinates":[[113.34889,23.142069],[113.3489406,23.1414267],[113.3489245,23.1412824],[113.3487174,23.1402689]]}},{"type":"Feature","id":328122414,"properties":{"id":"328122414","highway":"service","name":"紫荆东路","oneway":false,"lanes":null,"maxheight":null,"maxweight":null,"maxwidth":null},"geometry":{"type":"LineString","coordinates":[[113.34889,23.142069],[113.3490436,23.1421617],[113.3494082,23.1422333],[113.3508824,23.1422853],[113.3514458,23.1422542],[113.3517972,23.1421111],[113.352206,23.1419248],[113.3526618,23.1417136]]}},{"type":"Feature","id":328122418,"properties":{"id":"328122418","highway":"service","name":null,"oneway":false,"lanes":null,"maxheight":null,"maxweight":null,"maxwidth":null},"geometry":{"type":"LineString","coordinates":[[113.3487174,23.1402689],[113.3486932,23.1399422],[113.3487393,23.1397404],[113.3487994,23.1396526],[113.3488737,23.1395745],[113.3489091,23.1390928],[113.349164,23.1391188]]}},{"type":"Feature","id":328122426,"properties":{"id":"328122426","highway":"service","name":null,"oneway":false,"lanes":null,"maxheight":null,"maxweight":null,"maxwidth":null},"geometry":{"type":"LineString","coordinates":[[113.3417493,23.1401203],[113.3417458,23.1404369],[113.3417883,23.1404987],[113.3418237,23.1405085]]}},{"type":"Feature","id":328122430,"properties":{"id":"328122430","highway":"service","name":null,"oneway":false,"lanes":null,"maxheight":null,"maxweight":null,"maxwidth":null},"geometry":{"type":"LineString","coordinates":[[113.3478218,23.142838],[113.347848,23.1426267]]}},{"type":"Feature","id":328122431,"properties":{"id":"328122431","highway":"service","name":null,"oneway":false,"lanes":null,"maxheight":null,"maxweight":null,"maxwidth":null},"geometry":{"type":"LineString","coordinates":[[113.347848,23.1426267],[113.3478532,23.1422674]]}},{"type":"Feature","id":328122433,"properties":{"id":"328122433","highway":"service","name":null,"oneway":false,"lanes":null,"maxheight":null,"maxweight":null,"maxwidth":null},"geometry":{"type":"LineString","coordinates":[[113.3478532,23.1422674],[113.3478436,23.1419163],[113.3478494,23.1418636]]}},{"type":"Feature","id":328122439,"properties":{"id":"328122439","highway":"service","name":null,"oneway":false,"lanes":null,"maxheight":null,"maxweight":null,"maxwidth":null},"geometry":{"type":"LineString","coordinates":[[113.3443864,23.1417128],[113.3443687,23.1421051],[113.3443675,23.1421316],[113.3443423,23.1426897]]}},{"type":"Feature","id":328122440,"properties":{"id":"328122440","highway":"service","name":null,"oneway":false,"lanes":null,"maxheight":null,"maxweight":null,"maxwidth":null},"geometry":{"type":"LineString","coordinates":[[113.3440325,23.1426747],[113.3440357,23.1431869],[113.3441348,23.143291],[113.3443082,23.1433073]]}},{"type":"Feature","id":328122443,"properties":{"id":"328122443","highway":"service","name":null,"oneway":false,"lanes":null,"maxheight":null,"maxweight":null,"maxwidth":null},"geometry":{"type":"LineString","coordinates":[[113.3443675,23.1421316],[113.3440398,23.1421323],[113.343831,23.1421328],[113.3436589,23.1421332],[113.3429171,23.1421348],[113.3422978,23.1421362],[113.342015,23.1421369],[113.3414556,23.1421381]]}},{"type":"Feature","id":328122444,"properties":{"id":"328122444","highway":"service","name":null,"oneway":false,"lanes":null,"maxheight":null,"maxweight":null,"maxwidth":null},"geometry":{"type":"LineString","coordinates":[[113.3422978,23.1421362],[113.3422927,23.1426745]]}},{"type":"Feature","id":328122445,"properties":{"id":"328122445","highway":"service","name":null,"oneway":false,"lanes":null,"maxheight":null,"maxweight":null,"maxwidth":null},"geometry":{"type":"LineString","coordinates":[[113.3429171,23.1421348],[113.3429187,23.1426765]]}},{"type":"Feature","id":334124302,"properties":{"id":"334124302","highway":"secondary","name":"冼村路","oneway":true,"lanes":null,"maxheight":null,"maxweight":null,"maxwidth":null},"geometry":{"type":"LineString","coordinates":[[113.3225048,23.1257403],[113.322498,23.1255584],[113.3224945,23.125387],[113.3224995,23.1247723],[113.3225053,23.12406],[113.3225058,23.124],[113.3224958,23.1236354],[113.3224842,23.1233642],[113.3224751,23.1230347],[113.3224726,23.1229761],[113.3224571,23.122611],[113.3224543,23.1220431]]}},{"type":"Feature","id":334124304,"properties":{"id":"334124304","highway":"tertiary_link","name":"兴盛路","oneway":true,"lanes":null,"maxheight":null,"maxweight":null,"maxwidth":null},"geometry":{"type":"LineString","coordinates":[[113.3230891,23.1235443],[113.3229311,23.1235788],[113.3227918,23.1236531],[113.3227826,23.1236639],[113.3227193,23.1237387],[113.3226544,23.1238832]]}},{"type":"Feature","id":334124305,"properties":{"id":"334124305","highway":"trunk_link","name":"猎德大道","oneway":true,"lanes":null,"maxheight":null,"maxweight":null,"maxwidth":null},"geometry":{"type":"LineString","coordinates":[[113.3280542,23.1241956],[113.328016,23.1237799],[113.3280078,23.1236867],[113.3279871,23.1234529],[113.3279885,23.1229549],[113.3280047,23.1224706],[113.3280282,23.1216646]]}},{"type":"Feature","id":346798702,"properties":{"id":"346798702","highway":"service","name":null,"oneway":false,"lanes":null,"maxheight":null,"maxweight":null,"maxwidth":null},"geometry":{"type":"LineString","coordinates":[[113.3538087,23.1420055],[113.3540429,23.1420294],[113.354277,23.1420532],[113.3547581,23.1420806],[113.3551128,23.1421009],[113.3551516,23.1421072],[113.3556144,23.1421829],[113.3563393,23.1423014],[113.3561939,23.1429865],[113.3557879,23.1429199],[113.3553535,23.1428486],[113.3550219,23.1428478],[113.3545995,23.1428467],[113.3543298,23.142843],[113.3541901,23.1428411]]}},{"type":"Feature","id":348649006,"properties":{"id":"348649006","highway":"motorway","name":"华南快速","oneway":true,"lanes":"4","maxheight":null,"maxweight":null,"maxwidth":null},"geometry":{"type":"LineString","coordinates":[[113.3519733,23.1410334],[113.3518999,23.1409288],[113.3518086,23.1408028],[113.3517332,23.1406965],[113.3516479,23.1405837],[113.3515379,23.140443],[113.3514216,23.1403025],[113.351298,23.1401566],[113.3511744,23.1400143]]}},{"type":"Feature","id":348649024,"properties":{"id":"348649024","highway":"secondary","name":null,"oneway":true,"lanes":null,"maxheight":null,"maxweight":null,"maxwidth":null},"geometry":{"type":"LineString","coordinates":[[113.3489702,23.138121],[113.3481128,23.1380065],[113.3479538,23.1379913],[113.3477484,23.1379737],[113.3475348,23.1379558],[113.3473318,23.1379385],[113.3472403,23.1379214]]}},{"type":"Feature","id":348684691,"properties":{"id":"348684691","highway":"service","name":null,"oneway":false,"lanes":null,"maxheight":null,"maxweight":null,"maxwidth":null},"geometry":{"type":"LineString","coordinates":[[113.3439396,23.1393102],[113.3439441,23.1388532],[113.3439893,23.1387667],[113.344067,23.1387174],[113.344228,23.1386631],[113.3443943,23.1386015],[113.344523,23.1385719],[113.3446744,23.1385566],[113.3447978,23.1385615],[113.3448407,23.1385837],[113.3448637,23.1386286],[113.3448568,23.1389759]]}},{"type":"Feature","id":348684692,"properties":{"id":"348684692","highway":"trunk","name":"天河路","oneway":true,"lanes":null,"maxheight":null,"maxweight":null,"maxwidth":null},"geometry":{"type":"LineString","coordinates":[[113.3353592,23.1378671],[113.3355113,23.1379119],[113.3356408,23.1379473],[113.3358087,23.1379889]]}},{"type":"Feature","id":348684693,"properties":{"id":"348684693","highway":"secondary","name":null,"oneway":true,"lanes":null,"maxheight":null,"maxweight":null,"maxwidth":null},"geometry":{"type":"LineString","coordinates":[[113.3404035,23.1390616],[113.3401816,23.1390605],[113.3400591,23.1390545],[113.3399149,23.1390368],[113.3397581,23.1390146],[113.3395688,23.1389833],[113.3394187,23.13895],[113.3392684,23.1389164],[113.3390004,23.138858],[113.3377801,23.1385819]]}},{"type":"Feature","id":348684694,"properties":{"id":"348684694","highway":"secondary_link","name":null,"oneway":true,"lanes":null,"maxheight":null,"maxweight":null,"maxwidth":null},"geometry":{"type":"LineString","coordinates":[[113.3377801,23.1385819],[113.3377565,23.1385312],[113.3377543,23.1384851],[113.3377642,23.1384467],[113.3377801,23.1384095],[113.3378063,23.1383848],[113.3378431,23.1383632]]}},{"type":"Feature","id":348684697,"properties":{"id":"348684697","highway":"secondary","name":null,"oneway":true,"lanes":null,"maxheight":null,"maxweight":null,"maxwidth":null},"geometry":{"type":"LineString","coordinates":[[113.3370675,23.138778],[113.3368363,23.138583],[113.3367789,23.1385288],[113.3366367,23.1384312],[113.3365089,23.1383654],[113.336288,23.1382479]]}},{"type":"Feature","id":348684698,"properties":{"id":"348684698","highway":"secondary","name":null,"oneway":true,"lanes":null,"maxheight":null,"maxweight":null,"maxwidth":null},"geometry":{"type":"LineString","coordinates":[[113.3377801,23.1385819],[113.3373941,23.1384964]]}},{"type":"Feature","id":348684699,"properties":{"id":"348684699","highway":"secondary","name":"五山路","oneway":true,"lanes":null,"maxheight":null,"maxweight":null,"maxwidth":null},"geometry":{"type":"LineString","coordinates":[[113.3373941,23.1384964],[113.3373209,23.1385182],[113.3372818,23.138535],[113.3372503,23.1385574],[113.3372051,23.1386027],[113.3371694,23.1386533],[113.3371498,23.1386923],[113.3371455,23.1387332],[113.3371541,23.1387881],[113.3371749,23.1388414],[113.3372054,23.1388949],[113.3372872,23.1390146],[113.3374926,23.1393202],[113.3375694,23.1394346],[113.3376101,23.1394946],[113.3376529,23.1395645],[113.3376956,23.1396427],[113.3377493,23.1397631],[113.337814,23.1399128],[113.3379109,23.1401405],[113.3379616,23.1402619],[113.3380083,23.1403587],[113.3380745,23.1404672],[113.3381485,23.1405743],[113.3382209,23.1406757],[113.3382878,23.1407622],[113.3383664,23.140865],[113.3384404,23.1409629],[113.3387121,23.1413623],[113.3388646,23.1415864]]}},{"type":"Feature","id":348684700,"properties":{"id":"348684700","highway":"service","name":null,"oneway":false,"lanes":null,"maxheight":null,"maxweight":null,"maxwidth":null},"geometry":{"type":"LineString","coordinates":[[113.3442107,23.1384675],[113.344228,23.1386631]]}},{"type":"Feature","id":348684701,"properties":{"id":"348684701","highway":"secondary","name":null,"oneway":true,"lanes":null,"maxheight":null,"maxweight":null,"maxwidth":null},"geometry":{"type":"LineString","coordinates":[[113.3348436,23.1376081],[113.3351354,23.1377096],[113.3352554,23.1377507],[113.3353212,23.1377742],[113.3354415,23.1378101],[113.3355776,23.1378476],[113.3357317,23.1378863],[113.335887,23.1379242],[113.3360303,23.1379564],[113.3363054,23.1380167],[113.336438,23.1380466],[113.3369154,23.1381542]]}},{"type":"Feature","id":348684702,"properties":{"id":"348684702","highway":"secondary","name":null,"oneway":true,"lanes":null,"maxheight":null,"maxweight":null,"maxwidth":null},"geometry":{"type":"LineString","coordinates":[[113.3378431,23.1383632],[113.3382038,23.1384445],[113.3382522,23.1384555],[113.3385222,23.1385163],[113.3392462,23.1386796],[113.3393056,23.1386924],[113.3393997,23.1387126],[113.33962,23.1387556],[113.3397807,23.1387835],[113.3399268,23.1388016],[113.3400607,23.1388111],[113.3404187,23.1388189]]}},{"type":"Feature","id":348684703,"properties":{"id":"348684703","highway":"trunk","name":"中山大道西","oneway":true,"lanes":null,"maxheight":null,"maxweight":null,"maxwidth":null},"geometry":{"type":"LineString","coordinates":[[113.3386302,23.1386246],[113.3391702,23.1387459],[113.3394057,23.1387925],[113.3395738,23.1388239],[113.3397693,23.1388596]]}},{"type":"Feature","id":348684706,"properties":{"id":"348684706","highway":"motorway_link","name":null,"oneway":true,"lanes":"2","maxheight":null,"maxweight":null,"maxwidth":null},"geometry":{"type":"LineString","coordinates":[[113.3449371,23.1380537],[113.3451497,23.1379818],[113.3455397,23.137842]]}},{"type":"Feature","id":348684707,"properties":{"id":"348684707","highway":"trunk","name":"天河路","oneway":true,"lanes":null,"maxheight":null,"maxweight":null,"maxwidth":null},"geometry":{"type":"LineString","coordinates":[[113.3353326,23.1379282],[113.3351153,23.137882],[113.3348918,23.1378359],[113.3346779,23.1377877]]}},{"type":"Feature","id":348684711,"properties":{"id":"348684711","highway":"trunk","name":"中山大道西","oneway":true,"lanes":null,"maxheight":null,"maxweight":null,"maxwidth":null},"geometry":{"type":"LineString","coordinates":[[113.3386091,23.1386849],[113.3381244,23.1385745],[113.3375063,23.138437]]}},{"type":"Feature","id":348688275,"properties":{"id":"348688275","highway":"secondary","name":null,"oneway":true,"lanes":"1","maxheight":null,"maxweight":null,"maxwidth":null},"geometry":{"type":"LineString","coordinates":[[113.3507015,23.1397781],[113.3506142,23.1396959],[113.3505167,23.1396154],[113.3504135,23.1395278],[113.3503112,23.1394438],[113.3502495,23.1393895],[113.3501937,23.1393307],[113.350148,23.1392663],[113.3500809,23.1391433],[113.3497057,23.1385433],[113.3496441,23.1384575],[113.3495763,23.1383734],[113.34952,23.1383166],[113.3494584,23.1382677],[113.3493905,23.1382283],[113.3493,23.1381958],[113.3491844,23.138169],[113.3489702,23.138121]]}},{"type":"Feature","id":348688286,"properties":{"id":"348688286","highway":"motorway_link","name":null,"oneway":true,"lanes":"2","maxheight":null,"maxweight":null,"maxwidth":null},"geometry":{"type":"LineString","coordinates":[[113.3458301,23.1362573],[113.3457681,23.1360488],[113.3456989,23.1357145],[113.3456266,23.1353139],[113.3456067,23.1350116],[113.3456058,23.1346389],[113.3456775,23.1339343],[113.3457997,23.1331782],[113.3459682,23.1323644],[113.3460663,23.1317887]]}},{"type":"Feature","id":348699280,"properties":{"id":"348699280","highway":"trunk","name":"中山大道西","oneway":true,"lanes":null,"maxheight":null,"maxweight":null,"maxwidth":null},"geometry":{"type":"LineString","coordinates":[[113.343235,23.1383538],[113.343508,23.1383279],[113.3436842,23.1383136],[113.3438358,23.138302],[113.3439714,23.1382945],[113.344109,23.138289],[113.344416,23.1382555]]}},{"type":"Feature","id":348699281,"properties":{"id":"348699281","highway":"motorway_link","name":null,"oneway":true,"lanes":"2","maxheight":null,"maxweight":null,"maxwidth":null},"geometry":{"type":"LineString","coordinates":[[113.3511355,23.1394603],[113.3511801,23.1395022]]}},{"type":"Feature","id":348699284,"properties":{"id":"348699284","highway":"trunk","name":"中山大道西","oneway":true,"lanes":null,"maxheight":null,"maxweight":null,"maxwidth":null},"geometry":{"type":"LineString","coordinates":[[113.3433251,23.1386677],[113.3424864,23.1388245],[113.3418581,23.1389479],[113.3415895,23.1389983],[113.3413493,23.1390361],[113.3411701,23.1390612],[113.3410111,23.1390804],[113.3407639,23.1390976],[113.3406405,23.1390992],[113.3405493,23.1390894],[113.3404035,23.1390616]]}},{"type":"Feature","id":348699287,"properties":{"id":"348699287","highway":"trunk","name":"中山大道西","oneway":true,"lanes":null,"maxheight":null,"maxweight":null,"maxwidth":null},"geometry":{"type":"LineString","coordinates":[[113.3404187,23.1388189],[113.340554,23.1387943],[113.3406477,23.1387809],[113.3407363,23.1387729],[113.3408385,23.1387678],[113.340938,23.1387604],[113.3410382,23.1387528],[113.3411626,23.1387387],[113.3413172,23.1387148],[113.3414956,23.1386852],[113.3416503,23.1386569],[113.3430509,23.1383891],[113.343235,23.1383538]]}},{"type":"Feature","id":348699289,"properties":{"id":"348699289","highway":"motorway_link","name":null,"oneway":true,"lanes":null,"maxheight":null,"maxweight":null,"maxwidth":null},"geometry":{"type":"LineString","coordinates":[[113.3472864,23.1215524],[113.3472432,23.1216295],[113.3470707,23.1219113],[113.3470126,23.1221539]]}},{"type":"Feature","id":348699291,"properties":{"id":"348699291","highway":"motorway_link","name":null,"oneway":true,"lanes":null,"maxheight":null,"maxweight":null,"maxwidth":null},"geometry":{"type":"LineString","coordinates":[[113.3464409,23.1240068],[113.3465351,23.1238034],[113.3465506,23.1235874],[113.3465721,23.1232939],[113.3465858,23.1231728],[113.3466164,23.1229356],[113.3466724,23.1225213],[113.3466839,23.1224084],[113.3466928,23.1222751],[113.3466922,23.1216877]]}},{"type":"Feature","id":348699294,"properties":{"id":"348699294","highway":"motorway","name":"华南快速","oneway":true,"lanes":"4","maxheight":null,"maxweight":null,"maxwidth":null},"geometry":{"type":"LineString","coordinates":[[113.3522483,23.1411486],[113.3524381,23.1414548],[113.3525111,23.1415831],[113.352618,23.1417858],[113.3526903,23.1419338],[113.3527711,23.1421089],[113.3528482,23.1422963],[113.352913,23.1424636],[113.3529801,23.1426537],[113.3530337,23.1428256],[113.3530978,23.1430388],[113.3531465,23.1432263],[113.3531946,23.1434408],[113.3532378,23.1436338]]}},{"type":"Feature","id":348699303,"properties":{"id":"348699303","highway":"trunk","name":"中山大道西","oneway":true,"lanes":null,"maxheight":null,"maxweight":null,"maxwidth":null},"geometry":{"type":"LineString","coordinates":[[113.3404035,23.1390616],[113.3401113,23.1390152],[113.3396852,23.1389194]]}},{"type":"Feature","id":348699311,"properties":{"id":"348699311","highway":"motorway_link","name":null,"oneway":true,"lanes":null,"maxheight":null,"maxweight":null,"maxwidth":null},"geometry":{"type":"LineString","coordinates":[[113.3556377,23.1480092],[113.3556058,23.1478668],[113.355651,23.1476936],[113.3556554,23.1475745],[113.3556241,23.1474692],[113.3555562,23.1473897],[113.3554614,23.1473438],[113.3553411,23.1473262],[113.3552079,23.1473262],[113.3546279,23.1473698]]}},{"type":"Feature","id":348699314,"properties":{"id":"348699314","highway":"motorway_link","name":null,"oneway":true,"lanes":"2","maxheight":null,"maxweight":null,"maxwidth":null},"geometry":{"type":"LineString","coordinates":[[113.3458303,23.1282233],[113.3456955,23.1281759],[113.3455523,23.1281274],[113.3453697,23.1280874],[113.3452392,23.1280654],[113.3450359,23.1280453]]}},{"type":"Feature","id":349481551,"properties":{"id":"349481551","highway":"secondary_link","name":null,"oneway":true,"lanes":null,"maxheight":null,"maxweight":null,"maxwidth":null},"geometry":{"type":"LineString","coordinates":[[113.3471842,23.1376717],[113.3472112,23.1376793],[113.3472399,23.1377007],[113.3472599,23.1377308],[113.347274,23.1377577],[113.3472845,23.1377944],[113.3472898,23.137832],[113.3472827,23.1378568],[113.3472689,23.1378776],[113.3472403,23.1379214]]}},{"type":"Feature","id":349481554,"properties":{"id":"349481554","highway":"secondary","name":null,"oneway":true,"lanes":null,"maxheight":null,"maxweight":null,"maxwidth":null},"geometry":{"type":"LineString","coordinates":[[113.3472403,23.1379214],[113.3470485,23.1379501],[113.346557,23.1380212],[113.3456442,23.1381933],[113.3450865,23.1383],[113.3446089,23.1383878],[113.3443983,23.1384281],[113.3442107,23.1384675],[113.3441381,23.1384846],[113.3439966,23.1385238],[113.3438779,23.1385572],[113.3437237,23.1385921],[113.3433251,23.1386677]]}},{"type":"Feature","id":359990752,"properties":{"id":"359990752","highway":"residential","name":null,"oneway":false,"lanes":null,"maxheight":null,"maxweight":null,"maxwidth":null},"geometry":{"type":"LineString","coordinates":[[113.3190851,23.1310653],[113.3190058,23.1310674],[113.3182478,23.1310883],[113.3180019,23.1310929],[113.316977,23.1311233],[113.316631,23.1311328],[113.3165245,23.1311946],[113.3161958,23.1312032],[113.3161806,23.1312036],[113.3161135,23.1312033],[113.3160291,23.1312066]]}},{"type":"Feature","id":360056902,"properties":{"id":"360056902","highway":"tertiary_link","name":"五山路","oneway":true,"lanes":null,"maxheight":null,"maxweight":null,"maxwidth":null},"geometry":{"type":"LineString","coordinates":[[113.3405498,23.1470047],[113.3404969,23.1469621],[113.3404696,23.1469107],[113.3404562,23.1468588],[113.3404468,23.1468027],[113.340438,23.1467126],[113.3404343,23.1465971],[113.3404311,23.146441],[113.3404317,23.1463581],[113.3404324,23.1462683]]}},{"type":"Feature","id":360056903,"properties":{"id":"360056903","highway":"tertiary_link","name":"五山路","oneway":true,"lanes":null,"maxheight":null,"maxweight":null,"maxwidth":null},"geometry":{"type":"LineString","coordinates":[[113.3405982,23.1440573],[113.3406412,23.1441161],[113.3406684,23.1442705],[113.340677,23.1443323],[113.3406829,23.144421],[113.3406784,23.1446818],[113.3406726,23.144965],[113.3406608,23.1454967],[113.3406456,23.1461231],[113.3406438,23.146199],[113.3406453,23.1462737]]}},{"type":"Feature","id":360929665,"properties":{"id":"360929665","highway":"tertiary","name":"龙口东路","oneway":true,"lanes":null,"maxheight":null,"maxweight":null,"maxwidth":null},"geometry":{"type":"LineString","coordinates":[[113.3350861,23.145954],[113.3350491,23.1456223],[113.3349336,23.1448371],[113.33492,23.1447448],[113.3348252,23.1441778],[113.3348145,23.1441139],[113.3347907,23.1439717]]}},{"type":"Feature","id":365748172,"properties":{"id":"365748172","highway":"residential","name":"天华街","oneway":false,"lanes":null,"maxheight":null,"maxweight":null,"maxwidth":null},"geometry":{"type":"LineString","coordinates":[[113.3433946,23.1449187],[113.3457393,23.1447516],[113.3457711,23.1461042]]}},{"type":"Feature","id":365748174,"properties":{"id":"365748174","highway":"residential","name":"翰景街","oneway":false,"lanes":null,"maxheight":null,"maxweight":null,"maxwidth":null},"geometry":{"type":"LineString","coordinates":[[113.3457711,23.1461042],[113.347005,23.1460027],[113.3486755,23.1458791],[113.3490066,23.145969],[113.3499949,23.145908],[113.3507838,23.1458463],[113.3533342,23.1455003]]}},{"type":"Feature","id":365748181,"properties":{"id":"365748181","highway":"residential","name":null,"oneway":false,"lanes":null,"maxheight":null,"maxweight":null,"maxwidth":null},"geometry":{"type":"LineString","coordinates":[[113.3531035,23.1370637],[113.3535188,23.1380522]]}},{"type":"Feature","id":365982488,"properties":{"id":"365982488","highway":"service","name":null,"oneway":false,"lanes":null,"maxheight":null,"maxweight":null,"maxwidth":null},"geometry":{"type":"LineString","coordinates":[[113.3478218,23.142838],[113.3478445,23.1447569]]}},{"type":"Feature","id":365982492,"properties":{"id":"365982492","highway":"service","name":null,"oneway":false,"lanes":null,"maxheight":null,"maxweight":null,"maxwidth":null},"geometry":{"type":"LineString","coordinates":[[113.3504859,23.1406913],[113.3507019,23.1405352],[113.3509755,23.1403058],[113.3516782,23.1411592],[113.352206,23.1419248]]}},{"type":"Feature","id":365982493,"properties":{"id":"365982493","highway":"service","name":null,"oneway":false,"lanes":null,"maxheight":null,"maxweight":null,"maxwidth":null},"geometry":{"type":"LineString","coordinates":[[113.3514458,23.1422542],[113.3510614,23.1414724],[113.3504457,23.1407891]]}},{"type":"Feature","id":365982494,"properties":{"id":"365982494","highway":"service","name":null,"oneway":false,"lanes":null,"maxheight":null,"maxweight":null,"maxwidth":null},"geometry":{"type":"LineString","coordinates":[[113.3510614,23.1414724],[113.3516782,23.1411592]]}},{"type":"Feature","id":365982495,"properties":{"id":"365982495","highway":"service","name":null,"oneway":false,"lanes":null,"maxheight":null,"maxweight":null,"maxwidth":null},"geometry":{"type":"LineString","coordinates":[[113.3504457,23.1407891],[113.3503243,23.1409222],[113.3501375,23.1409694],[113.349988,23.1409334],[113.3497506,23.1408409],[113.3496353,23.1408767],[113.3494972,23.1410395],[113.3493724,23.1411431],[113.3491766,23.1412775],[113.3490238,23.1413712],[113.3489406,23.1414267]]}},{"type":"Feature","id":368303019,"properties":{"id":"368303019","highway":"unclassified","name":"棠石路","oneway":false,"lanes":null,"maxheight":null,"maxweight":null,"maxwidth":null},"geometry":{"type":"LineString","coordinates":[[113.3619997,23.1242848],[113.3626229,23.125302],[113.3631983,23.1262218],[113.3632662,23.1263426],[113.3633923,23.126567],[113.3634235,23.1266225],[113.3636575,23.1268628],[113.3638221,23.126966],[113.3642627,23.1272058],[113.3645554,23.127365],[113.3646792,23.1274163]]}},{"type":"Feature","id":374048528,"properties":{"id":"374048528","highway":"trunk_link","name":null,"oneway":true,"lanes":null,"maxheight":null,"maxweight":null,"maxwidth":null},"geometry":{"type":"LineString","coordinates":[[113.3278762,23.1300814],[113.3278908,23.1300201],[113.327917,23.12999],[113.3279547,23.1299595],[113.3280016,23.1299366],[113.3280385,23.1299294],[113.3280934,23.1299234],[113.3281536,23.1299445],[113.3281992,23.1299844],[113.3282331,23.1300474]]}},{"type":"Feature","id":375664226,"properties":{"id":"375664226","highway":"residential","name":"华居路","oneway":false,"lanes":null,"maxheight":null,"maxweight":null,"maxwidth":null},"geometry":{"type":"LineString","coordinates":[[113.3111824,23.1194027],[113.3112395,23.1194022],[113.312862,23.1193867],[113.3129219,23.1193861]]}},{"type":"Feature","id":387281347,"properties":{"id":"387281347","highway":"secondary","name":null,"oneway":true,"lanes":null,"maxheight":null,"maxweight":null,"maxwidth":null},"geometry":{"type":"LineString","coordinates":[[113.34152,23.1286075],[113.3408699,23.1287279]]}},{"type":"Feature","id":387281348,"properties":{"id":"387281348","highway":"residential","name":null,"oneway":true,"lanes":null,"maxheight":null,"maxweight":null,"maxwidth":null},"geometry":{"type":"LineString","coordinates":[[113.3433779,23.1286299],[113.3432711,23.1286411],[113.3431705,23.1286401],[113.3430546,23.1286318],[113.3429819,23.1286264],[113.3428907,23.1286191],[113.3425103,23.1285438]]}},{"type":"Feature","id":387281350,"properties":{"id":"387281350","highway":"service","name":null,"oneway":false,"lanes":null,"maxheight":null,"maxweight":null,"maxwidth":null},"geometry":{"type":"LineString","coordinates":[[113.3401666,23.1287894],[113.3402073,23.1295024],[113.3391603,23.129558]]}},{"type":"Feature","id":387281354,"properties":{"id":"387281354","highway":"secondary_link","name":null,"oneway":true,"lanes":null,"maxheight":null,"maxweight":null,"maxwidth":null},"geometry":{"type":"LineString","coordinates":[[113.338646,23.1289028],[113.3385514,23.1288811],[113.3384905,23.1288467],[113.3384518,23.1288008],[113.338435,23.1287403],[113.3384428,23.1286722],[113.338474,23.1286291],[113.3385234,23.128593],[113.338649,23.1285411]]}},{"type":"Feature","id":387281358,"properties":{"id":"387281358","highway":"motorway","name":"华南快速","oneway":true,"lanes":"4","maxheight":null,"maxweight":null,"maxwidth":null},"geometry":{"type":"LineString","coordinates":[[113.3459941,23.1324804],[113.3460663,23.1317887],[113.346134,23.1306831],[113.3461751,23.1301718],[113.3462085,23.1297699],[113.3462675,23.129139],[113.3463186,23.1286113],[113.3463733,23.1279879],[113.3464315,23.1273631],[113.3464629,23.1269836],[113.3464902,23.1265721],[113.3465103,23.1261842],[113.346527,23.1257624],[113.3465327,23.1256673],[113.3465396,23.1255516],[113.3465439,23.1254694],[113.346552,23.1253436],[113.3465557,23.1252845],[113.3465631,23.1251646],[113.3465657,23.1251222],[113.3465796,23.1249355]]}},{"type":"Feature","id":387281359,"properties":{"id":"387281359","highway":"secondary","name":"黄埔大道中辅路","oneway":true,"lanes":null,"maxheight":null,"maxweight":null,"maxwidth":null},"geometry":{"type":"LineString","coordinates":[[113.3597364,23.1249688],[113.3594645,23.1250925],[113.359339,23.1251496],[113.3592148,23.1251989],[113.359073,23.1252482],[113.3588545,23.1253163],[113.3580554,23.1255611],[113.357978,23.1255848],[113.3578355,23.1256285],[113.3574518,23.1257379]]}},{"type":"Feature","id":387281366,"properties":{"id":"387281366","highway":"primary_link","name":null,"oneway":true,"lanes":null,"maxheight":null,"maxweight":null,"maxwidth":null},"geometry":{"type":"LineString","coordinates":[[113.3455357,23.1277877],[113.3458767,23.1276186]]}},{"type":"Feature","id":387281371,"properties":{"id":"387281371","highway":"motorway_link","name":null,"oneway":true,"lanes":"4","maxheight":"2.8","maxweight":null,"maxwidth":null},"geometry":{"type":"LineString","coordinates":[[113.346172,23.1286172],[113.3461614,23.1285408],[113.3461295,23.1284523],[113.3460722,23.1283881],[113.3460217,23.1283445],[113.3459287,23.1282794],[113.3458303,23.1282233]]}},{"type":"Feature","id":387307894,"properties":{"id":"387307894","highway":"motorway_link","name":null,"oneway":true,"lanes":null,"maxheight":null,"maxweight":null,"maxwidth":null},"geometry":{"type":"LineString","coordinates":[[113.3469317,23.1281222],[113.3468024,23.1282705],[113.3467218,23.1284076],[113.3466402,23.1285923],[113.3466168,23.1286628],[113.3466004,23.128724],[113.3465858,23.1288105],[113.3465758,23.1288649],[113.3465666,23.129035],[113.3465506,23.1295899],[113.3465131,23.1301943]]}},{"type":"Feature","id":387307899,"properties":{"id":"387307899","highway":"motorway_link","name":null,"oneway":true,"lanes":null,"maxheight":null,"maxweight":null,"maxwidth":null},"geometry":{"type":"LineString","coordinates":[[113.3479393,23.1276553],[113.3477101,23.1277069],[113.3476355,23.1277283],[113.3475522,23.1277514],[113.3474652,23.1277832],[113.3473637,23.127823],[113.347267,23.127878],[113.3471992,23.1279225],[113.3471334,23.1279756],[113.3470523,23.1280316],[113.3469317,23.1281222]]}},{"type":"Feature","id":387307900,"properties":{"id":"387307900","highway":"primary_link","name":null,"oneway":true,"lanes":null,"maxheight":null,"maxweight":null,"maxwidth":null},"geometry":{"type":"LineString","coordinates":[[113.3476938,23.1277818],[113.3484979,23.1276359],[113.3490988,23.1275349],[113.3492633,23.1275121],[113.3493247,23.1275053],[113.349424,23.1275053],[113.3494986,23.127504],[113.34958,23.1274946],[113.3496857,23.1274752],[113.3498082,23.1274515],[113.3499062,23.1274279],[113.3500336,23.1273927]]}},{"type":"Feature","id":387307901,"properties":{"id":"387307901","highway":"residential","name":"翠华街","oneway":false,"lanes":null,"maxheight":null,"maxweight":null,"maxwidth":null},"geometry":{"type":"LineString","coordinates":[[113.3476938,23.1277818],[113.3477157,23.1278398],[113.3481199,23.1289104],[113.3483023,23.1293815],[113.3485319,23.1300182],[113.3488039,23.1307727],[113.3488807,23.1309382],[113.3492196,23.131668],[113.3492893,23.1318752],[113.3493998,23.132609],[113.34941,23.1326769],[113.3494676,23.1331247],[113.3494802,23.1332231],[113.3494925,23.1333191],[113.3495039,23.1333996],[113.3494878,23.1334982]]}},{"type":"Feature","id":394547001,"properties":{"id":"394547001","highway":"unclassified","name":"玉兰路","oneway":false,"lanes":null,"maxheight":null,"maxweight":null,"maxwidth":null},"geometry":{"type":"LineString","coordinates":[[113.3490558,23.1428509],[113.3498067,23.14286],[113.3499796,23.1428779],[113.3501667,23.1429164],[113.3505186,23.1430242],[113.3508074,23.1431722],[113.3508727,23.1431875],[113.3512487,23.1432011],[113.3517389,23.1432188],[113.3518832,23.143224],[113.3525896,23.1432496],[113.3528188,23.1432579],[113.3533833,23.1431886]]}},{"type":"Feature","id":394548854,"properties":{"id":"394548854","highway":"service","name":null,"oneway":false,"lanes":null,"maxheight":null,"maxweight":null,"maxwidth":null},"geometry":{"type":"LineString","coordinates":[[113.3406418,23.1426695],[113.3406529,23.1420273],[113.3400599,23.1420352],[113.3396538,23.1420407]]}},{"type":"Feature","id":394548855,"properties":{"id":"394548855","highway":"service","name":null,"oneway":false,"lanes":null,"maxheight":null,"maxweight":null,"maxwidth":null},"geometry":{"type":"LineString","coordinates":[[113.3406418,23.1426695],[113.340656,23.1434509],[113.340649,23.1435327],[113.340639,23.1435751],[113.3405851,23.1436532],[113.3405062,23.1437214]]}},{"type":"Feature","id":394568317,"properties":{"id":"394568317","highway":"residential","name":"忠信路","oneway":false,"lanes":null,"maxheight":null,"maxweight":null,"maxwidth":null},"geometry":{"type":"LineString","coordinates":[[113.3422645,23.1296874],[113.3421523,23.1296873],[113.3420319,23.129685],[113.3414683,23.1296675]]}},{"type":"Feature","id":394568318,"properties":{"id":"394568318","highway":"service","name":null,"oneway":false,"lanes":null,"maxheight":null,"maxweight":null,"maxwidth":null},"geometry":{"type":"LineString","coordinates":[[113.3414886,23.1327862],[113.3422173,23.1327921],[113.3429956,23.1327996],[113.3440954,23.1328201]]}},{"type":"Feature","id":394568319,"properties":{"id":"394568319","highway":"residential","name":"金陵路","oneway":false,"lanes":null,"maxheight":null,"maxweight":null,"maxwidth":null},"geometry":{"type":"LineString","coordinates":[[113.3422645,23.1296874],[113.3423377,23.1296873],[113.3425237,23.129687],[113.3430217,23.1296863],[113.3430173,23.1301382],[113.3430096,23.1309014],[113.3430045,23.1315988],[113.3430003,23.1321716],[113.3429956,23.1327996],[113.3429842,23.1335233],[113.3429613,23.1345012],[113.3429794,23.1346483],[113.3429956,23.1351391],[113.3429888,23.1355257],[113.3429856,23.135951],[113.3429828,23.1361311],[113.3429681,23.1364736],[113.3429371,23.1381057]]}},{"type":"Feature","id":394568320,"properties":{"id":"394568320","highway":"residential","name":"暨大笃敬路","oneway":false,"lanes":null,"maxheight":null,"maxweight":null,"maxwidth":null},"geometry":{"type":"LineString","coordinates":[[113.3414687,23.1308732],[113.342073,23.1308843],[113.3422613,23.1308877],[113.3423924,23.1308901],[113.3428924,23.1308993],[113.3430096,23.1309014],[113.3438075,23.1309148],[113.3441844,23.130923]]}},{"type":"Feature","id":394568321,"properties":{"id":"394568321","highway":"residential","name":"真如路","oneway":false,"lanes":"2","maxheight":null,"maxweight":null,"maxwidth":null},"geometry":{"type":"LineString","coordinates":[[113.3440837,23.1335687],[113.3440961,23.1338673],[113.3441541,23.1346521],[113.3441765,23.1354769],[113.3441885,23.1357606],[113.3441908,23.1361504],[113.3442187,23.1365198],[113.3442564,23.1377669],[113.3442457,23.137944]]}},{"type":"Feature","id":394762267,"properties":{"id":"394762267","highway":"service","name":null,"oneway":false,"lanes":null,"maxheight":null,"maxweight":null,"maxwidth":null},"geometry":{"type":"LineString","coordinates":[[113.3504457,23.1407891],[113.3504859,23.1406913]]}},{"type":"Feature","id":402932402,"properties":{"id":"402932402","highway":"secondary","name":"猎德大道-金穗路隧道","oneway":true,"lanes":null,"maxheight":null,"maxweight":null,"maxwidth":null},"geometry":{"type":"LineString","coordinates":[[113.3274141,23.1253257],[113.3288764,23.1251711]]}},{"type":"Feature","id":402932403,"properties":{"id":"402932403","highway":"secondary","name":"金穗路","oneway":true,"lanes":null,"maxheight":null,"maxweight":null,"maxwidth":null},"geometry":{"type":"LineString","coordinates":[[113.3226272,23.1257293],[113.3228326,23.1257077],[113.3233575,23.125631],[113.3240341,23.1255799],[113.3243687,23.1255517]]}},{"type":"Feature","id":403847060,"properties":{"id":"403847060","highway":"secondary","name":"天府路","oneway":true,"lanes":null,"maxheight":null,"maxweight":null,"maxwidth":null},"geometry":{"type":"LineString","coordinates":[[113.3566691,23.125611],[113.356669,23.1256452],[113.356673,23.1257057],[113.3566786,23.1257594],[113.3567017,23.1259551]]}},{"type":"Feature","id":403857592,"properties":{"id":"403857592","highway":"tertiary","name":"员村二横路","oneway":false,"lanes":null,"maxheight":null,"maxweight":null,"maxwidth":null},"geometry":{"type":"LineString","coordinates":[[113.3576798,23.1213862],[113.3578016,23.1209644],[113.3580478,23.1201836],[113.3584121,23.1190304],[113.3584518,23.1188887],[113.3584938,23.1187276],[113.3585265,23.1186009],[113.3585452,23.1184806],[113.3585452,23.11843],[113.3585452,23.1183561],[113.3585382,23.1182143],[113.358504,23.1178108],[113.358493,23.1176811],[113.358451,23.1173564],[113.3582388,23.1160578],[113.3579124,23.1142091],[113.3578501,23.1137788],[113.3578313,23.1136505],[113.3578233,23.1135074],[113.3578233,23.1133273],[113.3578632,23.1125203]]}},{"type":"Feature","id":403857594,"properties":{"id":"403857594","highway":"tertiary","name":"员村二横路","oneway":true,"lanes":null,"maxheight":null,"maxweight":null,"maxwidth":null},"geometry":{"type":"LineString","coordinates":[[113.3576798,23.1213862],[113.3576763,23.1215358],[113.3575929,23.1218335],[113.3575479,23.1219973],[113.357489,23.1221997],[113.3574215,23.1224373],[113.3573285,23.1227944],[113.3572233,23.1232297],[113.3571512,23.1235461],[113.3571147,23.1237044],[113.3570659,23.12392],[113.3570535,23.1239756],[113.3567549,23.125205],[113.3567119,23.1253822],[113.3566813,23.1255173],[113.3566767,23.1255414],[113.3566719,23.125573],[113.3566691,23.125611]]}},{"type":"Feature","id":403876983,"properties":{"id":"403876983","highway":"residential","name":"东璟街","oneway":false,"lanes":null,"maxheight":null,"maxweight":null,"maxwidth":null},"geometry":{"type":"LineString","coordinates":[[113.3550745,23.1259773],[113.3552308,23.125632],[113.3553547,23.1253651],[113.355475,23.1251047],[113.3555564,23.1249225],[113.3556697,23.1246784],[113.355836,23.1243138],[113.3559841,23.1240063]]}},{"type":"Feature","id":403907823,"properties":{"id":"403907823","highway":"trunk_link","name":null,"oneway":true,"lanes":null,"maxheight":null,"maxweight":null,"maxwidth":null},"geometry":{"type":"LineString","coordinates":[[113.3287671,23.128768],[113.3287021,23.1287032],[113.3286396,23.1286532],[113.3285596,23.1285983],[113.3284801,23.1285676],[113.3284105,23.1285578],[113.3283408,23.1285678],[113.3282673,23.1285964],[113.3281996,23.1286388],[113.3281549,23.128691],[113.3281148,23.1287573],[113.328083,23.1288702],[113.3280558,23.1291841]]}},{"type":"Feature","id":405160303,"properties":{"id":"405160303","highway":"tertiary","name":"龙怡路","oneway":false,"lanes":"2","maxheight":null,"maxweight":null,"maxwidth":null},"geometry":{"type":"LineString","coordinates":[[113.3352196,23.1470803],[113.3355784,23.1470166],[113.3358453,23.1469614],[113.3360175,23.146917],[113.3370642,23.1466563],[113.3373419,23.1465867],[113.3377248,23.146497],[113.3378922,23.1464608],[113.3380002,23.1464374],[113.3381657,23.1464044],[113.3383915,23.1463657],[113.3386534,23.1463318],[113.3389861,23.1462923],[113.3391902,23.1462736],[113.3394029,23.1462641],[113.3402855,23.1462678],[113.3403532,23.1462681],[113.3404324,23.1462683]]}},{"type":"Feature","id":405161601,"properties":{"id":"405161601","highway":"residential","name":null,"oneway":false,"lanes":null,"maxheight":null,"maxweight":null,"maxwidth":null},"geometry":{"type":"LineString","coordinates":[[113.33492,23.1447448],[113.3361117,23.1447196],[113.3361098,23.144654],[113.3360904,23.1440013]]}},{"type":"Feature","id":405493866,"properties":{"id":"405493866","highway":"tertiary","name":"花城大道","oneway":true,"lanes":null,"maxheight":null,"maxweight":null,"maxwidth":null},"geometry":{"type":"LineString","coordinates":[[113.3511624,23.1196123],[113.3506033,23.1196619],[113.3502514,23.1197209],[113.3498809,23.1197742],[113.349541,23.1198096],[113.3492601,23.1198346],[113.3487623,23.1198533],[113.3478346,23.1198781]]}},{"type":"Feature","id":405493868,"properties":{"id":"405493868","highway":"service","name":null,"oneway":false,"lanes":null,"maxheight":null,"maxweight":null,"maxwidth":null},"geometry":{"type":"LineString","coordinates":[[113.3479114,23.1195811],[113.3489192,23.1190535],[113.34967,23.1188818],[113.3510025,23.1186864]]}},{"type":"Feature","id":405493871,"properties":{"id":"405493871","highway":"primary","name":"花城大道","oneway":true,"lanes":null,"maxheight":null,"maxweight":null,"maxwidth":null},"geometry":{"type":"LineString","coordinates":[[113.3428192,23.1196778],[113.3431168,23.1196114],[113.3432787,23.1195888],[113.3437337,23.1195578],[113.344282,23.1195466],[113.3451734,23.1195452],[113.3457796,23.1195532]]}},{"type":"Feature","id":405495065,"properties":{"id":"405495065","highway":"tertiary","name":"潭村隧道","oneway":true,"lanes":null,"maxheight":null,"maxweight":null,"maxwidth":null},"geometry":{"type":"LineString","coordinates":[[113.3455217,23.1196428],[113.3481689,23.1196837]]}},{"type":"Feature","id":405495066,"properties":{"id":"405495066","highway":"tertiary","name":"潭村隧道","oneway":true,"lanes":null,"maxheight":null,"maxweight":null,"maxwidth":null},"geometry":{"type":"LineString","coordinates":[[113.3481704,23.1197845],[113.3455262,23.1197519]]}},{"type":"Feature","id":405495067,"properties":{"id":"405495067","highway":"tertiary","name":"花城大道","oneway":true,"lanes":null,"maxheight":null,"maxweight":null,"maxwidth":null},"geometry":{"type":"LineString","coordinates":[[113.3481689,23.1196837],[113.3486437,23.1196861],[113.34899,23.1196744],[113.3496762,23.1196232]]}},{"type":"Feature","id":405496723,"properties":{"id":"405496723","highway":"tertiary_link","name":null,"oneway":true,"lanes":null,"maxheight":null,"maxweight":null,"maxwidth":null},"geometry":{"type":"LineString","coordinates":[[113.3478346,23.1198781],[113.3477868,23.1198469],[113.3477615,23.1198275],[113.3477339,23.1197869],[113.3477196,23.1197486],[113.3477218,23.1197082],[113.3477399,23.1196704],[113.3477817,23.1196369],[113.3479114,23.1195811]]}},{"type":"Feature","id":405498932,"properties":{"id":"405498932","highway":"tertiary_link","name":null,"oneway":true,"lanes":null,"maxheight":null,"maxweight":null,"maxwidth":null},"geometry":{"type":"LineString","coordinates":[[113.3464702,23.1202994],[113.3465162,23.1201979],[113.3465376,23.1201624],[113.3465624,23.1201341],[113.3465909,23.120113],[113.3466269,23.1200838],[113.3466594,23.1200626],[113.3467095,23.1200442],[113.3467848,23.1200341],[113.3468336,23.1200318],[113.3469012,23.1200372],[113.3469399,23.1200468],[113.3469998,23.1200881],[113.347048,23.1201464],[113.3470807,23.1202302],[113.3471507,23.1203889],[113.3472322,23.120656]]}},{"type":"Feature","id":405499882,"properties":{"id":"405499882","highway":"unclassified","name":null,"oneway":false,"lanes":null,"maxheight":null,"maxweight":null,"maxwidth":null},"geometry":{"type":"LineString","coordinates":[[113.3470923,23.1242629],[113.346916,23.1242692]]}},{"type":"Feature","id":405804453,"properties":{"id":"405804453","highway":"motorway_link","name":null,"oneway":true,"lanes":null,"maxheight":null,"maxweight":null,"maxwidth":null},"geometry":{"type":"LineString","coordinates":[[113.3466081,23.120043],[113.3465377,23.1198153],[113.3464654,23.1192608],[113.3463979,23.1190447],[113.3463457,23.1189447],[113.3461762,23.1186927],[113.3461401,23.1185947],[113.3461281,23.1185073],[113.3461361,23.1184008],[113.3461555,23.1183074],[113.3461956,23.1182318]]}},{"type":"Feature","id":405804454,"properties":{"id":"405804454","highway":"motorway_link","name":null,"oneway":true,"lanes":null,"maxheight":null,"maxweight":null,"maxwidth":null},"geometry":{"type":"LineString","coordinates":[[113.3461956,23.1182318],[113.3462754,23.1181333],[113.3463596,23.118061],[113.3464327,23.1180263],[113.3465295,23.1179955],[113.3466499,23.1179739],[113.3467574,23.1179811],[113.346852,23.1179999],[113.3469773,23.1180574],[113.3470672,23.1181297],[113.3471469,23.1182235],[113.3472128,23.1183328],[113.3472676,23.1184533],[113.3472979,23.1185862],[113.3473128,23.1187847],[113.3473105,23.1188629]]}},{"type":"Feature","id":405804455,"properties":{"id":"405804455","highway":"motorway_link","name":null,"oneway":true,"lanes":null,"maxheight":null,"maxweight":null,"maxwidth":null},"geometry":{"type":"LineString","coordinates":[[113.3459271,23.1184406],[113.3460159,23.1182527],[113.3461185,23.1180941],[113.3462026,23.1179562],[113.3462702,23.1178084],[113.3463195,23.1176676],[113.346336,23.1175263],[113.3463315,23.1172407],[113.3463156,23.1168799],[113.3462735,23.1164749],[113.3463144,23.1160481]]}},{"type":"Feature","id":405804457,"properties":{"id":"405804457","highway":"motorway_link","name":null,"oneway":true,"lanes":null,"maxheight":null,"maxweight":null,"maxwidth":null},"geometry":{"type":"LineString","coordinates":[[113.3470715,23.1179576],[113.3472179,23.1181436],[113.3473319,23.1183264],[113.3473666,23.1184301],[113.3473862,23.118531],[113.3473712,23.1186387],[113.3473128,23.1187847]]}},{"type":"Feature","id":405804460,"properties":{"id":"405804460","highway":"primary_link","name":null,"oneway":true,"lanes":null,"maxheight":null,"maxweight":null,"maxwidth":null},"geometry":{"type":"LineString","coordinates":[[113.3457796,23.1195532],[113.3458675,23.119584],[113.3459136,23.119614],[113.3459411,23.1196464],[113.3459588,23.119683],[113.3459571,23.1197193],[113.3459436,23.1197537],[113.3459283,23.1197766],[113.3459021,23.1198073],[113.3458696,23.1198415]]}},{"type":"Feature","id":406977633,"properties":{"id":"406977633","highway":"service","name":null,"oneway":false,"lanes":null,"maxheight":null,"maxweight":null,"maxwidth":null},"geometry":{"type":"LineString","coordinates":[[113.3160484,23.1177185],[113.3160457,23.1181798],[113.3161103,23.1184076],[113.3162596,23.1184454],[113.3168288,23.1184155],[113.3172313,23.1183482],[113.3173858,23.1182734],[113.3174966,23.1182697],[113.3176785,23.1183005],[113.317763,23.118333],[113.3177782,23.1183388],[113.3178476,23.1183655]]}},{"type":"Feature","id":411044286,"properties":{"id":"411044286","highway":"service","name":null,"oneway":false,"lanes":null,"maxheight":null,"maxweight":null,"maxwidth":null},"geometry":{"type":"LineString","coordinates":[[113.3390155,23.1184009],[113.3389295,23.1178618],[113.3389176,23.1177933],[113.3388639,23.1174381],[113.3387995,23.1172112],[113.338703,23.1171421],[113.3382738,23.1171421],[113.3381558,23.1172506],[113.3380378,23.1173],[113.3379473,23.1173198]]}},{"type":"Feature","id":411044293,"properties":{"id":"411044293","highway":"service","name":null,"oneway":false,"lanes":null,"maxheight":null,"maxweight":null,"maxwidth":null},"geometry":{"type":"LineString","coordinates":[[113.3169083,23.1185446],[113.3174133,23.1184876]]}},{"type":"Feature","id":421718518,"properties":{"id":"421718518","highway":"motorway_link","name":null,"oneway":true,"lanes":null,"maxheight":null,"maxweight":null,"maxwidth":null},"geometry":{"type":"LineString","coordinates":[[113.3459492,23.1189288],[113.3459136,23.1187402],[113.3459028,23.1185516],[113.3459271,23.1184406]]}},{"type":"Feature","id":421718519,"properties":{"id":"421718519","highway":"tertiary","name":"花城大道","oneway":true,"lanes":null,"maxheight":null,"maxweight":null,"maxwidth":null},"geometry":{"type":"LineString","coordinates":[[113.3460649,23.1195475],[113.3473126,23.1195607]]}},{"type":"Feature","id":427346008,"properties":{"id":"427346008","highway":"service","name":null,"oneway":false,"lanes":null,"maxheight":null,"maxweight":null,"maxwidth":null},"geometry":{"type":"LineString","coordinates":[[113.3465908,23.1402603],[113.3465852,23.1403196],[113.3465689,23.1404932],[113.3465426,23.1407725],[113.3465072,23.1411489],[113.3464504,23.1417535]]}},{"type":"Feature","id":427363441,"properties":{"id":"427363441","highway":"service","name":null,"oneway":false,"lanes":null,"maxheight":null,"maxweight":null,"maxwidth":null},"geometry":{"type":"LineString","coordinates":[[113.3478494,23.1418636],[113.3479188,23.1412644],[113.348034,23.1402689]]}},{"type":"Feature","id":427363442,"properties":{"id":"427363442","highway":"service","name":"陶园校道","oneway":false,"lanes":null,"maxheight":null,"maxweight":null,"maxwidth":null},"geometry":{"type":"LineString","coordinates":[[113.3465072,23.1411489],[113.3472884,23.1412128],[113.3479188,23.1412644]]}},{"type":"Feature","id":428729409,"properties":{"id":"428729409","highway":"residential","name":null,"oneway":false,"lanes":null,"maxheight":null,"maxweight":null,"maxwidth":null},"geometry":{"type":"LineString","coordinates":[[113.3162193,23.1397261],[113.3161277,23.1397251],[113.3160565,23.1397246],[113.3154339,23.1397202],[113.3153177,23.1397205]]}},{"type":"Feature","id":428729410,"properties":{"id":"428729410","highway":"residential","name":null,"oneway":false,"lanes":null,"maxheight":null,"maxweight":null,"maxwidth":null},"geometry":{"type":"LineString","coordinates":[[113.3153177,23.1397205],[113.3139381,23.1397068],[113.3132726,23.1403061]]}},{"type":"Feature","id":428729417,"properties":{"id":"428729417","highway":"residential","name":null,"oneway":false,"lanes":null,"maxheight":null,"maxweight":null,"maxwidth":null},"geometry":{"type":"LineString","coordinates":[[113.3154339,23.1397202],[113.3154271,23.1391796]]}},{"type":"Feature","id":429011415,"properties":{"id":"429011415","highway":"trunk","name":"天河路","oneway":true,"lanes":null,"maxheight":null,"maxweight":null,"maxwidth":null},"geometry":{"type":"LineString","coordinates":[[113.3230369,23.1361409],[113.3229248,23.1361506],[113.3228463,23.1361574],[113.3227025,23.1361684],[113.3226378,23.1361715]]}},{"type":"Feature","id":429011416,"properties":{"id":"429011416","highway":"tertiary","name":null,"oneway":true,"lanes":null,"maxheight":null,"maxweight":null,"maxwidth":null},"geometry":{"type":"LineString","coordinates":[[113.3161932,23.1368],[113.3161416,23.1366731],[113.3161267,23.1366375],[113.3160999,23.1365859],[113.3160669,23.1365415],[113.316038,23.1365109],[113.3159823,23.1364708]]}},{"type":"Feature","id":429011417,"properties":{"id":"429011417","highway":"tertiary","name":null,"oneway":true,"lanes":null,"maxheight":null,"maxweight":null,"maxwidth":null},"geometry":{"type":"LineString","coordinates":[[113.3165741,23.1364446],[113.3163955,23.1365611]]}},{"type":"Feature","id":429011419,"properties":{"id":"429011419","highway":"tertiary_link","name":null,"oneway":true,"lanes":null,"maxheight":null,"maxweight":null,"maxwidth":null},"geometry":{"type":"LineString","coordinates":[[113.3161932,23.1368],[113.3161709,23.1365859],[113.3161693,23.1365639],[113.3161729,23.1365415],[113.3161942,23.1365226],[113.3162174,23.1365146],[113.316249,23.136519],[113.3162671,23.1365263],[113.3162742,23.1365354],[113.3162765,23.1365459],[113.3162818,23.1366112],[113.3162835,23.1367523]]}},{"type":"Feature","id":429011420,"properties":{"id":"429011420","highway":"service","name":null,"oneway":false,"lanes":null,"maxheight":null,"maxweight":null,"maxwidth":null},"geometry":{"type":"LineString","coordinates":[[113.3161255,23.1380048],[113.316216,23.1380036],[113.3162865,23.1380049],[113.3163746,23.1380053],[113.3164522,23.1380054],[113.3170564,23.1380064],[113.3170546,23.1377572],[113.3170567,23.1371032],[113.3177773,23.1370965],[113.3177751,23.1365092],[113.3177747,23.1364049]]}},{"type":"Feature","id":429011422,"properties":{"id":"429011422","highway":"service","name":null,"oneway":false,"lanes":null,"maxheight":null,"maxweight":null,"maxwidth":null},"geometry":{"type":"LineString","coordinates":[[113.3170546,23.1377572],[113.3168531,23.1377571],[113.3168537,23.137409],[113.3168543,23.1371105],[113.3170567,23.1371032]]}},{"type":"Feature","id":429011423,"properties":{"id":"429011423","highway":"service","name":null,"oneway":false,"lanes":null,"maxheight":null,"maxweight":null,"maxwidth":null},"geometry":{"type":"LineString","coordinates":[[113.3168543,23.1371105],[113.3168522,23.1370475],[113.3166772,23.1370544],[113.3166942,23.1374139],[113.3168537,23.137409]]}},{"type":"Feature","id":429011425,"properties":{"id":"429011425","highway":"service","name":null,"oneway":false,"lanes":null,"maxheight":null,"maxweight":null,"maxwidth":null},"geometry":{"type":"LineString","coordinates":[[113.3168531,23.1377571],[113.3166814,23.1377565]]}},{"type":"Feature","id":429011426,"properties":{"id":"429011426","highway":"service","name":"广州快速公交系统GBRT专用道","oneway":true,"lanes":null,"maxheight":null,"maxweight":null,"maxwidth":null},"geometry":{"type":"LineString","coordinates":[[113.3158121,23.136269],[113.3160481,23.1362788],[113.316249,23.1362801],[113.3164268,23.1362743],[113.3166793,23.1362622],[113.3167784,23.1362575],[113.3171276,23.1362427],[113.3171802,23.1362404],[113.3176833,23.1362185],[113.3181833,23.1361968],[113.3187263,23.1361732]]}},{"type":"Feature","id":429011428,"properties":{"id":"429011428","highway":"trunk_link","name":null,"oneway":true,"lanes":null,"maxheight":null,"maxweight":null,"maxwidth":null},"geometry":{"type":"LineString","coordinates":[[113.3285687,23.1364782],[113.3286373,23.1364113],[113.3286879,23.1363937],[113.3287491,23.1363956],[113.3288142,23.1364158],[113.3288544,23.1364539],[113.3288921,23.1365134]]}},{"type":"Feature","id":429011429,"properties":{"id":"429011429","highway":"service","name":null,"oneway":false,"lanes":null,"maxheight":null,"maxweight":null,"maxwidth":null},"geometry":{"type":"LineString","coordinates":[[113.3211919,23.1362362],[113.3211984,23.1363894],[113.3212277,23.1370819],[113.3218703,23.1370744],[113.3222136,23.1376755],[113.3227362,23.1376391],[113.3228444,23.1376316]]}},{"type":"Feature","id":429011430,"properties":{"id":"429011430","highway":"service","name":null,"oneway":false,"lanes":null,"maxheight":null,"maxweight":null,"maxwidth":null},"geometry":{"type":"LineString","coordinates":[[113.3218703,23.1370744],[113.3222525,23.1370645],[113.3223524,23.137062],[113.3223465,23.1368935],[113.3223414,23.1365684],[113.3222298,23.1365734],[113.3220848,23.1365747],[113.3220605,23.1366183],[113.3220639,23.1368266],[113.3220765,23.1369049],[113.3222374,23.1368981],[113.3223465,23.1368935]]}},{"type":"Feature","id":429011431,"properties":{"id":"429011431","highway":"service","name":null,"oneway":false,"lanes":null,"maxheight":null,"maxweight":null,"maxwidth":null},"geometry":{"type":"LineString","coordinates":[[113.3220605,23.1366183],[113.3218957,23.1366244],[113.3219044,23.1368244],[113.3220639,23.1368266]]}},{"type":"Feature","id":429011432,"properties":{"id":"429011432","highway":"service","name":null,"oneway":false,"lanes":null,"maxheight":null,"maxweight":null,"maxwidth":null},"geometry":{"type":"LineString","coordinates":[[113.3222374,23.1368981],[113.3222298,23.1365734]]}},{"type":"Feature","id":429011433,"properties":{"id":"429011433","highway":"service","name":null,"oneway":false,"lanes":null,"maxheight":null,"maxweight":null,"maxwidth":null},"geometry":{"type":"LineString","coordinates":[[113.3223414,23.1365684],[113.3223896,23.1365345],[113.3225089,23.1365332],[113.3225158,23.1367865],[113.3224796,23.1368504],[113.3224815,23.137091],[113.322388,23.1370978],[113.3223524,23.137062]]}},{"type":"Feature","id":429011434,"properties":{"id":"429011434","highway":"service","name":null,"oneway":false,"lanes":null,"maxheight":null,"maxweight":null,"maxwidth":null},"geometry":{"type":"LineString","coordinates":[[113.322388,23.1370978],[113.322394,23.1373873],[113.3223572,23.1374318],[113.3222978,23.1374316],[113.3222586,23.1373959],[113.3222525,23.1370645]]}},{"type":"Feature","id":429011436,"properties":{"id":"429011436","highway":"service","name":null,"oneway":false,"lanes":null,"maxheight":null,"maxweight":null,"maxwidth":null},"geometry":{"type":"LineString","coordinates":[[113.3222136,23.1376755],[113.3218491,23.1381918],[113.3212215,23.1381893],[113.3202427,23.1381856],[113.3202438,23.1380529],[113.3202495,23.1373588],[113.3202518,23.1370906],[113.3212277,23.1370819]]}},{"type":"Feature","id":429011441,"properties":{"id":"429011441","highway":"service","name":null,"oneway":false,"lanes":null,"maxheight":null,"maxweight":null,"maxwidth":null},"geometry":{"type":"LineString","coordinates":[[113.3170564,23.1380064],[113.3170625,23.1387152],[113.3173812,23.1387144],[113.3178295,23.1387104],[113.3184781,23.1387119],[113.3184772,23.1380098],[113.318471,23.1373607],[113.3184762,23.1370942],[113.3177773,23.1370965]]}},{"type":"Feature","id":429011445,"properties":{"id":"429011445","highway":"secondary","name":"体育西路","oneway":true,"lanes":null,"maxheight":null,"maxweight":null,"maxwidth":null},"geometry":{"type":"LineString","coordinates":[[113.3161875,23.1358639],[113.3161849,23.135726],[113.3161638,23.1352714],[113.3161602,23.1352084],[113.3161491,23.1350131],[113.3161415,23.134869],[113.3161324,23.134695],[113.316113,23.1343595],[113.3160944,23.1340203],[113.3160911,23.1339664],[113.3160703,23.1335935],[113.3160551,23.1333043],[113.3160496,23.1331491],[113.3160413,23.1330071],[113.3160316,23.1328184],[113.3160229,23.1326187],[113.3160164,23.1323674],[113.3160003,23.1321155],[113.3159989,23.1320867],[113.3159669,23.1314989],[113.315953,23.131257],[113.31594,23.1309503],[113.3159289,23.1308797],[113.315914,23.1308306],[113.3158878,23.1307853],[113.3158532,23.1307282]]}},{"type":"Feature","id":429011446,"properties":{"id":"429011446","highway":"trunk","name":"天河路","oneway":true,"lanes":null,"maxheight":null,"maxweight":null,"maxwidth":null},"geometry":{"type":"LineString","coordinates":[[113.3158139,23.1364032],[113.315058,23.1364309],[113.3139953,23.1364834]]}},{"type":"Feature","id":429011447,"properties":{"id":"429011447","highway":"secondary","name":null,"oneway":true,"lanes":null,"maxheight":null,"maxweight":null,"maxwidth":null},"geometry":{"type":"LineString","coordinates":[[113.3159009,23.1361785],[113.3160107,23.1361289],[113.3160591,23.1360838],[113.3160887,23.1360465],[113.3161157,23.1360011]]}},{"type":"Feature","id":429011448,"properties":{"id":"429011448","highway":"secondary_link","name":null,"oneway":true,"lanes":null,"maxheight":null,"maxweight":null,"maxwidth":null},"geometry":{"type":"LineString","coordinates":[[113.3162824,23.1358389],[113.3162985,23.1359299],[113.3163148,23.1359971],[113.3163211,23.1360318],[113.3163214,23.1360612],[113.3163141,23.1360816],[113.3163005,23.1360999],[113.316277,23.1361073],[113.3162363,23.136109],[113.3162113,23.1361058],[113.3161895,23.1360937],[113.3161704,23.1360717]]}},{"type":"Feature","id":429080690,"properties":{"id":"429080690","highway":"service","name":null,"oneway":false,"lanes":null,"maxheight":null,"maxweight":null,"maxwidth":null},"geometry":{"type":"LineString","coordinates":[[113.3212215,23.1381893],[113.3212661,23.1404424]]}},{"type":"Feature","id":429080700,"properties":{"id":"429080700","highway":"service","name":"天体环路","oneway":false,"lanes":null,"maxheight":null,"maxweight":null,"maxwidth":null},"geometry":{"type":"LineString","coordinates":[[113.3207409,23.1406742],[113.3206975,23.1408369],[113.3206533,23.1409735],[113.3205939,23.1411032],[113.3205181,23.1412281],[113.3203803,23.1413962],[113.3201978,23.1415537],[113.3200657,23.141638],[113.3198648,23.1417317],[113.3196917,23.1417851],[113.3194303,23.1418248],[113.3192356,23.1418248],[113.3191124,23.1418118],[113.3189313,23.1417738],[113.3187978,23.1417302],[113.3186493,23.1416641],[113.3184581,23.141546],[113.3183498,23.1414576],[113.3182659,23.1413747],[113.3181363,23.1412103],[113.3180591,23.1410771],[113.3180046,23.1409509],[113.3179571,23.1407865],[113.3179445,23.1406628],[113.317932,23.1404879],[113.3179437,23.1403886],[113.3179528,23.1403118],[113.3179905,23.1401668],[113.3180372,23.1400461],[113.3180833,23.1399539],[113.318141,23.1398596],[113.3182097,23.1397669],[113.3182993,23.1396674],[113.3183873,23.1395866],[113.318518,23.1394893],[113.3186684,23.1394031],[113.3188033,23.1393446],[113.3189651,23.1392942],[113.3191118,23.1392652],[113.3192444,23.1392516],[113.3193407,23.139241],[113.3194747,23.1392556],[113.3196234,23.1392769],[113.3197423,23.139305],[113.3198636,23.1393447],[113.3199968,23.1394025],[113.3201037,23.139461],[113.3202293,23.1395466],[113.3203313,23.1396326],[113.3204093,23.1397116],[113.3204991,23.1398219],[113.3205876,23.1399621],[113.3206464,23.1400861],[113.3206881,23.1402058],[113.3207199,23.1403467],[113.3207388,23.140465],[113.3207409,23.1406742]]}},{"type":"Feature","id":429080702,"properties":{"id":"429080702","highway":"service","name":null,"oneway":false,"lanes":null,"maxheight":null,"maxweight":null,"maxwidth":null},"geometry":{"type":"LineString","coordinates":[[113.3161259,23.1404445],[113.3162203,23.1404422],[113.3162846,23.1404412],[113.3163794,23.140437],[113.3164507,23.1404347],[113.3174276,23.1404038],[113.3179437,23.1403886]]}},{"type":"Feature","id":429080715,"properties":{"id":"429080715","highway":"service","name":null,"oneway":false,"lanes":null,"maxheight":null,"maxweight":null,"maxwidth":null},"geometry":{"type":"LineString","coordinates":[[113.3174276,23.1404038],[113.3173812,23.1387144]]}},{"type":"Feature","id":429080716,"properties":{"id":"429080716","highway":"service","name":null,"oneway":false,"lanes":null,"maxheight":null,"maxweight":null,"maxwidth":null},"geometry":{"type":"LineString","coordinates":[[113.3178295,23.1387104],[113.317831,23.1390965],[113.3183873,23.1395866]]}},{"type":"Feature","id":429080720,"properties":{"id":"429080720","highway":"residential","name":"天河直街","oneway":false,"lanes":null,"maxheight":null,"maxweight":null,"maxwidth":null},"geometry":{"type":"LineString","coordinates":[[113.310996,23.1434129],[113.3111295,23.1423812],[113.311154,23.1422665],[113.3112394,23.1418661],[113.3113619,23.1416423],[113.3117025,23.1412619],[113.3119283,23.141005],[113.3120105,23.1409117],[113.3123746,23.1405381],[113.3124437,23.1404366],[113.3126745,23.1400392],[113.3127572,23.1395573],[113.3126631,23.1390836],[113.3124459,23.1387559],[113.3121486,23.1384506],[113.3118424,23.1381828],[113.311504,23.1378602],[113.3113234,23.1375457],[113.3112847,23.1367971]]}},{"type":"Feature","id":429080721,"properties":{"id":"429080721","highway":"residential","name":null,"oneway":false,"lanes":null,"maxheight":null,"maxweight":null,"maxwidth":null},"geometry":{"type":"LineString","coordinates":[[113.3124437,23.1404366],[113.3120929,23.1402251]]}},{"type":"Feature","id":429080724,"properties":{"id":"429080724","highway":"residential","name":null,"oneway":false,"lanes":null,"maxheight":null,"maxweight":null,"maxwidth":null},"geometry":{"type":"LineString","coordinates":[[113.3120929,23.1402251],[113.3122873,23.1399308],[113.3123422,23.1396485],[113.3123064,23.1393129],[113.3121807,23.1390137],[113.3120434,23.1388444],[113.3118528,23.1386592],[113.311661,23.1384827],[113.3114148,23.1382917],[113.3112213,23.1381083],[113.3110593,23.1378817],[113.3109497,23.1377273],[113.310867,23.1375179],[113.31089,23.1372592],[113.3109139,23.1370318],[113.3109019,23.1368195]]}},{"type":"Feature","id":429080725,"properties":{"id":"429080725","highway":"residential","name":null,"oneway":false,"lanes":null,"maxheight":null,"maxweight":null,"maxwidth":null},"geometry":{"type":"LineString","coordinates":[[113.3127017,23.1423761],[113.3119283,23.141005]]}},{"type":"Feature","id":430038911,"properties":{"id":"430038911","highway":"residential","name":null,"oneway":false,"lanes":null,"maxheight":null,"maxweight":null,"maxwidth":null},"geometry":{"type":"LineString","coordinates":[[113.3126527,23.1464308],[113.313216,23.1464423]]}},{"type":"Feature","id":430038912,"properties":{"id":"430038912","highway":"service","name":null,"oneway":true,"lanes":null,"maxheight":null,"maxweight":null,"maxwidth":null},"geometry":{"type":"LineString","coordinates":[[113.3225861,23.1411158],[113.3221195,23.1411317]]}},{"type":"Feature","id":430038914,"properties":{"id":"430038914","highway":"residential","name":null,"oneway":false,"lanes":null,"maxheight":null,"maxweight":null,"maxwidth":null},"geometry":{"type":"LineString","coordinates":[[113.3171965,23.1464182],[113.3172057,23.1471583],[113.3182484,23.1471581],[113.3184606,23.1471486]]}},{"type":"Feature","id":430038916,"properties":{"id":"430038916","highway":"residential","name":null,"oneway":false,"lanes":null,"maxheight":null,"maxweight":null,"maxwidth":null},"geometry":{"type":"LineString","coordinates":[[113.317628,23.146415],[113.3171965,23.1464182],[113.3157027,23.1464287],[113.3153198,23.1464308],[113.313216,23.1464423]]}},{"type":"Feature","id":430038919,"properties":{"id":"430038919","highway":"residential","name":null,"oneway":false,"lanes":null,"maxheight":null,"maxweight":null,"maxwidth":null},"geometry":{"type":"LineString","coordinates":[[113.3150357,23.1437329],[113.3150299,23.1441538],[113.3150129,23.1450002]]}},{"type":"Feature","id":430038920,"properties":{"id":"430038920","highway":"residential","name":null,"oneway":false,"lanes":null,"maxheight":null,"maxweight":null,"maxwidth":null},"geometry":{"type":"LineString","coordinates":[[113.3093428,23.145892],[113.3095736,23.1458856],[113.3108873,23.1459216],[113.3109493,23.1459687],[113.3109816,23.1460366],[113.3109745,23.1463796],[113.3126527,23.1464308]]}},{"type":"Feature","id":439897795,"properties":{"id":"439897795","highway":"primary","name":"天河北路","oneway":true,"lanes":null,"maxheight":null,"maxweight":null,"maxwidth":null},"geometry":{"type":"LineString","coordinates":[[113.310996,23.1434129],[113.311165,23.1434194],[113.3122569,23.1434656],[113.3124829,23.1434767],[113.3126084,23.1434828],[113.3129448,23.1434992],[113.3134117,23.1435199],[113.3138189,23.143539],[113.3143336,23.1435644],[113.3147445,23.1435863],[113.3148999,23.1435928],[113.315306,23.1436068],[113.3157572,23.1436317],[113.3158522,23.1436347],[113.3158933,23.1436357],[113.3162031,23.1436457]]}},{"type":"Feature","id":439900139,"properties":{"id":"439900139","highway":"trunk","name":"天寿路","oneway":true,"lanes":null,"maxheight":null,"maxweight":null,"maxwidth":null},"geometry":{"type":"LineString","coordinates":[[113.3272387,23.1448355],[113.3271239,23.1454546],[113.3270493,23.1458679],[113.3269861,23.1462165],[113.3269614,23.146429]]}},{"type":"Feature","id":439900140,"properties":{"id":"439900140","highway":"trunk","name":"天河北隧道","oneway":true,"lanes":null,"maxheight":null,"maxweight":null,"maxwidth":null},"geometry":{"type":"LineString","coordinates":[[113.3271261,23.1448221],[113.327358,23.1435821]]}},{"type":"Feature","id":439900142,"properties":{"id":"439900142","highway":"trunk_link","name":null,"oneway":true,"lanes":null,"maxheight":null,"maxweight":null,"maxwidth":null},"geometry":{"type":"LineString","coordinates":[[113.3268075,23.1472689],[113.3267664,23.1470781],[113.3267475,23.1469667],[113.32674,23.1468621],[113.3267376,23.1467382],[113.3267398,23.1466308],[113.3267466,23.1464846]]}},{"type":"Feature","id":439900143,"properties":{"id":"439900143","highway":"primary_link","name":null,"oneway":true,"lanes":null,"maxheight":null,"maxweight":null,"maxwidth":null},"geometry":{"type":"LineString","coordinates":[[113.3270272,23.1447516],[113.3270461,23.1445784],[113.3270344,23.1444789],[113.3269971,23.1444173],[113.3269594,23.1443699],[113.3269056,23.1443261],[113.3268347,23.1442987],[113.3267628,23.1442797],[113.3266078,23.1442499]]}},{"type":"Feature","id":439900144,"properties":{"id":"439900144","highway":"primary_link","name":null,"oneway":true,"lanes":null,"maxheight":null,"maxweight":null,"maxwidth":null},"geometry":{"type":"LineString","coordinates":[[113.3265846,23.1441105],[113.3268654,23.1440704],[113.326969,23.144048],[113.3270366,23.1440184],[113.3271252,23.1439544],[113.327195,23.1438542]]}},{"type":"Feature","id":439900145,"properties":{"id":"439900145","highway":"residential","name":null,"oneway":false,"lanes":null,"maxheight":null,"maxweight":null,"maxwidth":null},"geometry":{"type":"LineString","coordinates":[[113.3276553,23.1416713],[113.3275317,23.1416732],[113.3271179,23.1416755],[113.3264935,23.1416791],[113.3263526,23.1416799],[113.3260228,23.1416818],[113.3256214,23.1416841],[113.3255602,23.1417283],[113.3254992,23.141823],[113.3255062,23.1425531]]}},{"type":"Feature","id":439900146,"properties":{"id":"439900146","highway":"trunk_link","name":null,"oneway":true,"lanes":null,"maxheight":null,"maxweight":null,"maxwidth":null},"geometry":{"type":"LineString","coordinates":[[113.3277897,23.1418948],[113.3277959,23.1419521],[113.327803,23.1420436],[113.3278058,23.1421153],[113.3278035,23.142185],[113.3277845,23.1423275],[113.3275812,23.1435212],[113.3275525,23.1436927],[113.3275255,23.1438253]]}},{"type":"Feature","id":439900147,"properties":{"id":"439900147","highway":"secondary_link","name":null,"oneway":true,"lanes":null,"maxheight":null,"maxweight":null,"maxwidth":null},"geometry":{"type":"LineString","coordinates":[[113.3277793,23.1442688],[113.3276435,23.1443131],[113.3275275,23.1443771],[113.327436,23.144463],[113.3273793,23.1445493]]}},{"type":"Feature","id":439900148,"properties":{"id":"439900148","highway":"trunk_link","name":null,"oneway":true,"lanes":null,"maxheight":null,"maxweight":null,"maxwidth":null},"geometry":{"type":"LineString","coordinates":[[113.3270272,23.1447516],[113.3270871,23.1447074],[113.3271212,23.1446826],[113.3271548,23.1446759],[113.3272054,23.1446807],[113.3272683,23.1447032],[113.3273002,23.1447229],[113.327319,23.1447483],[113.3273353,23.1448086]]}},{"type":"Feature","id":439900149,"properties":{"id":"439900149","highway":"secondary_link","name":null,"oneway":true,"lanes":null,"maxheight":null,"maxweight":null,"maxwidth":null},"geometry":{"type":"LineString","coordinates":[[113.3275255,23.1438253],[113.3275318,23.1438793],[113.3275486,23.1439192],[113.3275814,23.1439764],[113.3276278,23.1440351],[113.3276678,23.1440792],[113.3277252,23.1441229],[113.3278208,23.1441534]]}},{"type":"Feature","id":439900150,"properties":{"id":"439900150","highway":"trunk_link","name":null,"oneway":true,"lanes":null,"maxheight":null,"maxweight":null,"maxwidth":null},"geometry":{"type":"LineString","coordinates":[[113.3275525,23.1436927],[113.3274868,23.143733],[113.327423,23.1437424],[113.3273631,23.1437384],[113.3273014,23.1437122],[113.327233,23.1436439]]}},{"type":"Feature","id":439901406,"properties":{"id":"439901406","highway":"tertiary","name":"体育西路","oneway":true,"lanes":null,"maxheight":null,"maxweight":null,"maxwidth":null},"geometry":{"type":"LineString","coordinates":[[113.3162835,23.1367523],[113.3162867,23.1370099],[113.3162885,23.1374976],[113.3162862,23.1378537],[113.3162865,23.1380049],[113.3162869,23.138354],[113.3162869,23.1386715],[113.3162881,23.1392764],[113.3162875,23.1401938],[113.3162846,23.1404412],[113.3162867,23.1407236],[113.3162869,23.1408591],[113.316287,23.1409914],[113.3162899,23.1416378],[113.3162886,23.1420197],[113.3162891,23.1427774],[113.3162897,23.1430374],[113.3162903,23.1432019],[113.3162896,23.1433013],[113.3162874,23.1433796],[113.3162807,23.1435266],[113.3162689,23.1436209],[113.3162632,23.1436476]]}},{"type":"Feature","id":439902328,"properties":{"id":"439902328","highway":"unclassified","name":"体育西路辅路","oneway":true,"lanes":null,"maxheight":null,"maxweight":null,"maxwidth":null},"geometry":{"type":"LineString","coordinates":[[113.3163955,23.1365611],[113.3163826,23.1366432],[113.3163786,23.1366904],[113.3163791,23.1368677],[113.316374,23.137851],[113.3163746,23.1380053],[113.3163743,23.1384057],[113.3163798,23.1393161],[113.3163794,23.140437],[113.3163819,23.1407212],[113.3163818,23.1408591],[113.3163815,23.1411473],[113.316383,23.141636],[113.3163837,23.1419965],[113.3163837,23.1422209],[113.3163837,23.1423325],[113.3163823,23.1428471],[113.3163863,23.1432594],[113.316389,23.1433719],[113.3164028,23.1434493],[113.3164216,23.1435011],[113.3164416,23.1435367],[113.3164561,23.1435584],[113.3164948,23.1435928],[113.3165871,23.1436577]]}},{"type":"Feature","id":439902329,"properties":{"id":"439902329","highway":"unclassified","name":"体育西路辅路","oneway":true,"lanes":null,"maxheight":null,"maxweight":null,"maxwidth":null},"geometry":{"type":"LineString","coordinates":[[113.3162031,23.1436457],[113.3161687,23.1435179],[113.3161586,23.1434803],[113.3161444,23.1434164],[113.3161335,23.1433414],[113.3161299,23.1432747],[113.3161283,23.1429598],[113.3161267,23.1424872],[113.3161259,23.1422948],[113.3161255,23.1421952],[113.3161288,23.141709],[113.316129,23.1413719],[113.3161289,23.1412829],[113.3161286,23.1410501],[113.3161272,23.1409117],[113.3161266,23.1408591],[113.3161252,23.1407248],[113.3161246,23.1405509],[113.3161259,23.1404445],[113.3161257,23.1403603],[113.3161262,23.1401338],[113.3161277,23.1397251],[113.3161295,23.1392492],[113.3161302,23.1391205],[113.3161304,23.1390853],[113.3161322,23.1387595],[113.3161255,23.1380048],[113.3161246,23.1379215],[113.3161239,23.1378544],[113.3161255,23.1377717],[113.316124,23.1376784],[113.3161201,23.137568],[113.3161157,23.1374822],[113.316109,23.1373962],[113.3160975,23.1372639],[113.3160927,23.1372025],[113.3160918,23.1371915],[113.3160879,23.1371192],[113.3160843,23.1370339],[113.3160823,23.136955],[113.3160779,23.1368005],[113.3160743,23.1367136],[113.3160704,23.1366558],[113.3160588,23.1366054],[113.3160371,23.1365615],[113.3159823,23.1364708]]}},{"type":"Feature","id":439902715,"properties":{"id":"439902715","highway":"unclassified","name":null,"oneway":false,"lanes":null,"maxheight":null,"maxweight":null,"maxwidth":null},"geometry":{"type":"LineString","coordinates":[[113.3162899,23.1416378],[113.316383,23.141636]]}},{"type":"Feature","id":439902716,"properties":{"id":"439902716","highway":"unclassified","name":null,"oneway":false,"lanes":null,"maxheight":null,"maxweight":null,"maxwidth":null},"geometry":{"type":"LineString","coordinates":[[113.3161322,23.1387595],[113.3162159,23.1387594]]}},{"type":"Feature","id":439904288,"properties":{"id":"439904288","highway":"secondary","name":"体育东路","oneway":true,"lanes":null,"maxheight":null,"maxweight":null,"maxwidth":null},"geometry":{"type":"LineString","coordinates":[[113.3230235,23.1440871],[113.3229497,23.1439802]]}},{"type":"Feature","id":439905477,"properties":{"id":"439905477","highway":"unclassified","name":"体育东路辅路","oneway":true,"lanes":null,"maxheight":null,"maxweight":null,"maxwidth":null},"geometry":{"type":"LineString","coordinates":[[113.3229497,23.1439802],[113.3229335,23.1439119],[113.3228657,23.143627]]}},{"type":"Feature","id":439905479,"properties":{"id":"439905479","highway":"unclassified","name":"体育东路辅路","oneway":true,"lanes":null,"maxheight":null,"maxweight":null,"maxwidth":null},"geometry":{"type":"LineString","coordinates":[[113.3229233,23.1359249],[113.3228781,23.1357426],[113.3228731,23.1357244],[113.3228515,23.1356381],[113.3228426,23.1355724],[113.3228119,23.1350405],[113.322794,23.1347475],[113.3227665,23.1342835],[113.3227503,23.1339875],[113.3227408,23.1338149],[113.322722,23.1335344],[113.3227188,23.1334679],[113.322705,23.1332493],[113.3226862,23.1328974],[113.3226605,23.1323515],[113.3226346,23.131884],[113.3226278,23.1317478],[113.3226046,23.1313631],[113.3225937,23.131154]]}},{"type":"Feature","id":439963186,"properties":{"id":"439963186","highway":"unclassified","name":null,"oneway":true,"lanes":null,"maxheight":null,"maxweight":null,"maxwidth":null},"geometry":{"type":"LineString","coordinates":[[113.3223403,23.1439517],[113.3225302,23.1439291],[113.3226365,23.143912],[113.3227166,23.1438851],[113.3227539,23.1438685],[113.3227977,23.1438363],[113.3228139,23.143821],[113.3228321,23.1437948],[113.3228495,23.1437419],[113.3228657,23.143627]]}},{"type":"Feature","id":439963187,"properties":{"id":"439963187","highway":"unclassified","name":null,"oneway":true,"lanes":null,"maxheight":null,"maxweight":null,"maxwidth":null},"geometry":{"type":"LineString","coordinates":[[113.3230191,23.1437151],[113.3231153,23.1438365]]}},{"type":"Feature","id":439963244,"properties":{"id":"439963244","highway":"unclassified","name":null,"oneway":false,"lanes":null,"maxheight":null,"maxweight":null,"maxwidth":null},"geometry":{"type":"LineString","coordinates":[[113.3229555,23.1424899],[113.3228577,23.1424911]]}},{"type":"Feature","id":439963395,"properties":{"id":"439963395","highway":"unclassified","name":null,"oneway":false,"lanes":null,"maxheight":null,"maxweight":null,"maxwidth":null},"geometry":{"type":"LineString","coordinates":[[113.3230235,23.1412635],[113.3231184,23.141262]]}},{"type":"Feature","id":439963396,"properties":{"id":"439963396","highway":"unclassified","name":null,"oneway":true,"lanes":null,"maxheight":null,"maxweight":null,"maxwidth":null},"geometry":{"type":"LineString","coordinates":[[113.3231184,23.141262],[113.3231734,23.1412629],[113.3240269,23.1412767]]}},{"type":"Feature","id":439963476,"properties":{"id":"439963476","highway":"unclassified","name":null,"oneway":false,"lanes":null,"maxheight":null,"maxweight":null,"maxwidth":null},"geometry":{"type":"LineString","coordinates":[[113.3230177,23.140661],[113.323115,23.1406594]]}},{"type":"Feature","id":439963477,"properties":{"id":"439963477","highway":"unclassified","name":null,"oneway":false,"lanes":null,"maxheight":null,"maxweight":null,"maxwidth":null},"geometry":{"type":"LineString","coordinates":[[113.3230172,23.1401601],[113.3231127,23.1401596]]}},{"type":"Feature","id":439963478,"properties":{"id":"439963478","highway":"residential","name":null,"oneway":false,"lanes":null,"maxheight":null,"maxweight":null,"maxwidth":null},"geometry":{"type":"LineString","coordinates":[[113.3231183,23.1396917],[113.3230214,23.1396912]]}},{"type":"Feature","id":439963560,"properties":{"id":"439963560","highway":"unclassified","name":null,"oneway":false,"lanes":null,"maxheight":null,"maxweight":null,"maxwidth":null},"geometry":{"type":"LineString","coordinates":[[113.3231317,23.1389648],[113.3230204,23.1389664]]}},{"type":"Feature","id":439963561,"properties":{"id":"439963561","highway":"unclassified","name":null,"oneway":false,"lanes":null,"maxheight":null,"maxweight":null,"maxwidth":null},"geometry":{"type":"LineString","coordinates":[[113.3231277,23.1383639],[113.323019,23.1383634]]}},{"type":"Feature","id":439963691,"properties":{"id":"439963691","highway":"unclassified","name":null,"oneway":true,"lanes":null,"maxheight":null,"maxweight":null,"maxwidth":null},"geometry":{"type":"LineString","coordinates":[[113.3229497,23.1368516],[113.3228354,23.1366571]]}},{"type":"Feature","id":439965068,"properties":{"id":"439965068","highway":"secondary_link","name":null,"oneway":true,"lanes":null,"maxheight":null,"maxweight":null,"maxwidth":null},"geometry":{"type":"LineString","coordinates":[[113.3226536,23.1305118],[113.3226062,23.1303684],[113.3225766,23.1302975],[113.3225101,23.1301964]]}},{"type":"Feature","id":439965069,"properties":{"id":"439965069","highway":"secondary_link","name":null,"oneway":true,"lanes":"1","maxheight":null,"maxweight":null,"maxwidth":null},"geometry":{"type":"LineString","coordinates":[[113.3233659,23.1299407],[113.3231084,23.1300145],[113.3230556,23.1300336],[113.323,23.1300588],[113.3229456,23.1300926],[113.3228978,23.1301301],[113.3228765,23.1301468],[113.3227951,23.1302334],[113.3227401,23.1303279]]}},{"type":"Feature","id":439976643,"properties":{"id":"439976643","highway":"tertiary","name":"林和东路","oneway":true,"lanes":null,"maxheight":null,"maxweight":null,"maxwidth":null},"geometry":{"type":"LineString","coordinates":[[113.3230235,23.1440871],[113.3230209,23.1441507],[113.3230166,23.1442582],[113.3230093,23.1443568]]}},{"type":"Feature","id":439976644,"properties":{"id":"439976644","highway":"tertiary_link","name":null,"oneway":true,"lanes":null,"maxheight":null,"maxweight":null,"maxwidth":null},"geometry":{"type":"LineString","coordinates":[[113.3236192,23.1440994],[113.3233265,23.1441535],[113.3232489,23.144175],[113.323194,23.1441969],[113.3231841,23.144202],[113.3231393,23.1442251],[113.3230771,23.1442687],[113.3230432,23.1443013],[113.3230093,23.1443568]]}},{"type":"Feature","id":439976645,"properties":{"id":"439976645","highway":"tertiary","name":"林和东路","oneway":true,"lanes":null,"maxheight":null,"maxweight":null,"maxwidth":null},"geometry":{"type":"LineString","coordinates":[[113.3229613,23.1456805],[113.3229532,23.1451445],[113.3229425,23.14444],[113.3229384,23.1443784],[113.3229299,23.1443256],[113.3229109,23.1442685],[113.3228931,23.1442431],[113.3228665,23.1442086],[113.3228328,23.1441754],[113.3227791,23.1441445],[113.3227368,23.1441308],[113.3225713,23.1440869]]}},{"type":"Feature","id":439976707,"properties":{"id":"439976707","highway":"tertiary_link","name":null,"oneway":true,"lanes":null,"maxheight":null,"maxweight":null,"maxwidth":null},"geometry":{"type":"LineString","coordinates":[[113.3236192,23.1440994],[113.3236337,23.1439945]]}},{"type":"Feature","id":439978026,"properties":{"id":"439978026","highway":"tertiary","name":"林乐路","oneway":true,"lanes":null,"maxheight":null,"maxweight":null,"maxwidth":null},"geometry":{"type":"LineString","coordinates":[[113.3229613,23.1456805],[113.3230307,23.1456548]]}},{"type":"Feature","id":439978802,"properties":{"id":"439978802","highway":"tertiary","name":"天润路","oneway":true,"lanes":null,"maxheight":null,"maxweight":null,"maxwidth":null},"geometry":{"type":"LineString","coordinates":[[113.3350861,23.145954],[113.3348742,23.1459907],[113.3345785,23.1459997],[113.3342557,23.1460138],[113.3340578,23.1460224],[113.3340295,23.1460232],[113.3339575,23.1460251],[113.3336511,23.1460309],[113.3333399,23.1460335],[113.3329719,23.1460372],[113.3327872,23.1460377],[113.3322869,23.1460391],[113.3322465,23.146039],[113.3315145,23.1460372],[113.3308329,23.1460492]]}},{"type":"Feature","id":440022071,"properties":{"id":"440022071","highway":"tertiary","name":"林和西路","oneway":true,"lanes":null,"maxheight":null,"maxweight":null,"maxwidth":null},"geometry":{"type":"LineString","coordinates":[[113.3185191,23.1438916],[113.3185155,23.1440409],[113.3185161,23.1449088],[113.3185145,23.1452515],[113.3185121,23.1453612],[113.3185101,23.1454499],[113.3184629,23.145588]]}},{"type":"Feature","id":440024080,"properties":{"id":"440024080","highway":"residential","name":"华庭路","oneway":false,"lanes":null,"maxheight":null,"maxweight":null,"maxwidth":null},"geometry":{"type":"LineString","coordinates":[[113.3251016,23.147508],[113.3236797,23.1477246],[113.3230367,23.1478185]]}},{"type":"Feature","id":440037194,"properties":{"id":"440037194","highway":"trunk_link","name":null,"oneway":true,"lanes":null,"maxheight":null,"maxweight":null,"maxwidth":null},"geometry":{"type":"LineString","coordinates":[[113.3137441,23.13631],[113.3140395,23.1363458]]}},{"type":"Feature","id":440037195,"properties":{"id":"440037195","highway":"secondary","name":null,"oneway":false,"lanes":null,"maxheight":null,"maxweight":null,"maxwidth":null},"geometry":{"type":"LineString","coordinates":[[113.3137441,23.13631],[113.3137388,23.1362318]]}},{"type":"Feature","id":440041774,"properties":{"id":"440041774","highway":"tertiary_link","name":null,"oneway":true,"lanes":null,"maxheight":null,"maxweight":null,"maxwidth":null},"geometry":{"type":"LineString","coordinates":[[113.3162951,23.1364222],[113.3160169,23.1364656],[113.3159823,23.1364708]]}},{"type":"Feature","id":440042637,"properties":{"id":"440042637","highway":"service","name":null,"oneway":false,"lanes":null,"maxheight":null,"maxweight":null,"maxwidth":null},"geometry":{"type":"LineString","coordinates":[[113.3140128,23.1373425],[113.3140015,23.136705],[113.3139993,23.1365833]]}},{"type":"Feature","id":440046811,"properties":{"id":"440046811","highway":"trunk_link","name":"内环路","oneway":true,"lanes":null,"maxheight":null,"maxweight":null,"maxwidth":null},"geometry":{"type":"LineString","coordinates":[[113.3164875,23.1303511],[113.3162602,23.1303175],[113.3160559,23.1303023],[113.3158056,23.1303006],[113.3155683,23.130305],[113.3153054,23.1303177],[113.3150984,23.1303278],[113.3148429,23.1303423],[113.3145094,23.1303648]]}},{"type":"Feature","id":440057976,"properties":{"id":"440057976","highway":"trunk_link","name":null,"oneway":true,"lanes":null,"maxheight":null,"maxweight":null,"maxwidth":null},"geometry":{"type":"LineString","coordinates":[[113.3289218,23.1350398],[113.3289013,23.1350935],[113.3288739,23.1351392],[113.3288217,23.1351713],[113.3287719,23.1351758],[113.3287048,23.1351713],[113.3286124,23.1351323]]}},{"type":"Feature","id":440057977,"properties":{"id":"440057977","highway":"trunk_link","name":null,"oneway":true,"lanes":null,"maxheight":null,"maxweight":null,"maxwidth":null},"geometry":{"type":"LineString","coordinates":[[113.3285687,23.1364782],[113.3285368,23.1362963],[113.3284894,23.1361926],[113.3284219,23.1361175],[113.328304,23.136043],[113.3281327,23.1359873],[113.327943,23.1359465]]}},{"type":"Feature","id":440057978,"properties":{"id":"440057978","highway":"trunk_link","name":null,"oneway":true,"lanes":null,"maxheight":null,"maxweight":null,"maxwidth":null},"geometry":{"type":"LineString","coordinates":[[113.3280693,23.1356986],[113.3282547,23.135668],[113.3283414,23.1356351],[113.3284738,23.1355581],[113.3285845,23.1354472],[113.3286445,23.1353088]]}},{"type":"Feature","id":440057980,"properties":{"id":"440057980","highway":"trunk_link","name":null,"oneway":true,"lanes":null,"maxheight":null,"maxweight":null,"maxwidth":null},"geometry":{"type":"LineString","coordinates":[[113.3289218,23.1350398],[113.3289991,23.1353048],[113.3290126,23.1353443],[113.3290378,23.1353982],[113.329078,23.135463],[113.3291394,23.1355416],[113.3291858,23.1355915],[113.3292651,23.1356631],[113.3293004,23.1356899],[113.329358,23.1357308],[113.3294657,23.1357911],[113.3295744,23.1358488]]}},{"type":"Feature","id":440057982,"properties":{"id":"440057982","highway":"trunk_link","name":null,"oneway":true,"lanes":null,"maxheight":null,"maxweight":null,"maxwidth":null},"geometry":{"type":"LineString","coordinates":[[113.3295879,23.1360491],[113.3294539,23.1360562],[113.329379,23.1360648],[113.3293105,23.1360752],[113.329242,23.1360929],[113.3291607,23.1361193],[113.3290762,23.1361659],[113.3290162,23.1362184],[113.3289705,23.1362736],[113.328913,23.1363914]]}},{"type":"Feature","id":440062732,"properties":{"id":"440062732","highway":"secondary","name":"体育西路","oneway":true,"lanes":null,"maxheight":null,"maxweight":null,"maxwidth":null},"geometry":{"type":"LineString","coordinates":[[113.3160303,23.1307507],[113.316018,23.1308614],[113.3160179,23.1309334],[113.3160204,23.1310115],[113.3160291,23.1312066],[113.3160532,23.1316217],[113.3160621,23.1318718],[113.3160651,23.1319568]]}},{"type":"Feature","id":440063025,"properties":{"id":"440063025","highway":"unclassified","name":"体育西路辅路","oneway":true,"lanes":null,"maxheight":null,"maxweight":null,"maxwidth":null},"geometry":{"type":"LineString","coordinates":[[113.3161704,23.1360717],[113.3161373,23.1360353],[113.3161157,23.1360011]]}},{"type":"Feature","id":440063026,"properties":{"id":"440063026","highway":"unclassified","name":null,"oneway":true,"lanes":null,"maxheight":null,"maxweight":null,"maxwidth":null},"geometry":{"type":"LineString","coordinates":[[113.3160303,23.1307507],[113.3160606,23.1308076],[113.3160863,23.1308687],[113.3160972,23.1309321],[113.3161058,23.1309899],[113.3161135,23.1312033],[113.316126,23.1314783],[113.3161437,23.1318691],[113.3161476,23.1319542]]}},{"type":"Feature","id":440063996,"properties":{"id":"440063996","highway":"unclassified","name":null,"oneway":false,"lanes":null,"maxheight":null,"maxweight":null,"maxwidth":null},"geometry":{"type":"LineString","coordinates":[[113.3162472,23.1354914],[113.3163651,23.1354764]]}},{"type":"Feature","id":440063998,"properties":{"id":"440063998","highway":"unclassified","name":null,"oneway":false,"lanes":null,"maxheight":null,"maxweight":null,"maxwidth":null},"geometry":{"type":"LineString","coordinates":[[113.3161276,23.1332005],[113.3162132,23.1331981]]}},{"type":"Feature","id":440064000,"properties":{"id":"440064000","highway":"unclassified","name":null,"oneway":false,"lanes":null,"maxheight":null,"maxweight":null,"maxwidth":null},"geometry":{"type":"LineString","coordinates":[[113.3159337,23.1326169],[113.3159782,23.1326178],[113.3160229,23.1326187]]}},{"type":"Feature","id":440064002,"properties":{"id":"440064002","highway":"unclassified","name":null,"oneway":false,"lanes":null,"maxheight":null,"maxweight":null,"maxwidth":null},"geometry":{"type":"LineString","coordinates":[[113.3160888,23.1324181],[113.3161714,23.1324149]]}},{"type":"Feature","id":440146106,"properties":{"id":"440146106","highway":"trunk","name":"天河路","oneway":true,"lanes":null,"maxheight":null,"maxweight":null,"maxwidth":null},"geometry":{"type":"LineString","coordinates":[[113.3158121,23.136269],[113.3160524,23.1362485],[113.3161522,23.1362374],[113.3162397,23.1362247],[113.3163431,23.1362041],[113.3165786,23.136156]]}},{"type":"Feature","id":440187406,"properties":{"id":"440187406","highway":"primary","name":"天河北路","oneway":true,"lanes":null,"maxheight":null,"maxweight":null,"maxwidth":null},"geometry":{"type":"LineString","coordinates":[[113.3230241,23.1439791],[113.3231228,23.1439725],[113.3231314,23.1439722],[113.3231846,23.14397],[113.3232637,23.1439714],[113.3234088,23.1439814]]}},{"type":"Feature","id":440187407,"properties":{"id":"440187407","highway":"tertiary","name":"林和东路","oneway":true,"lanes":null,"maxheight":null,"maxweight":null,"maxwidth":null},"geometry":{"type":"LineString","coordinates":[[113.3230307,23.1456548],[113.3230301,23.1457144]]}},{"type":"Feature","id":440187408,"properties":{"id":"440187408","highway":"tertiary","name":"林乐路","oneway":true,"lanes":null,"maxheight":null,"maxweight":null,"maxwidth":null},"geometry":{"type":"LineString","coordinates":[[113.3230307,23.1456548],[113.3232111,23.1456684],[113.3233577,23.1456795],[113.3237322,23.1457123],[113.3241448,23.1457509],[113.3242704,23.1457641],[113.3245898,23.1457976],[113.3249295,23.1458332],[113.3251818,23.1458568],[113.3252963,23.1458675],[113.3253808,23.1458772],[113.3260417,23.1459528],[113.326358,23.1459827],[113.3264323,23.1459893],[113.3264942,23.1459933],[113.326557,23.1459952],[113.3266472,23.1459771],[113.3267021,23.1459472],[113.3267341,23.1459234],[113.3267829,23.145869],[113.3268511,23.145771]]}},{"type":"Feature","id":440187409,"properties":{"id":"440187409","highway":"trunk_link","name":null,"oneway":true,"lanes":null,"maxheight":null,"maxweight":null,"maxwidth":null},"geometry":{"type":"LineString","coordinates":[[113.3268511,23.145771],[113.3268913,23.1454791],[113.326933,23.1452274],[113.3269918,23.1449331],[113.3270272,23.1447516]]}},{"type":"Feature","id":440187410,"properties":{"id":"440187410","highway":"trunk_link","name":null,"oneway":true,"lanes":null,"maxheight":null,"maxweight":null,"maxwidth":null},"geometry":{"type":"LineString","coordinates":[[113.3270272,23.1447516],[113.327121,23.1442652]]}},{"type":"Feature","id":440187411,"properties":{"id":"440187411","highway":"trunk_link","name":null,"oneway":true,"lanes":null,"maxheight":null,"maxweight":null,"maxwidth":null},"geometry":{"type":"LineString","coordinates":[[113.3273353,23.1448086],[113.3273104,23.1449542],[113.3272707,23.1451699],[113.3272269,23.1454118],[113.3271702,23.1457147]]}},{"type":"Feature","id":440187412,"properties":{"id":"440187412","highway":"trunk_link","name":null,"oneway":true,"lanes":null,"maxheight":null,"maxweight":null,"maxwidth":null},"geometry":{"type":"LineString","coordinates":[[113.3271702,23.1457147],[113.3270883,23.1462335]]}},{"type":"Feature","id":440187413,"properties":{"id":"440187413","highway":"tertiary","name":"天润路","oneway":true,"lanes":null,"maxheight":null,"maxweight":null,"maxwidth":null},"geometry":{"type":"LineString","coordinates":[[113.3339518,23.1459644],[113.334344,23.1459461],[113.3348833,23.1459209],[113.3350861,23.145954]]}},{"type":"Feature","id":440187414,"properties":{"id":"440187414","highway":"tertiary","name":"华粤路","oneway":false,"lanes":null,"maxheight":null,"maxweight":null,"maxwidth":null},"geometry":{"type":"LineString","coordinates":[[113.3339518,23.1459644],[113.3339575,23.1460251]]}},{"type":"Feature","id":440187415,"properties":{"id":"440187415","highway":"secondary","name":"天河北路","oneway":true,"lanes":null,"maxheight":null,"maxweight":null,"maxwidth":null},"geometry":{"type":"LineString","coordinates":[[113.3336929,23.1439999],[113.333013,23.144051],[113.3321305,23.1440829],[113.3312139,23.1441202],[113.3307647,23.144143],[113.3306966,23.1441464],[113.3305625,23.1441532]]}},{"type":"Feature","id":440187416,"properties":{"id":"440187416","highway":"secondary","name":"天河北路","oneway":true,"lanes":null,"maxheight":null,"maxweight":null,"maxwidth":null},"geometry":{"type":"LineString","coordinates":[[113.3293516,23.1442201],[113.3291165,23.1442325],[113.3288388,23.1442432]]}},{"type":"Feature","id":440202873,"properties":{"id":"440202873","highway":"secondary","name":"体育东路","oneway":true,"lanes":null,"maxheight":null,"maxweight":null,"maxwidth":null},"geometry":{"type":"LineString","coordinates":[[113.3230241,23.1439791],[113.3230235,23.1440871]]}},{"type":"Feature","id":440765420,"properties":{"id":"440765420","highway":"trunk_link","name":"天河东路","oneway":true,"lanes":null,"maxheight":null,"maxweight":null,"maxwidth":null},"geometry":{"type":"LineString","coordinates":[[113.3283041,23.1323242],[113.3282449,23.1322024],[113.3282026,23.1320977],[113.3281745,23.131993],[113.3281513,23.1318695],[113.3281344,23.1317597],[113.3281303,23.1317331],[113.3280681,23.131313],[113.3280169,23.1309958],[113.3279843,23.1307937],[113.3279638,23.1306565],[113.3278936,23.1301869],[113.3278872,23.1301479],[113.3278762,23.1300814],[113.3278587,23.1300035],[113.3278329,23.1299311],[113.3278023,23.1298717],[113.327754,23.1298209],[113.3276915,23.1297763],[113.3276234,23.1297457],[113.3275163,23.1297221],[113.3273389,23.1296905]]}},{"type":"Feature","id":440765421,"properties":{"id":"440765421","highway":"trunk_link","name":null,"oneway":true,"lanes":null,"maxheight":null,"maxweight":null,"maxwidth":null},"geometry":{"type":"LineString","coordinates":[[113.3285855,23.1327078],[113.3285719,23.1332486]]}},{"type":"Feature","id":440769410,"properties":{"id":"440769410","highway":"trunk","name":"猎德大道","oneway":true,"lanes":null,"maxheight":null,"maxweight":null,"maxwidth":null},"geometry":{"type":"LineString","coordinates":[[113.3279396,23.1294906],[113.3279305,23.129304],[113.3279246,23.1291816],[113.3279219,23.1289724],[113.3279259,23.1287347],[113.3279564,23.1276597]]}},{"type":"Feature","id":440769414,"properties":{"id":"440769414","highway":"trunk","name":"天河东路","oneway":true,"lanes":null,"maxheight":null,"maxweight":null,"maxwidth":null},"geometry":{"type":"LineString","coordinates":[[113.3280558,23.1291841],[113.3280887,23.129741],[113.3281125,23.1299686],[113.328147,23.1302508],[113.3281905,23.1305876],[113.328239,23.1308995],[113.3282809,23.1312044]]}},{"type":"Feature","id":440769422,"properties":{"id":"440769422","highway":"trunk_link","name":null,"oneway":true,"lanes":null,"maxheight":null,"maxweight":null,"maxwidth":null},"geometry":{"type":"LineString","coordinates":[[113.3284281,23.1176379],[113.3284468,23.1181655]]}},{"type":"Feature","id":440769426,"properties":{"id":"440769426","highway":"trunk_link","name":null,"oneway":true,"lanes":null,"maxheight":null,"maxweight":null,"maxwidth":null},"geometry":{"type":"LineString","coordinates":[[113.3281608,23.1185616],[113.3282242,23.1182608],[113.328284,23.1179691]]}},{"type":"Feature","id":440769428,"properties":{"id":"440769428","highway":"trunk_link","name":null,"oneway":true,"lanes":null,"maxheight":null,"maxweight":null,"maxwidth":null},"geometry":{"type":"LineString","coordinates":[[113.3282524,23.1186498],[113.3282242,23.1182608],[113.3281853,23.117895]]}},{"type":"Feature","id":440769430,"properties":{"id":"440769430","highway":"primary_link","name":null,"oneway":true,"lanes":null,"maxheight":null,"maxweight":null,"maxwidth":null},"geometry":{"type":"LineString","coordinates":[[113.327345,23.1209339],[113.327456,23.120952],[113.3275162,23.1209676],[113.3275631,23.1209964],[113.3275962,23.1210363],[113.3276063,23.1210764],[113.3275949,23.1211279],[113.3275729,23.1211643],[113.3275409,23.1211925]]}},{"type":"Feature","id":440769433,"properties":{"id":"440769433","highway":"primary_link","name":null,"oneway":true,"lanes":null,"maxheight":null,"maxweight":null,"maxwidth":null},"geometry":{"type":"LineString","coordinates":[[113.327345,23.1209339],[113.3276051,23.1208384],[113.327721,23.120786],[113.327793,23.1207367],[113.3278379,23.1206998],[113.3278573,23.1206838],[113.327946,23.1205957],[113.3279974,23.120512],[113.328071,23.1203853]]}},{"type":"Feature","id":440769435,"properties":{"id":"440769435","highway":"primary_link","name":null,"oneway":true,"lanes":null,"maxheight":null,"maxweight":null,"maxwidth":null},"geometry":{"type":"LineString","coordinates":[[113.3284627,23.1202668],[113.3285111,23.1204798],[113.3285672,23.1205807],[113.3286074,23.1206208],[113.3286512,23.1206645],[113.3287656,23.1207332],[113.3288674,23.1207786]]}},{"type":"Feature","id":440769437,"properties":{"id":"440769437","highway":"trunk_link","name":null,"oneway":true,"lanes":"1","maxheight":null,"maxweight":null,"maxwidth":null},"geometry":{"type":"LineString","coordinates":[[113.3284557,23.1203932],[113.3283911,23.1204643],[113.3283491,23.1204922],[113.3282908,23.1205158],[113.3282253,23.1205158],[113.3281483,23.1204804],[113.3281069,23.1204347],[113.328071,23.1203853]]}},{"type":"Feature","id":440769440,"properties":{"id":"440769440","highway":"primary_link","name":null,"oneway":true,"lanes":null,"maxheight":null,"maxweight":null,"maxwidth":null},"geometry":{"type":"LineString","coordinates":[[113.3288793,23.1210568],[113.3286792,23.1211627],[113.3285625,23.1212507],[113.328542,23.1212742],[113.3284878,23.1213366],[113.3284212,23.1214621]]}},{"type":"Feature","id":440769442,"properties":{"id":"440769442","highway":"primary_link","name":null,"oneway":true,"lanes":null,"maxheight":null,"maxweight":null,"maxwidth":null},"geometry":{"type":"LineString","coordinates":[[113.3280282,23.1216646],[113.3279414,23.1215363],[113.327883,23.1214504],[113.3278176,23.1213796],[113.3277918,23.121361],[113.3277429,23.1213259],[113.3276495,23.1212851],[113.3275771,23.1212658],[113.3268616,23.1212416]]}},{"type":"Feature","id":440769445,"properties":{"id":"440769445","highway":"trunk_link","name":null,"oneway":true,"lanes":null,"maxheight":null,"maxweight":null,"maxwidth":null},"geometry":{"type":"LineString","coordinates":[[113.3280282,23.1216646],[113.3280587,23.1215715],[113.3280804,23.1215245],[113.3281154,23.121488],[113.3281832,23.1214643],[113.3282415,23.1214622],[113.3283209,23.1214794],[113.3283645,23.1215178],[113.328414,23.1216149]]}},{"type":"Feature","id":440771222,"properties":{"id":"440771222","highway":"primary_link","name":null,"oneway":true,"lanes":null,"maxheight":null,"maxweight":null,"maxwidth":null},"geometry":{"type":"LineString","coordinates":[[113.3203088,23.1212093],[113.3204458,23.1213555],[113.3205105,23.1214037],[113.3206091,23.1214377],[113.3207354,23.1214448],[113.3207993,23.1214395]]}},{"type":"Feature","id":440771224,"properties":{"id":"440771224","highway":"primary_link","name":null,"oneway":true,"lanes":null,"maxheight":null,"maxweight":null,"maxwidth":null},"geometry":{"type":"LineString","coordinates":[[113.3208339,23.1217557],[113.3207445,23.1217302],[113.3206709,23.1216937],[113.3206499,23.1216733],[113.3206359,23.1216293],[113.3206406,23.121582],[113.3206651,23.1215251],[113.3207235,23.1214789],[113.3207993,23.1214395]]}},{"type":"Feature","id":440771226,"properties":{"id":"440771226","highway":"primary_link","name":null,"oneway":true,"lanes":null,"maxheight":null,"maxweight":null,"maxwidth":null},"geometry":{"type":"LineString","coordinates":[[113.3224543,23.1220431],[113.3223997,23.1218837],[113.322359,23.1218137],[113.3223059,23.12176],[113.3222493,23.121721],[113.3221724,23.1216667],[113.3220257,23.1215837]]}},{"type":"Feature","id":440771228,"properties":{"id":"440771228","highway":"secondary_link","name":null,"oneway":true,"lanes":null,"maxheight":null,"maxweight":null,"maxwidth":null},"geometry":{"type":"LineString","coordinates":[[113.3224543,23.1220431],[113.3224882,23.122009],[113.3225271,23.1219879],[113.3225731,23.1219911],[113.3226193,23.1220188]]}},{"type":"Feature","id":440771230,"properties":{"id":"440771230","highway":"tertiary","name":"兴盛路","oneway":false,"lanes":null,"maxheight":null,"maxweight":null,"maxwidth":null},"geometry":{"type":"LineString","coordinates":[[113.3230891,23.1235443],[113.3240135,23.1234682],[113.3250053,23.1233865],[113.325107,23.1233781],[113.3253244,23.1233594],[113.3254677,23.1233484],[113.3255461,23.1233419],[113.3271707,23.1232081],[113.3275954,23.1231731]]}},{"type":"Feature","id":440771233,"properties":{"id":"440771233","highway":"primary_link","name":null,"oneway":true,"lanes":null,"maxheight":null,"maxweight":null,"maxwidth":null},"geometry":{"type":"LineString","coordinates":[[113.3219935,23.1213386],[113.3221189,23.1212953],[113.3221889,23.1212545],[113.3222753,23.1211794],[113.3223547,23.1210849],[113.3224131,23.1209625],[113.3224499,23.1208443]]}},{"type":"Feature","id":440771235,"properties":{"id":"440771235","highway":"primary_link","name":null,"oneway":true,"lanes":null,"maxheight":null,"maxweight":null,"maxwidth":null},"geometry":{"type":"LineString","coordinates":[[113.3226154,23.1208381],[113.3226793,23.1210162],[113.3227353,23.1210956],[113.3228194,23.1211708],[113.3228918,23.1212116],[113.3230405,23.1212693]]}},{"type":"Feature","id":440771237,"properties":{"id":"440771237","highway":"secondary_link","name":null,"oneway":true,"lanes":null,"maxheight":null,"maxweight":null,"maxwidth":null},"geometry":{"type":"LineString","coordinates":[[113.3226154,23.1208381],[113.3225862,23.1208562],[113.3225419,23.1208708],[113.3224977,23.1208643],[113.3224499,23.1208443]]}},{"type":"Feature","id":440771238,"properties":{"id":"440771238","highway":"primary_link","name":null,"oneway":true,"lanes":null,"maxheight":null,"maxweight":null,"maxwidth":null},"geometry":{"type":"LineString","coordinates":[[113.3231542,23.1215382],[113.3230741,23.1215242],[113.3230357,23.1215023],[113.3230091,23.1214583],[113.3230003,23.1214095],[113.3229985,23.1213558],[113.3230056,23.1213249],[113.3230405,23.1212693]]}},{"type":"Feature","id":440771240,"properties":{"id":"440771240","highway":"primary_link","name":null,"oneway":true,"lanes":null,"maxheight":null,"maxweight":null,"maxwidth":null},"geometry":{"type":"LineString","coordinates":[[113.3231542,23.1215382],[113.3229313,23.1216374],[113.3228357,23.1217057],[113.3227508,23.1217871],[113.3226994,23.1218571],[113.3226193,23.1220188]]}},{"type":"Feature","id":440774131,"properties":{"id":"440774131","highway":"secondary_link","name":null,"oneway":true,"lanes":null,"maxheight":null,"maxweight":null,"maxwidth":null},"geometry":{"type":"LineString","coordinates":[[113.3220201,23.129703],[113.3221389,23.1296655],[113.3222791,23.1296001],[113.3223201,23.1295721],[113.322397,23.1295197],[113.3225216,23.1293672]]}},{"type":"Feature","id":440774133,"properties":{"id":"440774133","highway":"secondary_link","name":null,"oneway":true,"lanes":null,"maxheight":null,"maxweight":null,"maxwidth":null},"geometry":{"type":"LineString","coordinates":[[113.3220201,23.129703],[113.3221082,23.1297281],[113.3221386,23.1297539],[113.3221689,23.1298054],[113.3221783,23.1298527],[113.3221689,23.1299149],[113.3221432,23.1299643],[113.3220642,23.1300258]]}},{"type":"Feature","id":440881117,"properties":{"id":"440881117","highway":"primary","name":"林和西路","oneway":true,"lanes":null,"maxheight":null,"maxweight":null,"maxwidth":null},"geometry":{"type":"LineString","coordinates":[[113.3184629,23.145588],[113.3184225,23.1454491],[113.3184274,23.1452189],[113.3184263,23.1449758],[113.3184254,23.1448195],[113.3184243,23.1446119],[113.3184236,23.1443746],[113.3184231,23.1441979],[113.3184246,23.1440783],[113.318426,23.1440348],[113.3184277,23.1438854]]}},{"type":"Feature","id":440881118,"properties":{"id":"440881118","highway":"secondary","name":"林乐路","oneway":true,"lanes":null,"maxheight":null,"maxweight":null,"maxwidth":null},"geometry":{"type":"LineString","coordinates":[[113.3200499,23.1457083],[113.3201022,23.1457177],[113.3201498,23.145738],[113.3201825,23.1457643],[113.320199,23.1457898],[113.3202081,23.1458187],[113.320195,23.1459267]]}},{"type":"Feature","id":440881184,"properties":{"id":"440881184","highway":"primary","name":"天河北路","oneway":true,"lanes":null,"maxheight":null,"maxweight":null,"maxwidth":null},"geometry":{"type":"LineString","coordinates":[[113.3203134,23.1438583],[113.3210165,23.1438852],[113.321493,23.1439071],[113.3217316,23.1439181],[113.3223403,23.1439517]]}},{"type":"Feature","id":440881185,"properties":{"id":"440881185","highway":"primary","name":"天河北路","oneway":true,"lanes":null,"maxheight":null,"maxweight":null,"maxwidth":null},"geometry":{"type":"LineString","coordinates":[[113.3223403,23.1439517],[113.3224929,23.1439657],[113.3226403,23.1439737],[113.3228202,23.1439797],[113.322873,23.1439799],[113.3229497,23.1439802],[113.3230241,23.1439791]]}},{"type":"Feature","id":440881186,"properties":{"id":"440881186","highway":"unclassified","name":"体育东路辅路","oneway":true,"lanes":null,"maxheight":null,"maxweight":null,"maxwidth":null},"geometry":{"type":"LineString","coordinates":[[113.3228657,23.143627],[113.3228632,23.1433819],[113.322859,23.1429171],[113.3228584,23.1427028],[113.3228578,23.1425075],[113.3228577,23.1424911],[113.3228581,23.1422848],[113.3228627,23.141556],[113.3228547,23.1409596],[113.3228546,23.1406581]]}},{"type":"Feature","id":440881187,"properties":{"id":"440881187","highway":"unclassified","name":null,"oneway":false,"lanes":null,"maxheight":null,"maxweight":null,"maxwidth":null},"geometry":{"type":"LineString","coordinates":[[113.3228444,23.1376316],[113.322951,23.1376285]]}},{"type":"Feature","id":440881188,"properties":{"id":"440881188","highway":"unclassified","name":"体育东路辅路","oneway":true,"lanes":null,"maxheight":null,"maxweight":null,"maxwidth":null},"geometry":{"type":"LineString","coordinates":[[113.3228444,23.1376316],[113.3228426,23.1373983],[113.3228369,23.1367991],[113.3228354,23.1366571],[113.3228313,23.1365152],[113.322828,23.1364347],[113.3228191,23.1363377],[113.3228008,23.1362923],[113.3227769,23.1362508],[113.3227505,23.1362259],[113.322714,23.1362027],[113.3227042,23.1361981],[113.3226805,23.1361871],[113.3226378,23.1361715]]}},{"type":"Feature","id":440881189,"properties":{"id":"440881189","highway":"secondary","name":"体育东路","oneway":true,"lanes":null,"maxheight":null,"maxweight":null,"maxwidth":null},"geometry":{"type":"LineString","coordinates":[[113.322951,23.1376285],[113.3229497,23.1368516],[113.3229297,23.136333],[113.3229248,23.1361506],[113.3229242,23.1360632]]}},{"type":"Feature","id":440881469,"properties":{"id":"440881469","highway":"unclassified","name":"体育西横街","oneway":false,"lanes":null,"maxheight":null,"maxweight":null,"maxwidth":null},"geometry":{"type":"LineString","coordinates":[[113.3225937,23.131154],[113.3224413,23.1311632],[113.3221983,23.1311775],[113.3220438,23.1311867],[113.3214624,23.1312212],[113.3209858,23.1312476],[113.3209661,23.1312487],[113.3199613,23.1313045],[113.3197134,23.1313376],[113.3194992,23.1313662],[113.3191232,23.1314164],[113.3190426,23.1314272],[113.3190141,23.1314364],[113.3182132,23.1316937],[113.3181958,23.1316993],[113.3174497,23.131939],[113.316984,23.1319433],[113.3169207,23.1319439],[113.3165097,23.1319477],[113.316226,23.1319504],[113.3162018,23.1319506],[113.3161476,23.1319542]]}},{"type":"Feature","id":440881470,"properties":{"id":"440881470","highway":"secondary_link","name":null,"oneway":true,"lanes":null,"maxheight":null,"maxweight":null,"maxwidth":null},"geometry":{"type":"LineString","coordinates":[[113.3225101,23.1301964],[113.3224851,23.1301726],[113.3224115,23.1301317],[113.3224044,23.1301278],[113.3223363,23.1300941],[113.3222396,23.1300647],[113.3220642,23.1300258]]}},{"type":"Feature","id":440881471,"properties":{"id":"440881471","highway":"secondary","name":"体育东路","oneway":true,"lanes":null,"maxheight":null,"maxweight":null,"maxwidth":null},"geometry":{"type":"LineString","coordinates":[[113.3227049,23.1311527],[113.3226903,23.1309481],[113.3226536,23.1305118],[113.3225866,23.1301097],[113.3225672,23.1299929],[113.3225511,23.1296708]]}},{"type":"Feature","id":440881563,"properties":{"id":"440881563","highway":"secondary","name":"金穗路","oneway":true,"lanes":null,"maxheight":null,"maxweight":null,"maxwidth":null},"geometry":{"type":"LineString","coordinates":[[113.3225048,23.1257403],[113.3226272,23.1257293]]}},{"type":"Feature","id":440881629,"properties":{"id":"440881629","highway":"secondary","name":"冼村路","oneway":true,"lanes":null,"maxheight":null,"maxweight":null,"maxwidth":null},"geometry":{"type":"LineString","coordinates":[[113.3224543,23.1220431],[113.3224454,23.1215668]]}},{"type":"Feature","id":440881630,"properties":{"id":"440881630","highway":"primary_link","name":null,"oneway":true,"lanes":null,"maxheight":null,"maxweight":null,"maxwidth":null},"geometry":{"type":"LineString","coordinates":[[113.3220257,23.1215837],[113.3218912,23.1216469],[113.3215703,23.1216865],[113.3212387,23.1217154],[113.3209132,23.1217463],[113.3208339,23.1217557]]}},{"type":"Feature","id":440881631,"properties":{"id":"440881631","highway":"primary_link","name":null,"oneway":true,"lanes":null,"maxheight":null,"maxweight":null,"maxwidth":null},"geometry":{"type":"LineString","coordinates":[[113.3208339,23.1217557],[113.3207554,23.1217649],[113.3207065,23.121772],[113.320663,23.1217791],[113.3206321,23.1217898],[113.3206091,23.1218046],[113.3205961,23.1218238],[113.3205658,23.1218848]]}},{"type":"Feature","id":440881632,"properties":{"id":"440881632","highway":"primary_link","name":null,"oneway":true,"lanes":null,"maxheight":null,"maxweight":null,"maxwidth":null},"geometry":{"type":"LineString","coordinates":[[113.3207993,23.1214395],[113.3209234,23.1214292],[113.3210116,23.1214214],[113.3214092,23.1213865],[113.3218045,23.1213555],[113.3219935,23.1213386],[113.3223607,23.1213087],[113.3224495,23.121302]]}},{"type":"Feature","id":440881635,"properties":{"id":"440881635","highway":"trunk_link","name":"猎德大道","oneway":true,"lanes":null,"maxheight":null,"maxweight":null,"maxwidth":null},"geometry":{"type":"LineString","coordinates":[[113.328071,23.1203853],[113.3281011,23.1194347]]}},{"type":"Feature","id":440897023,"properties":{"id":"440897023","highway":"trunk","name":"花城大道隧道","oneway":true,"lanes":null,"maxheight":null,"maxweight":null,"maxwidth":null},"geometry":{"type":"LineString","coordinates":[[113.328386,23.1187847],[113.3283809,23.1189591],[113.3283266,23.120369]]}},{"type":"Feature","id":440897026,"properties":{"id":"440897026","highway":"trunk_link","name":"猎德大道","oneway":true,"lanes":"5","maxheight":null,"maxweight":null,"maxwidth":null},"geometry":{"type":"LineString","coordinates":[[113.328483,23.1192572],[113.3284673,23.1200807],[113.3284627,23.1202668],[113.3284557,23.1203932]]}},{"type":"Feature","id":440897028,"properties":{"id":"440897028","highway":"trunk_link","name":"猎德大道","oneway":true,"lanes":null,"maxheight":null,"maxweight":null,"maxwidth":null},"geometry":{"type":"LineString","coordinates":[[113.3284299,23.1210979],[113.3284269,23.1212255],[113.3284212,23.1214621],[113.328414,23.1216149]]}},{"type":"Feature","id":440897030,"properties":{"id":"440897030","highway":"primary","name":"花城大道","oneway":true,"lanes":"3","maxheight":null,"maxweight":null,"maxwidth":null},"geometry":{"type":"LineString","coordinates":[[113.3284299,23.1210979],[113.3280421,23.1211465]]}},{"type":"Feature","id":440897034,"properties":{"id":"440897034","highway":"primary","name":"花城大道","oneway":true,"lanes":"3","maxheight":null,"maxweight":null,"maxwidth":null},"geometry":{"type":"LineString","coordinates":[[113.3231542,23.1215382],[113.3226258,23.1215595]]}},{"type":"Feature","id":440897382,"properties":{"id":"440897382","highway":"secondary","name":"冼村路","oneway":true,"lanes":null,"maxheight":null,"maxweight":null,"maxwidth":null},"geometry":{"type":"LineString","coordinates":[[113.3226304,23.1226437],[113.3226405,23.1231874],[113.3226425,23.1232986],[113.3226486,23.1236278],[113.3226544,23.1238832],[113.3226437,23.1248695],[113.3226526,23.125078],[113.3226446,23.1254785],[113.3226395,23.1255656],[113.3226272,23.1257293]]}},{"type":"Feature","id":440897780,"properties":{"id":"440897780","highway":"primary","name":"天河北路","oneway":true,"lanes":null,"maxheight":null,"maxweight":null,"maxwidth":null},"geometry":{"type":"LineString","coordinates":[[113.3230235,23.1440871],[113.322873,23.1440906],[113.322823,23.1440906],[113.3227124,23.1440894],[113.3225713,23.1440869],[113.3219661,23.1440511],[113.3216443,23.1440324],[113.3215356,23.1440261],[113.3212783,23.1440086],[113.3208328,23.1439913],[113.3207563,23.1439879],[113.3206685,23.1439862],[113.320533,23.1439848],[113.3203583,23.1439827]]}},{"type":"Feature","id":440897781,"properties":{"id":"440897781","highway":"primary","name":"天河北路","oneway":true,"lanes":null,"maxheight":null,"maxweight":null,"maxwidth":null},"geometry":{"type":"LineString","coordinates":[[113.3203583,23.1439827],[113.3202699,23.1439787],[113.3201581,23.1439752],[113.3200707,23.143971],[113.320033,23.1439692],[113.3198928,23.1439614],[113.3197337,23.1439506],[113.3195794,23.1439385],[113.3194044,23.1439263],[113.3192603,23.1439157],[113.3191218,23.1439091],[113.3190236,23.1439063],[113.3186908,23.1438966],[113.3185191,23.1438916]]}},{"type":"Feature","id":440897782,"properties":{"id":"440897782","highway":"primary","name":"林和中路","oneway":true,"lanes":null,"maxheight":null,"maxweight":null,"maxwidth":null},"geometry":{"type":"LineString","coordinates":[[113.3203583,23.1439827],[113.3203569,23.1442065],[113.3203557,23.1443872],[113.3203512,23.145317],[113.3203432,23.145411],[113.3203287,23.1455026],[113.3203116,23.1456002],[113.320195,23.1459267]]}},{"type":"Feature","id":441997991,"properties":{"id":"441997991","highway":"secondary","name":"黄埔大道西","oneway":true,"lanes":null,"maxheight":null,"maxweight":null,"maxwidth":null},"geometry":{"type":"LineString","coordinates":[[113.3183932,23.1299838],[113.318654,23.1299403],[113.3189038,23.1299076],[113.319104,23.1298902],[113.3193559,23.1298679],[113.31944,23.1298604],[113.3198381,23.1298286],[113.3203729,23.1297888],[113.3220201,23.129703]]}},{"type":"Feature","id":441997992,"properties":{"id":"441997992","highway":"primary","name":"黄埔大道西","oneway":true,"lanes":null,"maxheight":null,"maxweight":null,"maxwidth":null},"geometry":{"type":"LineString","coordinates":[[113.3120618,23.1311302],[113.3124717,23.13093],[113.3126615,23.130839],[113.3128103,23.130764],[113.312953,23.1306877],[113.3130981,23.1306066],[113.3132515,23.1305243],[113.3133609,23.1304674],[113.3134716,23.1304122],[113.3135751,23.1303661],[113.3136729,23.1303305],[113.3137555,23.1303037],[113.3138862,23.1302725],[113.3140256,23.1302457],[113.3142306,23.1302145]]}},{"type":"Feature","id":441997993,"properties":{"id":"441997993","highway":"trunk_link","name":null,"oneway":true,"lanes":null,"maxheight":null,"maxweight":null,"maxwidth":null},"geometry":{"type":"LineString","coordinates":[[113.3142306,23.1302145],[113.3144745,23.1301678],[113.3146109,23.1301464],[113.3147408,23.1301331],[113.3151307,23.1300823]]}},{"type":"Feature","id":441997994,"properties":{"id":"441997994","highway":"secondary_link","name":null,"oneway":true,"lanes":null,"maxheight":null,"maxweight":null,"maxwidth":null},"geometry":{"type":"LineString","coordinates":[[113.3267788,23.1294357],[113.3268213,23.1294603],[113.3268535,23.1294826],[113.3268795,23.1295031],[113.3269014,23.1295361],[113.3269132,23.1295747],[113.3269096,23.1296236],[113.3268935,23.1296651],[113.3268708,23.1296961],[113.3268441,23.1297196],[113.3268089,23.1297313]]}},{"type":"Feature","id":441997995,"properties":{"id":"441997995","highway":"secondary","name":"体育东路","oneway":true,"lanes":"4","maxheight":null,"maxweight":null,"maxwidth":null},"geometry":{"type":"LineString","coordinates":[[113.3227401,23.1303279],[113.3227612,23.1307601],[113.3227666,23.130871],[113.3228108,23.1314375],[113.3228341,23.1317356],[113.3228397,23.1318301],[113.3228765,23.1326218],[113.3229175,23.1333223],[113.3229602,23.1341425],[113.3229698,23.1343281],[113.3229999,23.1343967]]}},{"type":"Feature","id":441997996,"properties":{"id":"441997996","highway":"secondary","name":"冼村路","oneway":true,"lanes":null,"maxheight":null,"maxweight":null,"maxwidth":null},"geometry":{"type":"LineString","coordinates":[[113.3225511,23.1296708],[113.3225482,23.1296277],[113.3225216,23.1293672]]}},{"type":"Feature","id":442010287,"properties":{"id":"442010287","highway":"primary","name":"黄埔大道隧道","oneway":true,"lanes":null,"maxheight":null,"maxweight":null,"maxwidth":null},"geometry":{"type":"LineString","coordinates":[[113.3183932,23.1299838],[113.3192335,23.1299473],[113.3197871,23.1299251],[113.3202725,23.1299068],[113.3206529,23.1298822],[113.3219782,23.1298038]]}},{"type":"Feature","id":442010288,"properties":{"id":"442010288","highway":"primary","name":"黄埔大道西","oneway":true,"lanes":null,"maxheight":null,"maxweight":null,"maxwidth":null},"geometry":{"type":"LineString","coordinates":[[113.3320839,23.12907],[113.3331762,23.1290004],[113.3340216,23.1289387],[113.334147,23.1289296]]}},{"type":"Feature","id":442010289,"properties":{"id":"442010289","highway":"primary","name":"黄埔大道隧道","oneway":true,"lanes":null,"maxheight":"4.8","maxweight":null,"maxwidth":null},"geometry":{"type":"LineString","coordinates":[[113.3329141,23.1292537],[113.3313367,23.1293024],[113.3308451,23.1293325],[113.3304832,23.1293577],[113.3300142,23.1293899],[113.329644,23.1294165],[113.3287953,23.1294763]]}},{"type":"Feature","id":442013840,"properties":{"id":"442013840","highway":"service","name":null,"oneway":true,"lanes":null,"maxheight":null,"maxweight":null,"maxwidth":null},"geometry":{"type":"LineString","coordinates":[[113.3182089,23.1360709],[113.3182467,23.136039],[113.3182719,23.1360204],[113.318295,23.1360056],[113.3183268,23.1359873],[113.3183711,23.1359663],[113.318412,23.1359525],[113.3184614,23.1359431],[113.3185179,23.1359362],[113.3185859,23.1359314],[113.318659,23.1359289],[113.3187217,23.1359287],[113.3187714,23.1359299],[113.3188131,23.135932],[113.3188403,23.135936],[113.3188651,23.1359442],[113.3188923,23.1359567],[113.3189229,23.1359738],[113.3190285,23.1360398]]}},{"type":"Feature","id":442013841,"properties":{"id":"442013841","highway":"trunk","name":"天河路","oneway":true,"lanes":"3","maxheight":null,"maxweight":null,"maxwidth":null},"geometry":{"type":"LineString","coordinates":[[113.3182089,23.1360709],[113.3190285,23.1360398]]}},{"type":"Feature","id":442013842,"properties":{"id":"442013842","highway":"trunk","name":"天河路","oneway":true,"lanes":null,"maxheight":null,"maxweight":null,"maxwidth":null},"geometry":{"type":"LineString","coordinates":[[113.3197391,23.1360474],[113.3203416,23.1360287],[113.3207508,23.1360144]]}},{"type":"Feature","id":442014415,"properties":{"id":"442014415","highway":"trunk","name":"天河路","oneway":true,"lanes":null,"maxheight":null,"maxweight":null,"maxwidth":null},"geometry":{"type":"LineString","coordinates":[[113.3190285,23.1360398],[113.319158,23.1360361],[113.3192889,23.1360364],[113.3194198,23.1360365],[113.3195714,23.1360395],[113.3197391,23.1360474]]}},{"type":"Feature","id":442014416,"properties":{"id":"442014416","highway":"trunk","name":"天河路","oneway":true,"lanes":null,"maxheight":null,"maxweight":null,"maxwidth":null},"geometry":{"type":"LineString","coordinates":[[113.3229233,23.1359249],[113.3230515,23.1359167]]}},{"type":"Feature","id":442014418,"properties":{"id":"442014418","highway":"secondary","name":"冼村路","oneway":true,"lanes":null,"maxheight":null,"maxweight":null,"maxwidth":null},"geometry":{"type":"LineString","coordinates":[[113.3225487,23.1167087],[113.3225445,23.1167277],[113.3225376,23.1169148],[113.3225743,23.1180246],[113.3225838,23.1189992],[113.3225907,23.1197051]]}},{"type":"Feature","id":442014419,"properties":{"id":"442014419","highway":"secondary","name":"冼村路","oneway":true,"lanes":null,"maxheight":null,"maxweight":null,"maxwidth":null},"geometry":{"type":"LineString","coordinates":[[113.3226154,23.1208381],[113.3226266,23.1212879]]}},{"type":"Feature","id":442014420,"properties":{"id":"442014420","highway":"primary","name":"花城大道","oneway":true,"lanes":"3","maxheight":null,"maxweight":null,"maxwidth":null},"geometry":{"type":"LineString","coordinates":[[113.3230405,23.1212693],[113.3235097,23.1212304],[113.3243246,23.1211628],[113.3250791,23.1211003],[113.3251227,23.1210967],[113.325247,23.1210871],[113.3253214,23.1210813]]}},{"type":"Feature","id":442016277,"properties":{"id":"442016277","highway":"secondary","name":"冼村路","oneway":true,"lanes":null,"maxheight":null,"maxweight":null,"maxwidth":null},"geometry":{"type":"LineString","coordinates":[[113.322677,23.1294336],[113.3226898,23.1296209],[113.3226901,23.1296613]]}},{"type":"Feature","id":442016279,"properties":{"id":"442016279","highway":"secondary","name":"黄埔大道西","oneway":true,"lanes":null,"maxheight":null,"maxweight":null,"maxwidth":null},"geometry":{"type":"LineString","coordinates":[[113.3267788,23.1294357],[113.3270222,23.1294048],[113.3277631,23.1293109]]}},{"type":"Feature","id":442016280,"properties":{"id":"442016280","highway":"secondary","name":"黄埔大道西","oneway":true,"lanes":null,"maxheight":null,"maxweight":null,"maxwidth":null},"geometry":{"type":"LineString","coordinates":[[113.3268089,23.1297313],[113.3261829,23.1297675],[113.32613,23.1297712],[113.3253784,23.129823],[113.3252046,23.1298332],[113.3247342,23.1298607],[113.3242278,23.1298903],[113.3237065,23.1299208],[113.3233659,23.1299407]]}},{"type":"Feature","id":442016281,"properties":{"id":"442016281","highway":"primary","name":"黄埔大道西","oneway":true,"lanes":null,"maxheight":null,"maxweight":null,"maxwidth":null},"geometry":{"type":"LineString","coordinates":[[113.3164875,23.1303511],[113.3161206,23.130388],[113.3157656,23.130413]]}},{"type":"Feature","id":442016955,"properties":{"id":"442016955","highway":"unclassified","name":null,"oneway":false,"lanes":null,"maxheight":null,"maxweight":null,"maxwidth":null},"geometry":{"type":"LineString","coordinates":[[113.3161476,23.1319542],[113.3160651,23.1319568]]}},{"type":"Feature","id":442016956,"properties":{"id":"442016956","highway":"unclassified","name":null,"oneway":true,"lanes":null,"maxheight":null,"maxweight":null,"maxwidth":null},"geometry":{"type":"LineString","coordinates":[[113.3161476,23.1319542],[113.3161541,23.1320816],[113.3161714,23.1324149],[113.3161921,23.1327872],[113.3161986,23.1329139]]}},{"type":"Feature","id":442016957,"properties":{"id":"442016957","highway":"secondary","name":"体育西路","oneway":true,"lanes":null,"maxheight":null,"maxweight":null,"maxwidth":null},"geometry":{"type":"LineString","coordinates":[[113.3160651,23.1319568],[113.3160726,23.1320844],[113.3160888,23.1324181],[113.3161137,23.1328917],[113.3161276,23.1332005],[113.3161432,23.1335199],[113.3161595,23.1337891]]}},{"type":"Feature","id":442084725,"properties":{"id":"442084725","highway":"secondary_link","name":null,"oneway":true,"lanes":null,"maxheight":null,"maxweight":null,"maxwidth":null},"geometry":{"type":"LineString","coordinates":[[113.3243687,23.1255517],[113.3246968,23.1254457],[113.3248222,23.1254299],[113.3250182,23.1254096],[113.3251749,23.1253925],[113.3253341,23.1253779],[113.3258723,23.1253373],[113.3265826,23.125284],[113.3266761,23.1252771],[113.3270757,23.125245],[113.3274572,23.1252114],[113.3276128,23.1251976],[113.3276665,23.125191],[113.3277248,23.1251838],[113.3277878,23.1251679],[113.3278397,23.1251454],[113.3279271,23.1250757],[113.328034,23.1249865]]}},{"type":"Feature","id":442084726,"properties":{"id":"442084726","highway":"secondary","name":"猎德大道-金穗路隧道","oneway":true,"lanes":null,"maxheight":null,"maxweight":null,"maxwidth":null},"geometry":{"type":"LineString","coordinates":[[113.3243687,23.1255517],[113.3249437,23.1255066],[113.3251165,23.1255031],[113.3253019,23.1254971],[113.3254531,23.1254878],[113.325614,23.1254759],[113.3274141,23.1253257]]}},{"type":"Feature","id":442084727,"properties":{"id":"442084727","highway":"secondary_link","name":"金穗路","oneway":true,"lanes":null,"maxheight":null,"maxweight":null,"maxwidth":null},"geometry":{"type":"LineString","coordinates":[[113.3281938,23.1246576],[113.3282914,23.1248943],[113.3283267,23.1249619],[113.3283597,23.1250048],[113.3284024,23.1250373],[113.3284476,23.1250586],[113.3284969,23.1250678],[113.3285438,23.1250676],[113.3286482,23.1250581],[113.3289011,23.1250355],[113.3291329,23.125012],[113.3294849,23.12497],[113.3300897,23.1248957],[113.3307377,23.1248131],[113.3310259,23.1247744]]}},{"type":"Feature","id":442084728,"properties":{"id":"442084728","highway":"secondary","name":"金穗路","oneway":true,"lanes":null,"maxheight":null,"maxweight":null,"maxwidth":null},"geometry":{"type":"LineString","coordinates":[[113.3321534,23.1246529],[113.3323279,23.1246249],[113.3324633,23.1246051],[113.3326355,23.1245858],[113.3328634,23.1245686],[113.333136,23.124558],[113.3335751,23.1245435],[113.3347896,23.1244938],[113.3352628,23.1244737],[113.3367018,23.1244208],[113.3368829,23.1244143],[113.3370313,23.1244134],[113.3371543,23.1244137],[113.3374174,23.1244201]]}},{"type":"Feature","id":442084729,"properties":{"id":"442084729","highway":"unclassified","name":null,"oneway":true,"lanes":null,"maxheight":null,"maxweight":null,"maxwidth":null},"geometry":{"type":"LineString","coordinates":[[113.3384608,23.1246359],[113.3380402,23.1246614]]}},{"type":"Feature","id":442084730,"properties":{"id":"442084730","highway":"secondary_link","name":"金穗路","oneway":true,"lanes":null,"maxheight":null,"maxweight":null,"maxwidth":null},"geometry":{"type":"LineString","coordinates":[[113.3320666,23.1249654],[113.331531,23.1250426],[113.3313937,23.1250628]]}},{"type":"Feature","id":442084731,"properties":{"id":"442084731","highway":"secondary","name":"猎德大道-金穗路隧道","oneway":true,"lanes":null,"maxheight":null,"maxweight":null,"maxwidth":null},"geometry":{"type":"LineString","coordinates":[[113.3320666,23.1249654],[113.3318651,23.1249566],[113.3317298,23.1249557],[113.331478,23.1249685],[113.3313926,23.1249741]]}},{"type":"Feature","id":442084732,"properties":{"id":"442084732","highway":"secondary_link","name":"金穗路","oneway":true,"lanes":null,"maxheight":null,"maxweight":null,"maxwidth":null},"geometry":{"type":"LineString","coordinates":[[113.3279973,23.126035],[113.3279318,23.1257984],[113.3279064,23.1256861],[113.3278743,23.125627],[113.3278287,23.125582],[113.3277663,23.1255432],[113.3277045,23.1255236],[113.3276766,23.1255201],[113.3276239,23.1255134],[113.3275279,23.1255171],[113.3271787,23.1255492],[113.3266697,23.1255908],[113.3263399,23.1256178],[113.3257291,23.1256708],[113.3253762,23.1256952],[113.325213,23.1257065],[113.3249629,23.1257236],[113.3247838,23.1257314],[113.3243783,23.1257374]]}},{"type":"Feature","id":442084733,"properties":{"id":"442084733","highway":"secondary","name":"金穗路","oneway":true,"lanes":null,"maxheight":null,"maxweight":null,"maxwidth":null},"geometry":{"type":"LineString","coordinates":[[113.3243783,23.1257374],[113.3241433,23.1257585],[113.3237994,23.1257833],[113.3234354,23.1258064],[113.3232961,23.1258151],[113.3229066,23.1258313],[113.3228371,23.1258383],[113.3226364,23.1258434]]}},{"type":"Feature","id":442084734,"properties":{"id":"442084734","highway":"secondary","name":"猎德大道-金穗路隧道","oneway":true,"lanes":null,"maxheight":null,"maxweight":null,"maxwidth":null},"geometry":{"type":"LineString","coordinates":[[113.3274264,23.1254127],[113.3269167,23.1254578],[113.3264621,23.1254931],[113.3260786,23.1255236],[113.3257377,23.1255529],[113.325484,23.1255747],[113.3253119,23.1255923],[113.3251448,23.1256116],[113.3249498,23.1256415],[113.3247529,23.1256717],[113.3243783,23.1257374]]}},{"type":"Feature","id":442084735,"properties":{"id":"442084735","highway":"secondary","name":"猎德大道-金穗路隧道","oneway":true,"lanes":null,"maxheight":null,"maxweight":null,"maxwidth":null},"geometry":{"type":"LineString","coordinates":[[113.3288909,23.1252576],[113.3274264,23.1254127]]}},{"type":"Feature","id":442084736,"properties":{"id":"442084736","highway":"secondary_link","name":null,"oneway":true,"lanes":null,"maxheight":null,"maxweight":null,"maxwidth":null},"geometry":{"type":"LineString","coordinates":[[113.3274572,23.1252114],[113.3275115,23.1252303],[113.3275523,23.1252571],[113.3275822,23.1252885],[113.3276052,23.1253356],[113.3276078,23.1253781],[113.3275942,23.1254347],[113.3275634,23.1254842],[113.3275279,23.1255171]]}},{"type":"Feature","id":442084737,"properties":{"id":"442084737","highway":"secondary_link","name":null,"oneway":true,"lanes":null,"maxheight":null,"maxweight":null,"maxwidth":null},"geometry":{"type":"LineString","coordinates":[[113.3289272,23.125394],[113.3287454,23.1253759],[113.3287095,23.1253288],[113.3286993,23.125258],[113.3287172,23.1251849],[113.3287659,23.125133],[113.3289011,23.1250355]]}},{"type":"Feature","id":442085400,"properties":{"id":"442085400","highway":"tertiary","name":null,"oneway":true,"lanes":null,"maxheight":null,"maxweight":null,"maxwidth":null},"geometry":{"type":"LineString","coordinates":[[113.3275954,23.1231731],[113.3277434,23.1231411],[113.3278122,23.1231113],[113.3278306,23.1231034],[113.3278947,23.1230491],[113.3279885,23.1229549]]}},{"type":"Feature","id":442085401,"properties":{"id":"442085401","highway":"tertiary","name":null,"oneway":true,"lanes":null,"maxheight":null,"maxweight":null,"maxwidth":null},"geometry":{"type":"LineString","coordinates":[[113.3279871,23.1234529],[113.3279254,23.1233405],[113.3278782,23.1232798],[113.3278331,23.1232316],[113.3278185,23.1232212],[113.3277869,23.1231986],[113.3277311,23.1231798],[113.3275954,23.1231731]]}},{"type":"Feature","id":442087558,"properties":{"id":"442087558","highway":"trunk","name":"猎德大道","oneway":true,"lanes":null,"maxheight":null,"maxweight":null,"maxwidth":null},"geometry":{"type":"LineString","coordinates":[[113.3282026,23.1242077],[113.3282032,23.1243928],[113.3281938,23.1246576],[113.3281874,23.1248079],[113.3281699,23.1251935],[113.3281378,23.1259225],[113.3281342,23.126108],[113.3281323,23.1262026],[113.3281239,23.1263657]]}},{"type":"Feature","id":442087559,"properties":{"id":"442087559","highway":"trunk","name":"花城大道隧道","oneway":true,"lanes":null,"maxheight":null,"maxweight":null,"maxwidth":null},"geometry":{"type":"LineString","coordinates":[[113.3280542,23.1241956],[113.3281606,23.1216348]]}},{"type":"Feature","id":442141003,"properties":{"id":"442141003","highway":"trunk_link","name":null,"oneway":true,"lanes":null,"maxheight":null,"maxweight":null,"maxwidth":null},"geometry":{"type":"LineString","coordinates":[[113.328352,23.1317271],[113.3284803,23.1319327]]}},{"type":"Feature","id":442150282,"properties":{"id":"442150282","highway":"tertiary","name":"翰景路","oneway":true,"lanes":null,"maxheight":null,"maxweight":null,"maxwidth":null},"geometry":{"type":"LineString","coordinates":[[113.3407107,23.1469737],[113.3407514,23.1469697],[113.3408528,23.1469557],[113.3412921,23.1468741],[113.3420458,23.1467341],[113.3436926,23.1465286],[113.3438226,23.1465124],[113.3447598,23.1464914],[113.3455727,23.1465248],[113.3458178,23.1465423],[113.3458822,23.1465441],[113.3460792,23.1465503],[113.3461157,23.1465525],[113.3469355,23.1466022],[113.3476241,23.1466449],[113.3483887,23.1466905],[113.3493666,23.1467428],[113.3497107,23.1467616],[113.3499099,23.1467706],[113.350032,23.1467722],[113.3501987,23.1467713],[113.3504671,23.1467583],[113.3508301,23.1467321],[113.3511221,23.1467048],[113.3514014,23.1466743],[113.351681,23.1466359],[113.3519759,23.1465922],[113.3522881,23.1465403],[113.3526176,23.1464827],[113.3529256,23.1464236],[113.3531786,23.1463737],[113.3532307,23.1463641],[113.3534854,23.146317],[113.3537034,23.1462723],[113.3538497,23.1462386],[113.3539092,23.1462203],[113.3539361,23.1462042],[113.3539548,23.1461795],[113.3539641,23.1461452],[113.3539641,23.1461001],[113.3539396,23.1459842],[113.3538987,23.1458242],[113.3538462,23.1456202],[113.3538147,23.1454871],[113.3538061,23.145447]]}},{"type":"Feature","id":442150283,"properties":{"id":"442150283","highway":"trunk_link","name":null,"oneway":true,"lanes":null,"maxheight":null,"maxweight":null,"maxwidth":null},"geometry":{"type":"LineString","coordinates":[[113.342165,23.147752],[113.3415162,23.147858],[113.3412048,23.1479116]]}},{"type":"Feature","id":442150284,"properties":{"id":"442150284","highway":"trunk_link","name":null,"oneway":true,"lanes":null,"maxheight":null,"maxweight":null,"maxwidth":null},"geometry":{"type":"LineString","coordinates":[[113.3415762,23.1485448],[113.3416155,23.1484873],[113.3416409,23.1484314],[113.3416631,23.1483573],[113.3416676,23.1482985],[113.3416585,23.1482061],[113.3416162,23.1481115],[113.3415389,23.148018],[113.3414536,23.1479545],[113.3413824,23.1479302],[113.3412869,23.1479189],[113.3412048,23.1479116]]}},{"type":"Feature","id":442151578,"properties":{"id":"442151578","highway":"secondary","name":"五山路","oneway":true,"lanes":null,"maxheight":null,"maxweight":null,"maxwidth":null},"geometry":{"type":"LineString","coordinates":[[113.3405447,23.1445728],[113.3405453,23.1443417]]}},{"type":"Feature","id":442151579,"properties":{"id":"442151579","highway":"secondary","name":"五山路","oneway":true,"lanes":"2","maxheight":null,"maxweight":null,"maxwidth":null},"geometry":{"type":"LineString","coordinates":[[113.3410395,23.1494027],[113.3409941,23.1492844],[113.3409371,23.1490932],[113.3408909,23.1489147],[113.3408524,23.1487263],[113.3407985,23.1484416],[113.3407261,23.148079],[113.3406814,23.1478643],[113.3406254,23.1475736],[113.3406009,23.147451],[113.3405806,23.1473364],[113.3405631,23.1472113],[113.3405488,23.1471025],[113.3405283,23.146934],[113.3405186,23.1468293],[113.340508,23.1466397],[113.3405048,23.1464106],[113.3405109,23.1461248],[113.3405196,23.1455784],[113.3405264,23.145199],[113.3405447,23.1445728]]}},{"type":"Feature","id":442232081,"properties":{"id":"442232081","highway":"trunk","name":"猎德大道","oneway":true,"lanes":null,"maxheight":null,"maxweight":null,"maxwidth":null},"geometry":{"type":"LineString","coordinates":[[113.328034,23.1249865],[113.3280474,23.1245173],[113.3280542,23.1241956]]}},{"type":"Feature","id":442232082,"properties":{"id":"442232082","highway":"trunk_link","name":"猎德大道","oneway":true,"lanes":null,"maxheight":null,"maxweight":null,"maxwidth":null},"geometry":{"type":"LineString","coordinates":[[113.3280282,23.1216646],[113.3280423,23.1214181],[113.3280422,23.1212612],[113.3280421,23.1211465]]}},{"type":"Feature","id":442232083,"properties":{"id":"442232083","highway":"trunk_link","name":"猎德大道","oneway":true,"lanes":null,"maxheight":null,"maxweight":null,"maxwidth":null},"geometry":{"type":"LineString","coordinates":[[113.328414,23.1216149],[113.3283786,23.1227644],[113.3283699,23.1230752],[113.328344,23.1234177],[113.3283354,23.1235309],[113.3283237,23.1236249],[113.3283104,23.123719],[113.3282663,23.1239456],[113.3282026,23.1242077]]}},{"type":"Feature","id":442232084,"properties":{"id":"442232084","highway":"trunk","name":"天河东路","oneway":true,"lanes":null,"maxheight":null,"maxweight":null,"maxwidth":null},"geometry":{"type":"LineString","coordinates":[[113.328352,23.1317271],[113.3283997,23.1320357],[113.3284463,23.1323791],[113.328501,23.1327343],[113.3285318,23.1329502],[113.3285719,23.1332486]]}},{"type":"Feature","id":442232085,"properties":{"id":"442232085","highway":"trunk_link","name":"天河东路","oneway":true,"lanes":null,"maxheight":null,"maxweight":null,"maxwidth":null},"geometry":{"type":"LineString","coordinates":[[113.3284803,23.1319327],[113.3285163,23.1321565],[113.3285306,23.1322593],[113.3285448,23.1323908]]}},{"type":"Feature","id":442232086,"properties":{"id":"442232086","highway":"trunk_link","name":"天河东路","oneway":true,"lanes":null,"maxheight":null,"maxweight":null,"maxwidth":null},"geometry":{"type":"LineString","coordinates":[[113.3285855,23.1327078],[113.3286263,23.1330068],[113.3286625,23.1332395],[113.3287098,23.1335039],[113.3287141,23.1335281],[113.3287645,23.1338432],[113.3288125,23.1341725],[113.3288215,23.1342382],[113.3288778,23.1346492],[113.3289047,23.1348503],[113.3289146,23.1349488],[113.3289218,23.1350398]]}},{"type":"Feature","id":442232087,"properties":{"id":"442232087","highway":"trunk","name":"天河东路","oneway":true,"lanes":null,"maxheight":null,"maxweight":null,"maxwidth":null},"geometry":{"type":"LineString","coordinates":[[113.3285719,23.1332486],[113.3286277,23.1336584],[113.3287,23.1341748],[113.3288143,23.1350158]]}},{"type":"Feature","id":442232088,"properties":{"id":"442232088","highway":"trunk","name":"天河东路","oneway":true,"lanes":null,"maxheight":null,"maxweight":null,"maxwidth":null},"geometry":{"type":"LineString","coordinates":[[113.3277142,23.1422118],[113.3274617,23.1435997]]}},{"type":"Feature","id":442232089,"properties":{"id":"442232089","highway":"trunk_link","name":null,"oneway":true,"lanes":null,"maxheight":null,"maxweight":null,"maxwidth":null},"geometry":{"type":"LineString","coordinates":[[113.3275255,23.1438253],[113.3274486,23.1441441]]}},{"type":"Feature","id":442232090,"properties":{"id":"442232090","highway":"secondary","name":"天河北路","oneway":true,"lanes":null,"maxheight":null,"maxweight":null,"maxwidth":null},"geometry":{"type":"LineString","coordinates":[[113.3313977,23.1439581],[113.3333808,23.1438983],[113.3336989,23.1438887],[113.3345367,23.1438455],[113.3346574,23.1438334],[113.3347599,23.1438187]]}},{"type":"Feature","id":442359269,"properties":{"id":"442359269","highway":"secondary","name":"天河北路","oneway":true,"lanes":null,"maxheight":null,"maxweight":null,"maxwidth":null},"geometry":{"type":"LineString","coordinates":[[113.3371726,23.1440686],[113.3360904,23.1440013],[113.3358853,23.1439956],[113.3353043,23.1439958],[113.3351538,23.143993],[113.3350707,23.1439915],[113.3347907,23.1439717]]}},{"type":"Feature","id":442359392,"properties":{"id":"442359392","highway":"trunk_link","name":null,"oneway":true,"lanes":null,"maxheight":null,"maxweight":null,"maxwidth":null},"geometry":{"type":"LineString","coordinates":[[113.327121,23.1442652],[113.3271457,23.1441309]]}},{"type":"Feature","id":442359393,"properties":{"id":"442359393","highway":"trunk","name":"天河东路","oneway":true,"lanes":null,"maxheight":null,"maxweight":null,"maxwidth":null},"geometry":{"type":"LineString","coordinates":[[113.3276148,23.1418863],[113.3276553,23.1416713],[113.3277223,23.1413156],[113.3278458,23.1406597],[113.3278848,23.1404526],[113.3279513,23.1400994],[113.3280239,23.1397136],[113.3281349,23.139124],[113.3281896,23.1388335]]}},{"type":"Feature","id":442359395,"properties":{"id":"442359395","highway":"trunk","name":"猎德大道","oneway":true,"lanes":null,"maxheight":null,"maxweight":null,"maxwidth":null},"geometry":{"type":"LineString","coordinates":[[113.3279973,23.126035],[113.328034,23.1249865]]}},{"type":"Feature","id":443346645,"properties":{"id":"443346645","highway":"trunk","name":"天寿路","oneway":true,"lanes":null,"maxheight":null,"maxweight":null,"maxwidth":null},"geometry":{"type":"LineString","coordinates":[[113.3268483,23.1464209],[113.326873,23.1462493],[113.326916,23.1459869],[113.327014,23.1454351],[113.3270823,23.1450708],[113.3271261,23.1448221]]}},{"type":"Feature","id":443346646,"properties":{"id":"443346646","highway":"tertiary","name":"龙口东路","oneway":true,"lanes":null,"maxheight":null,"maxweight":null,"maxwidth":null},"geometry":{"type":"LineString","coordinates":[[113.3347599,23.1438187],[113.3347453,23.1437284],[113.3346255,23.1429857],[113.3345405,23.1424923],[113.3345431,23.1424074],[113.3345703,23.1423352],[113.334675,23.1421906],[113.3348527,23.1419397],[113.3349464,23.14178],[113.3350901,23.1415511],[113.3352283,23.1413569],[113.3354509,23.1410874],[113.3355345,23.1409907],[113.3356138,23.1408316],[113.3357338,23.1406017],[113.3357969,23.1403783],[113.3358593,23.1401992],[113.3359056,23.1393753],[113.335889,23.1388624],[113.335883,23.1387139],[113.335889,23.1385047],[113.3359145,23.1381586]]}},{"type":"Feature","id":443346648,"properties":{"id":"443346648","highway":"secondary","name":"天河北路","oneway":true,"lanes":null,"maxheight":null,"maxweight":null,"maxwidth":null},"geometry":{"type":"LineString","coordinates":[[113.3347599,23.1438187],[113.3349352,23.143797],[113.335056,23.1437911],[113.3351473,23.1437867],[113.3353995,23.1437789],[113.335919,23.1437832],[113.3360741,23.1437897],[113.3366786,23.1438152],[113.3369929,23.143821],[113.3371424,23.1438238]]}},{"type":"Feature","id":443365164,"properties":{"id":"443365164","highway":"secondary","name":"天河北路","oneway":true,"lanes":null,"maxheight":null,"maxweight":null,"maxwidth":null},"geometry":{"type":"LineString","coordinates":[[113.3305625,23.1441532],[113.3304571,23.1441594],[113.3301648,23.1441765],[113.3297455,23.1441983],[113.3295921,23.1442068],[113.3293516,23.1442201]]}},{"type":"Feature","id":443365165,"properties":{"id":"443365165","highway":"tertiary","name":"龙口西路","oneway":true,"lanes":null,"maxheight":null,"maxweight":null,"maxwidth":null},"geometry":{"type":"LineString","coordinates":[[113.3305625,23.1441532],[113.3305832,23.1442839],[113.3305926,23.1443439],[113.3307202,23.1451508],[113.3308263,23.145985]]}},{"type":"Feature","id":443365166,"properties":{"id":"443365166","highway":"tertiary","name":"龙口西路","oneway":false,"lanes":null,"maxheight":null,"maxweight":null,"maxwidth":null},"geometry":{"type":"LineString","coordinates":[[113.3308329,23.1460492],[113.330875,23.1466446],[113.3309402,23.1471292]]}},{"type":"Feature","id":443365167,"properties":{"id":"443365167","highway":"tertiary","name":"天润路","oneway":true,"lanes":null,"maxheight":null,"maxweight":null,"maxwidth":null},"geometry":{"type":"LineString","coordinates":[[113.3308329,23.1460492],[113.3303497,23.1460541],[113.329561,23.1460597],[113.3289451,23.1460615],[113.3286794,23.1460644],[113.3284695,23.1460667],[113.3283655,23.1460678],[113.328333,23.1460681]]}},{"type":"Feature","id":443365168,"properties":{"id":"443365168","highway":"trunk_link","name":null,"oneway":true,"lanes":null,"maxheight":null,"maxweight":null,"maxwidth":null},"geometry":{"type":"LineString","coordinates":[[113.3270883,23.1462335],[113.3270596,23.1464198],[113.3270382,23.1465862],[113.327006,23.1469209],[113.3269719,23.1472221]]}},{"type":"Feature","id":443365169,"properties":{"id":"443365169","highway":"trunk","name":"天寿路","oneway":true,"lanes":null,"maxheight":null,"maxweight":null,"maxwidth":null},"geometry":{"type":"LineString","coordinates":[[113.3269719,23.1472221],[113.3269834,23.1474657],[113.3270001,23.1475913],[113.3270102,23.1476673],[113.3270404,23.1478554],[113.3270763,23.1480278],[113.3271285,23.1482243],[113.3271777,23.1484088],[113.3272528,23.1486164],[113.3272757,23.1486732],[113.327285,23.1486965],[113.3273186,23.14878]]}},{"type":"Feature","id":443987641,"properties":{"id":"443987641","highway":"primary_link","name":null,"oneway":true,"lanes":null,"maxheight":null,"maxweight":null,"maxwidth":null},"geometry":{"type":"LineString","coordinates":[[113.3134767,23.1302526],[113.3136954,23.1302047],[113.3137973,23.1301842],[113.3138214,23.1301794],[113.3139151,23.1301635],[113.3139638,23.1301553],[113.3141429,23.1301305],[113.3143479,23.1301134],[113.3145241,23.1301029],[113.31464,23.1300973],[113.3147584,23.1300948],[113.3148201,23.1300952],[113.3148799,23.1300956],[113.3151307,23.1300823]]}},{"type":"Feature","id":444111344,"properties":{"id":"444111344","highway":"tertiary","name":"天河南二路","oneway":true,"lanes":null,"maxheight":null,"maxweight":null,"maxwidth":null},"geometry":{"type":"LineString","coordinates":[[113.3285283,23.1344358],[113.3284809,23.1343466],[113.3284294,23.1342773],[113.3283542,23.1342174],[113.3282954,23.1341944],[113.328219,23.1341779],[113.3281308,23.1341764],[113.3277475,23.1341942],[113.3272282,23.1342184],[113.3271106,23.1342239],[113.3270988,23.1342244],[113.3270086,23.1342287],[113.326909,23.1342328],[113.3259908,23.1342701],[113.3256817,23.1342827]]}},{"type":"Feature","id":444111347,"properties":{"id":"444111347","highway":"unclassified","name":"天祥街","oneway":true,"lanes":null,"maxheight":null,"maxweight":null,"maxwidth":null},"geometry":{"type":"LineString","coordinates":[[113.3270436,23.1356919],[113.327041,23.135654],[113.3270387,23.1354898],[113.3270321,23.1352624],[113.3270279,23.1349391]]}},{"type":"Feature","id":444111348,"properties":{"id":"444111348","highway":"service","name":null,"oneway":true,"lanes":null,"maxheight":null,"maxweight":null,"maxwidth":null},"geometry":{"type":"LineString","coordinates":[[113.32343,23.1350579],[113.3246866,23.134994],[113.3252612,23.1349668]]}},{"type":"Feature","id":444111349,"properties":{"id":"444111349","highway":"secondary","name":"体育东路","oneway":true,"lanes":null,"maxheight":null,"maxweight":null,"maxwidth":null},"geometry":{"type":"LineString","coordinates":[[113.3230325,23.1350769],[113.3230372,23.1351381],[113.323044,23.1352825],[113.3230555,23.1354862],[113.3230574,23.1357349],[113.3230572,23.1357635],[113.3230515,23.1359167]]}},{"type":"Feature","id":444114356,"properties":{"id":"444114356","highway":"service","name":null,"oneway":true,"lanes":null,"maxheight":null,"maxweight":null,"maxwidth":null},"geometry":{"type":"LineString","coordinates":[[113.3252612,23.1349668],[113.3253829,23.1349601],[113.3254608,23.1349547],[113.3255356,23.1349409],[113.3255926,23.1349223],[113.3256384,23.1348943],[113.3256723,23.1348564],[113.325697,23.1348157],[113.3257086,23.1347628],[113.3257086,23.1347164],[113.3256834,23.1343101],[113.3256817,23.1342827]]}},{"type":"Feature","id":444118070,"properties":{"id":"444118070","highway":"tertiary","name":"天河南二路","oneway":true,"lanes":null,"maxheight":null,"maxweight":null,"maxwidth":null},"geometry":{"type":"LineString","coordinates":[[113.3256817,23.1342827],[113.3254895,23.1342909],[113.3248696,23.1343172],[113.3237615,23.1343643],[113.323139,23.1343908],[113.3229999,23.1343967]]}},{"type":"Feature","id":444118071,"properties":{"id":"444118071","highway":"secondary","name":"体育东路","oneway":true,"lanes":null,"maxheight":null,"maxweight":null,"maxwidth":null},"geometry":{"type":"LineString","coordinates":[[113.3229999,23.1343967],[113.3230171,23.1348075],[113.3230325,23.1350769]]}},{"type":"Feature","id":444119991,"properties":{"id":"444119991","highway":"trunk","name":"天河东路","oneway":true,"lanes":null,"maxheight":null,"maxweight":null,"maxwidth":null},"geometry":{"type":"LineString","coordinates":[[113.3281896,23.1388335],[113.3282377,23.1386496],[113.3283195,23.1383355],[113.3283403,23.1382332],[113.3285503,23.1371636],[113.3286671,23.1365455]]}},{"type":"Feature","id":444119992,"properties":{"id":"444119992","highway":"trunk_link","name":"天河东路","oneway":true,"lanes":null,"maxheight":null,"maxweight":null,"maxwidth":null},"geometry":{"type":"LineString","coordinates":[[113.3285283,23.1344358],[113.3284853,23.1341387],[113.3284519,23.1339485]]}},{"type":"Feature","id":444126144,"properties":{"id":"444126144","highway":"secondary_link","name":null,"oneway":true,"lanes":null,"maxheight":null,"maxweight":null,"maxwidth":null},"geometry":{"type":"LineString","coordinates":[[113.3163731,23.1218956],[113.3165413,23.1218349],[113.3167281,23.1217811],[113.3169484,23.1217545],[113.3171894,23.1217341],[113.317372,23.1217187],[113.3175501,23.1217037]]}},{"type":"Feature","id":444126145,"properties":{"id":"444126145","highway":"secondary_link","name":null,"oneway":true,"lanes":null,"maxheight":null,"maxweight":null,"maxwidth":null},"geometry":{"type":"LineString","coordinates":[[113.3174115,23.122046],[113.3163536,23.122121]]}},{"type":"Feature","id":444126146,"properties":{"id":"444126146","highway":"secondary_link","name":null,"oneway":true,"lanes":null,"maxheight":null,"maxweight":null,"maxwidth":null},"geometry":{"type":"LineString","coordinates":[[113.3175501,23.1217037],[113.3176097,23.1217146],[113.3176413,23.1217259],[113.317677,23.1217574],[113.3177003,23.1218073],[113.3177119,23.121861],[113.3177038,23.1219276],[113.3176636,23.1219843],[113.3176126,23.1220164],[113.3175509,23.1220336],[113.3174115,23.122046]]}},{"type":"Feature","id":444126147,"properties":{"id":"444126147","highway":"secondary_link","name":null,"oneway":true,"lanes":null,"maxheight":null,"maxweight":null,"maxwidth":null},"geometry":{"type":"LineString","coordinates":[[113.3157358,23.1226265],[113.315769,23.1226034],[113.315789,23.1225935],[113.3158322,23.1225892],[113.3158645,23.1225935],[113.3159032,23.1226103]]}},{"type":"Feature","id":444126149,"properties":{"id":"444126149","highway":"secondary_link","name":null,"oneway":true,"lanes":null,"maxheight":null,"maxweight":null,"maxwidth":null},"geometry":{"type":"LineString","coordinates":[[113.3158844,23.1213871],[113.3158629,23.1214131],[113.3158398,23.1214301],[113.3158075,23.12144],[113.3157766,23.1214386],[113.315752,23.1214273],[113.3157175,23.121395]]}},{"type":"Feature","id":444149841,"properties":{"id":"444149841","highway":"secondary_link","name":null,"oneway":true,"lanes":null,"maxheight":null,"maxweight":null,"maxwidth":null},"geometry":{"type":"LineString","coordinates":[[113.3180779,23.1213709],[113.3182353,23.1211116],[113.3183264,23.1209419],[113.3183964,23.1207444],[113.3185272,23.1203278],[113.3186392,23.1199584]]}},{"type":"Feature","id":444149842,"properties":{"id":"444149842","highway":"secondary_link","name":null,"oneway":true,"lanes":null,"maxheight":null,"maxweight":null,"maxwidth":null},"geometry":{"type":"LineString","coordinates":[[113.3186392,23.1199584],[113.3187443,23.1196234],[113.3187893,23.1195256],[113.3188283,23.119485],[113.3189539,23.1194605],[113.3191273,23.1194557],[113.319322,23.1194573],[113.3194688,23.1194703],[113.3195255,23.1194915],[113.3195662,23.1195208],[113.3196016,23.1195712],[113.3196538,23.119707]]}},{"type":"Feature","id":444149844,"properties":{"id":"444149844","highway":"secondary","name":"珠江东路","oneway":true,"lanes":null,"maxheight":null,"maxweight":null,"maxwidth":null},"geometry":{"type":"LineString","coordinates":[[113.3200378,23.1206018],[113.3203088,23.1212093]]}},{"type":"Feature","id":444151447,"properties":{"id":"444151447","highway":"tertiary","name":"石牌东路","oneway":true,"lanes":null,"maxheight":null,"maxweight":null,"maxwidth":null},"geometry":{"type":"LineString","coordinates":[[113.3377527,23.1324989],[113.3378093,23.1318315],[113.3378792,23.1310072],[113.3379042,23.130712],[113.3379238,23.130481],[113.3379493,23.1301787],[113.337978,23.1291061],[113.3379787,23.1290793],[113.3379821,23.1289516]]}},{"type":"Feature","id":444151449,"properties":{"id":"444151449","highway":"primary_link","name":null,"oneway":true,"lanes":null,"maxheight":null,"maxweight":null,"maxwidth":null},"geometry":{"type":"LineString","coordinates":[[113.3378532,23.1206744],[113.3377981,23.120466],[113.3377514,23.120408],[113.337651,23.120335],[113.3375292,23.1202767]]}},{"type":"Feature","id":444151450,"properties":{"id":"444151450","highway":"primary_link","name":null,"oneway":true,"lanes":null,"maxheight":null,"maxweight":null,"maxwidth":null},"geometry":{"type":"LineString","coordinates":[[113.3383461,23.1202259],[113.3382464,23.1202749],[113.3381577,23.1203436],[113.3380923,23.1204145],[113.3380237,23.1205242]]}},{"type":"Feature","id":444151453,"properties":{"id":"444151453","highway":"primary_link","name":null,"oneway":true,"lanes":null,"maxheight":null,"maxweight":null,"maxwidth":null},"geometry":{"type":"LineString","coordinates":[[113.3380014,23.1196481],[113.3380338,23.1197107],[113.3380627,23.119757],[113.3381106,23.1198172],[113.3381778,23.1198693],[113.3382663,23.11991],[113.3384267,23.1199486]]}},{"type":"Feature","id":444151454,"properties":{"id":"444151454","highway":"primary_link","name":null,"oneway":true,"lanes":null,"maxheight":null,"maxweight":null,"maxwidth":null},"geometry":{"type":"LineString","coordinates":[[113.3374853,23.1200007],[113.3376328,23.119954],[113.3377124,23.1198905],[113.3377708,23.1198156],[113.3377923,23.1197772],[113.3378066,23.1197362],[113.3378273,23.1196549]]}},{"type":"Feature","id":444151455,"properties":{"id":"444151455","highway":"residential","name":"海明路","oneway":true,"lanes":null,"maxheight":null,"maxweight":null,"maxwidth":null},"geometry":{"type":"LineString","coordinates":[[113.3330026,23.1187894],[113.3331631,23.1187719],[113.3342168,23.1186386],[113.3349903,23.1185442],[113.3352102,23.1185314],[113.3353458,23.1185282]]}},{"type":"Feature","id":444224365,"properties":{"id":"444224365","highway":"primary_link","name":null,"oneway":true,"lanes":null,"maxheight":null,"maxweight":null,"maxwidth":null},"geometry":{"type":"LineString","coordinates":[[113.3468781,23.1279592],[113.3467708,23.1279957],[113.3466397,23.1280223],[113.3465455,23.1280353],[113.3464852,23.1280436],[113.3464108,23.1280429],[113.3463164,23.1280368],[113.3462867,23.1280314],[113.3461529,23.1279936],[113.3458466,23.1279071]]}},{"type":"Feature","id":444224366,"properties":{"id":"444224366","highway":"primary","name":"黄埔大道西","oneway":true,"lanes":null,"maxheight":"4.5","maxweight":null,"maxwidth":null},"geometry":{"type":"LineString","coordinates":[[113.3468802,23.1277353],[113.3467279,23.1277584],[113.3458466,23.1279071]]}},{"type":"Feature","id":444224367,"properties":{"id":"444224367","highway":"primary","name":"黄埔大道中","oneway":true,"lanes":null,"maxheight":null,"maxweight":null,"maxwidth":null},"geometry":{"type":"LineString","coordinates":[[113.3471547,23.1275216],[113.3476443,23.1274302],[113.3477179,23.1274165],[113.350387,23.1269419],[113.3516535,23.1266753],[113.3517932,23.1266525],[113.3521995,23.1265757],[113.3524318,23.1265329],[113.3526382,23.1264948],[113.3529345,23.1264428]]}},{"type":"Feature","id":444230171,"properties":{"id":"444230171","highway":"secondary_link","name":null,"oneway":true,"lanes":null,"maxheight":null,"maxweight":null,"maxwidth":null},"geometry":{"type":"LineString","coordinates":[[113.3574518,23.1257379],[113.3573974,23.1257279],[113.3573685,23.1257231],[113.3573208,23.1257024],[113.3572929,23.1256804],[113.3572752,23.1256587],[113.3572617,23.1256284],[113.3572502,23.1255872],[113.3572511,23.1255365],[113.3572767,23.1254823],[113.3573356,23.1254156]]}},{"type":"Feature","id":444230172,"properties":{"id":"444230172","highway":"secondary_link","name":null,"oneway":true,"lanes":null,"maxheight":null,"maxweight":null,"maxwidth":null},"geometry":{"type":"LineString","coordinates":[[113.3559589,23.1257859],[113.3560431,23.1258109],[113.3560806,23.1258214],[113.3561217,23.1258455],[113.3561557,23.1258988],[113.3561625,23.1259462],[113.3561601,23.1260056],[113.3561341,23.126049],[113.356101,23.1260766],[113.3560524,23.1261181]]}},{"type":"Feature","id":444232018,"properties":{"id":"444232018","highway":"secondary","name":"珠江东路","oneway":true,"lanes":null,"maxheight":null,"maxweight":null,"maxwidth":null},"geometry":{"type":"LineString","coordinates":[[113.3203088,23.1212093],[113.3204107,23.121424],[113.3205328,23.1217561],[113.3205658,23.1218848]]}},{"type":"Feature","id":444232197,"properties":{"id":"444232197","highway":"primary","name":"花城大道","oneway":true,"lanes":"3","maxheight":null,"maxweight":null,"maxwidth":null},"geometry":{"type":"LineString","coordinates":[[113.3374853,23.1200007],[113.3378356,23.1199814]]}},{"type":"Feature","id":444232198,"properties":{"id":"444232198","highway":"secondary","name":"马场路","oneway":true,"lanes":null,"maxheight":null,"maxweight":null,"maxwidth":null},"geometry":{"type":"LineString","coordinates":[[113.3378273,23.1196549],[113.3378027,23.1185305]]}},{"type":"Feature","id":444232763,"properties":{"id":"444232763","highway":"secondary","name":"黄埔大道中辅路","oneway":true,"lanes":null,"maxheight":null,"maxweight":null,"maxwidth":null},"geometry":{"type":"LineString","coordinates":[[113.3566691,23.125611],[113.3571285,23.1254763],[113.3573356,23.1254156]]}},{"type":"Feature","id":444232764,"properties":{"id":"444232764","highway":"primary","name":"黄埔大道中","oneway":true,"lanes":null,"maxheight":null,"maxweight":null,"maxwidth":null},"geometry":{"type":"LineString","coordinates":[[113.3596637,23.1248158],[113.3600028,23.1246984],[113.3602354,23.1246222],[113.3607068,23.1244753],[113.3608696,23.1244269]]}},{"type":"Feature","id":444243636,"properties":{"id":"444243636","highway":"primary","name":"黄埔大道中","oneway":true,"lanes":null,"maxheight":null,"maxweight":null,"maxwidth":null},"geometry":{"type":"LineString","coordinates":[[113.3597364,23.1249688],[113.3592967,23.1250708],[113.3589135,23.1251857],[113.3585656,23.1252866],[113.3580817,23.125434]]}},{"type":"Feature","id":444243637,"properties":{"id":"444243637","highway":"secondary","name":"黄埔大道中辅路","oneway":true,"lanes":null,"maxheight":null,"maxweight":null,"maxwidth":null},"geometry":{"type":"LineString","coordinates":[[113.3565993,23.1259807],[113.3564252,23.1260244],[113.3562327,23.126073],[113.3560524,23.1261181]]}},{"type":"Feature","id":444243638,"properties":{"id":"444243638","highway":"secondary","name":"天府路","oneway":true,"lanes":null,"maxheight":null,"maxweight":null,"maxwidth":null},"geometry":{"type":"LineString","coordinates":[[113.3565993,23.1259807],[113.3565775,23.1257771],[113.3565734,23.1257324],[113.3565727,23.1257022],[113.3565737,23.1256663],[113.3565779,23.125635]]}},{"type":"Feature","id":444243640,"properties":{"id":"444243640","highway":"secondary","name":"马场路","oneway":true,"lanes":null,"maxheight":null,"maxweight":null,"maxwidth":null},"geometry":{"type":"LineString","coordinates":[[113.3379221,23.1147476],[113.3379298,23.1150448],[113.3379251,23.115528],[113.3379276,23.1157813],[113.3379368,23.1162216],[113.3379461,23.1166447],[113.3379479,23.1169486],[113.3379485,23.1170484],[113.3379473,23.1173198],[113.3379461,23.1175788],[113.3379521,23.1178277],[113.3379625,23.1182639],[113.3379721,23.1185258]]}},{"type":"Feature","id":444243641,"properties":{"id":"444243641","highway":"secondary","name":"马场路","oneway":true,"lanes":null,"maxheight":null,"maxweight":null,"maxwidth":null},"geometry":{"type":"LineString","coordinates":[[113.3380167,23.1202462],[113.3380237,23.1205242]]}},{"type":"Feature","id":444243642,"properties":{"id":"444243642","highway":"primary","name":"花城大道","oneway":true,"lanes":"3","maxheight":null,"maxweight":null,"maxwidth":null},"geometry":{"type":"LineString","coordinates":[[113.3378426,23.120257],[113.3375292,23.1202767]]}},{"type":"Feature","id":444278296,"properties":{"id":"444278296","highway":"secondary_link","name":null,"oneway":true,"lanes":null,"maxheight":null,"maxweight":null,"maxwidth":null},"geometry":{"type":"LineString","coordinates":[[113.3376337,23.1286069],[113.3377093,23.1286631],[113.3377596,23.128712],[113.3377806,23.1287636],[113.3377876,23.1288087],[113.3377736,23.1288795],[113.3377386,23.1289311],[113.337695,23.12897]]}},{"type":"Feature","id":444280355,"properties":{"id":"444280355","highway":"motorway_link","name":null,"oneway":true,"lanes":null,"maxheight":null,"maxweight":null,"maxwidth":null},"geometry":{"type":"LineString","coordinates":[[113.3457809,23.1274914],[113.3458549,23.1274307],[113.345926,23.1273725],[113.3459951,23.1273],[113.3460715,23.1271813],[113.3461276,23.1270942],[113.3461627,23.127033],[113.3462063,23.1269441],[113.3462358,23.1268573],[113.3462538,23.126774],[113.3462638,23.1267025],[113.3463021,23.1262764],[113.3463647,23.1254954],[113.3464174,23.1248426],[113.3463943,23.124643]]}},{"type":"Feature","id":444280356,"properties":{"id":"444280356","highway":"motorway_link","name":null,"oneway":true,"lanes":"1","maxheight":null,"maxweight":"55","maxwidth":null},"geometry":{"type":"LineString","coordinates":[[113.3455289,23.1280961],[113.3453216,23.1281318],[113.3451899,23.1281567],[113.3441748,23.1283298]]}},{"type":"Feature","id":444351506,"properties":{"id":"444351506","highway":"primary","name":"天河北路","oneway":true,"lanes":null,"maxheight":null,"maxweight":null,"maxwidth":null},"geometry":{"type":"LineString","coordinates":[[113.3265846,23.1441105],[113.3271457,23.1441309]]}},{"type":"Feature","id":444351850,"properties":{"id":"444351850","highway":"trunk_link","name":null,"oneway":true,"lanes":null,"maxheight":null,"maxweight":null,"maxwidth":null},"geometry":{"type":"LineString","coordinates":[[113.327195,23.1438542],[113.327233,23.1436439],[113.3273857,23.1428469],[113.3274867,23.1422969],[113.3275131,23.1421734],[113.3275407,23.1420756],[113.3275723,23.1419845],[113.3276148,23.1418863]]}},{"type":"Feature","id":444351851,"properties":{"id":"444351851","highway":"trunk","name":"猎德大道","oneway":true,"lanes":null,"maxheight":null,"maxweight":null,"maxwidth":null},"geometry":{"type":"LineString","coordinates":[[113.3281239,23.1263657],[113.3281083,23.1269519],[113.3280949,23.1272753],[113.3280816,23.1276744]]}},{"type":"Feature","id":444351852,"properties":{"id":"444351852","highway":"secondary","name":"黄埔大道西","oneway":true,"lanes":null,"maxheight":null,"maxweight":null,"maxwidth":null},"geometry":{"type":"LineString","coordinates":[[113.3298565,23.1291702],[113.3303027,23.1291389],[113.3305258,23.1291232],[113.3309567,23.1290948],[113.3313704,23.1290705],[113.3315749,23.129063],[113.3317151,23.1290602],[113.3320839,23.12907]]}},{"type":"Feature","id":444351853,"properties":{"id":"444351853","highway":"primary","name":"黄埔大道西","oneway":true,"lanes":null,"maxheight":null,"maxweight":null,"maxwidth":null},"geometry":{"type":"LineString","coordinates":[[113.3355506,23.1288769],[113.337563,23.1287497]]}},{"type":"Feature","id":444351854,"properties":{"id":"444351854","highway":"primary","name":"黄埔大道西","oneway":true,"lanes":null,"maxheight":null,"maxweight":null,"maxwidth":null},"geometry":{"type":"LineString","coordinates":[[113.3427884,23.1282158],[113.3430064,23.1281813],[113.3431198,23.1281692],[113.3432931,23.1281531],[113.3434759,23.1281321],[113.3435747,23.1281196],[113.3436957,23.1281031],[113.3441614,23.1280229],[113.3455357,23.1277877]]}},{"type":"Feature","id":444351855,"properties":{"id":"444351855","highway":"primary","name":"黄埔大道西","oneway":true,"lanes":null,"maxheight":null,"maxweight":null,"maxwidth":null},"geometry":{"type":"LineString","coordinates":[[113.3455357,23.1277877],[113.3459527,23.1277201],[113.3461319,23.1276891],[113.3467325,23.1275857],[113.3470345,23.1275399],[113.3471547,23.1275216]]}},{"type":"Feature","id":444400940,"properties":{"id":"444400940","highway":"primary","name":"黄埔大道西","oneway":true,"lanes":null,"maxheight":null,"maxweight":null,"maxwidth":null},"geometry":{"type":"LineString","coordinates":[[113.3458466,23.1279071],[113.345513,23.1279651],[113.3450359,23.1280453],[113.3445599,23.1281292],[113.3441409,23.1282031],[113.3435697,23.1283043],[113.3432935,23.1283576],[113.3428068,23.1284427],[113.3426869,23.1284628],[113.3422734,23.1285322],[113.342072,23.1285601],[113.3420311,23.1285647],[113.3419355,23.1285753],[113.341788,23.1285897],[113.34152,23.1286075]]}},{"type":"Feature","id":444400941,"properties":{"id":"444400941","highway":"primary","name":"黄埔大道西","oneway":true,"lanes":null,"maxheight":null,"maxweight":null,"maxwidth":null},"geometry":{"type":"LineString","coordinates":[[113.3401606,23.128674],[113.3386297,23.1287814]]}},{"type":"Feature","id":444400942,"properties":{"id":"444400942","highway":"primary","name":"黄埔大道西","oneway":true,"lanes":null,"maxheight":null,"maxweight":null,"maxwidth":null},"geometry":{"type":"LineString","coordinates":[[113.3341756,23.1291464],[113.3340752,23.1291548],[113.3335989,23.1291919],[113.3333647,23.129213],[113.3329141,23.1292537]]}},{"type":"Feature","id":444400943,"properties":{"id":"444400943","highway":"secondary","name":"黄埔大道西","oneway":true,"lanes":null,"maxheight":null,"maxweight":null,"maxwidth":null},"geometry":{"type":"LineString","coordinates":[[113.3288175,23.1295888],[113.328264,23.1296161]]}},{"type":"Feature","id":444402234,"properties":{"id":"444402234","highway":"trunk","name":"天寿路","oneway":true,"lanes":null,"maxheight":null,"maxweight":null,"maxwidth":null},"geometry":{"type":"LineString","coordinates":[[113.3271637,23.148833],[113.3270966,23.1486756],[113.3270559,23.1485616],[113.3270301,23.1484892],[113.3269827,23.1483381],[113.3269289,23.1481308],[113.3268981,23.147984],[113.3268733,23.1478646],[113.3268525,23.1477553],[113.3268342,23.1476095],[113.3268227,23.1475068],[113.3268151,23.1474076],[113.3268075,23.1472689]]}},{"type":"Feature","id":444402235,"properties":{"id":"444402235","highway":"trunk_link","name":null,"oneway":true,"lanes":null,"maxheight":null,"maxweight":null,"maxwidth":null},"geometry":{"type":"LineString","coordinates":[[113.3267466,23.1464846],[113.3267677,23.1463058],[113.3267913,23.1461212],[113.326827,23.1459122],[113.3268511,23.145771]]}},{"type":"Feature","id":444418076,"properties":{"id":"444418076","highway":"unclassified","name":"华成路","oneway":false,"lanes":null,"maxheight":null,"maxweight":null,"maxwidth":null},"geometry":{"type":"LineString","coordinates":[[113.3106035,23.1252294],[113.3106021,23.1251862],[113.3105967,23.1250865],[113.3105945,23.1249682],[113.310579,23.1241315],[113.3105929,23.1240482],[113.3106198,23.1240108],[113.3106403,23.1239823],[113.3107378,23.1239224],[113.3108322,23.123883],[113.3117554,23.1238205],[113.3128575,23.123746],[113.3130582,23.1237324],[113.3130855,23.1237306],[113.3130906,23.1237303],[113.3131435,23.1237265],[113.3133229,23.1237123],[113.3137514,23.1236793],[113.3138383,23.1236726],[113.3139256,23.1236659],[113.3140203,23.1236586],[113.3144595,23.1236227],[113.3155811,23.1235342],[113.3157378,23.1235218]]}},{"type":"Feature","id":444418077,"properties":{"id":"444418077","highway":"tertiary_link","name":null,"oneway":true,"lanes":null,"maxheight":null,"maxweight":null,"maxwidth":null},"geometry":{"type":"LineString","coordinates":[[113.3176543,23.1249919],[113.3175777,23.1248727],[113.3175212,23.1248182],[113.3174517,23.1247839],[113.3173631,23.1247617],[113.317225,23.1247363]]}},{"type":"Feature","id":444418078,"properties":{"id":"444418078","highway":"tertiary_link","name":null,"oneway":true,"lanes":null,"maxheight":null,"maxweight":null,"maxwidth":null},"geometry":{"type":"LineString","coordinates":[[113.317225,23.1247363],[113.3173256,23.1247074],[113.31739,23.1246754],[113.3174436,23.1246334],[113.3174848,23.1245913],[113.3174919,23.1245841],[113.3175268,23.1245298],[113.31758,23.1244396]]}},{"type":"Feature","id":444418079,"properties":{"id":"444418079","highway":"tertiary_link","name":null,"oneway":true,"lanes":null,"maxheight":null,"maxweight":null,"maxwidth":null},"geometry":{"type":"LineString","coordinates":[[113.3175381,23.1236095],[113.3175201,23.1235461],[113.3175034,23.1235161],[113.3174711,23.1234797],[113.3174074,23.1234228],[113.3173704,23.1233941],[113.3173085,23.1233612]]}},{"type":"Feature","id":444418080,"properties":{"id":"444418080","highway":"tertiary_link","name":null,"oneway":true,"lanes":null,"maxheight":null,"maxweight":null,"maxwidth":null},"geometry":{"type":"LineString","coordinates":[[113.3173085,23.1233612],[113.3174034,23.1233107],[113.3174472,23.123281],[113.3174849,23.1232444],[113.317515,23.1232099],[113.3175721,23.1231165]]}},{"type":"Feature","id":444428461,"properties":{"id":"444428461","highway":"tertiary","name":"华穗路","oneway":true,"lanes":null,"maxheight":null,"maxweight":null,"maxwidth":null},"geometry":{"type":"LineString","coordinates":[[113.3129654,23.1220725],[113.3129555,23.1219316],[113.3129333,23.1211128]]}},{"type":"Feature","id":444433525,"properties":{"id":"444433525","highway":"tertiary","name":"华穗路","oneway":true,"lanes":null,"maxheight":null,"maxweight":null,"maxwidth":null},"geometry":{"type":"LineString","coordinates":[[113.3130729,23.1223637],[113.313083,23.122494],[113.3130954,23.1227096],[113.3131154,23.1231071],[113.3131243,23.1232849],[113.3131374,23.1235665],[113.3131385,23.1235895],[113.3131422,23.1236915],[113.3131435,23.1237265],[113.3131448,23.1237633],[113.3131497,23.123897],[113.3131515,23.1239453],[113.3131622,23.1244415],[113.3131675,23.1249009],[113.3131678,23.1249145],[113.3131703,23.1250419],[113.3131707,23.1250633]]}},{"type":"Feature","id":444438698,"properties":{"id":"444438698","highway":"tertiary","name":"紫荆路","oneway":true,"lanes":null,"maxheight":null,"maxweight":null,"maxwidth":null},"geometry":{"type":"LineString","coordinates":[[113.3230367,23.1478185],[113.3229779,23.1478534],[113.3221905,23.1479951],[113.3221174,23.1480083],[113.321882,23.1480487],[113.3214423,23.1481255],[113.3210856,23.1481841],[113.3207126,23.1482403],[113.3200088,23.1483102]]}},{"type":"Feature","id":444438699,"properties":{"id":"444438699","highway":"tertiary","name":"紫荆路","oneway":true,"lanes":null,"maxheight":null,"maxweight":null,"maxwidth":null},"geometry":{"type":"LineString","coordinates":[[113.3199469,23.1481918],[113.3201178,23.1482233],[113.3202731,23.1482194],[113.3205769,23.1481882],[113.3206976,23.1481736],[113.3210722,23.1481173],[113.3213487,23.1480722],[113.3218846,23.147982],[113.3221053,23.1479429],[113.3227071,23.1478379],[113.3229746,23.1477995]]}},{"type":"Feature","id":444551857,"properties":{"id":"444551857","highway":"tertiary","name":"林和东路","oneway":true,"lanes":null,"maxheight":null,"maxweight":null,"maxwidth":null},"geometry":{"type":"LineString","coordinates":[[113.3230367,23.1478185],[113.3230378,23.1482276],[113.3230382,23.1483866],[113.3230378,23.1487674],[113.3230392,23.1488951],[113.3230404,23.1490135],[113.3230543,23.1503255],[113.3230614,23.1509848],[113.3230717,23.1516554],[113.3230747,23.1517464],[113.3230764,23.151804]]}},{"type":"Feature","id":445014537,"properties":{"id":"445014537","highway":"primary","name":"黄埔大道西","oneway":true,"lanes":null,"maxheight":null,"maxweight":null,"maxwidth":null},"geometry":{"type":"LineString","coordinates":[[113.3164057,23.1300893],[113.3166712,23.1300736],[113.3168996,23.1300686]]}},{"type":"Feature","id":445014538,"properties":{"id":"445014538","highway":"primary","name":"黄埔大道中","oneway":true,"lanes":null,"maxheight":null,"maxweight":null,"maxwidth":null},"geometry":{"type":"LineString","coordinates":[[113.3532112,23.1263902],[113.3536197,23.1263471],[113.3538921,23.1263086],[113.3541559,23.1262635],[113.3544784,23.1262057],[113.3552919,23.1260549]]}},{"type":"Feature","id":445046636,"properties":{"id":"445046636","highway":"primary","name":"黄埔大道西","oneway":true,"lanes":null,"maxheight":null,"maxweight":null,"maxwidth":null},"geometry":{"type":"LineString","coordinates":[[113.3143674,23.1305022],[113.3142816,23.1305063],[113.3139754,23.1305245],[113.3138014,23.1305396],[113.3136811,23.1305561],[113.3135456,23.1305845],[113.3134327,23.1306135],[113.3133608,23.130634],[113.3132835,23.1306595],[113.3131519,23.1307072],[113.3130037,23.1307656],[113.3127726,23.130864],[113.3125386,23.1309696],[113.3123544,23.1310545],[113.3120918,23.1311803]]}},{"type":"Feature","id":445078262,"properties":{"id":"445078262","highway":"secondary","name":"冼村路","oneway":true,"lanes":null,"maxheight":null,"maxweight":null,"maxwidth":null},"geometry":{"type":"LineString","coordinates":[[113.3225216,23.1293672],[113.3225183,23.1287054],[113.3225422,23.1284203],[113.3225435,23.1283394]]}},{"type":"Feature","id":445078264,"properties":{"id":"445078264","highway":"secondary","name":"冼村路","oneway":true,"lanes":null,"maxheight":null,"maxweight":null,"maxwidth":null},"geometry":{"type":"LineString","coordinates":[[113.3225168,23.1267546],[113.3224953,23.1262633],[113.3224914,23.1260455],[113.3224911,23.1260041],[113.3224901,23.125847]]}},{"type":"Feature","id":445080099,"properties":{"id":"445080099","highway":"unclassified","name":"体育东路辅路","oneway":true,"lanes":null,"maxheight":null,"maxweight":null,"maxwidth":null},"geometry":{"type":"LineString","coordinates":[[113.3231183,23.1396917],[113.3231166,23.1398846],[113.3231127,23.1401596],[113.3231132,23.1402761],[113.323115,23.1406594],[113.3231162,23.140895],[113.3231184,23.141262],[113.3231187,23.1413673],[113.3231186,23.1416871],[113.3231167,23.1425065],[113.3231166,23.1425597],[113.3231148,23.1428352],[113.3231126,23.1432884],[113.3231118,23.1437347],[113.3231153,23.1438365],[113.3231356,23.1438583],[113.3231716,23.1438831],[113.3232251,23.14392],[113.3232848,23.1439539],[113.3234088,23.1439814]]}},{"type":"Feature","id":445080100,"properties":{"id":"445080100","highway":"secondary","name":"体育东路","oneway":true,"lanes":null,"maxheight":null,"maxweight":null,"maxwidth":null},"geometry":{"type":"LineString","coordinates":[[113.3230214,23.1396912],[113.3230172,23.1401601],[113.3230168,23.1402768],[113.3230164,23.1403708],[113.3230177,23.140661],[113.3230235,23.1412635],[113.3230218,23.1416806],[113.3230232,23.1422685],[113.3230216,23.1425069],[113.3230215,23.1425226],[113.3230191,23.1437151],[113.3230203,23.1438266],[113.3230224,23.1439117],[113.3230241,23.1439791]]}},{"type":"Feature","id":445080858,"properties":{"id":"445080858","highway":"primary","name":"天河北路","oneway":true,"lanes":null,"maxheight":null,"maxweight":null,"maxwidth":null},"geometry":{"type":"LineString","coordinates":[[113.3266078,23.1442499],[113.3258971,23.1442137],[113.3255005,23.1441975],[113.3251466,23.1441831]]}},{"type":"Feature","id":445080859,"properties":{"id":"445080859","highway":"secondary","name":"体育东路","oneway":true,"lanes":null,"maxheight":null,"maxweight":null,"maxwidth":null},"geometry":{"type":"LineString","coordinates":[[113.3229497,23.1439802],[113.3229501,23.1439119],[113.322951,23.1437616],[113.3229536,23.143406],[113.3229573,23.1430782],[113.3229556,23.1425071],[113.3229555,23.1424899],[113.3229552,23.1416814],[113.3229496,23.1410961],[113.3229478,23.1406598]]}},{"type":"Feature","id":445906427,"properties":{"id":"445906427","highway":"motorway_link","name":null,"oneway":true,"lanes":null,"maxheight":null,"maxweight":null,"maxwidth":null},"geometry":{"type":"LineString","coordinates":[[113.3573419,23.1465553],[113.3568853,23.1467669],[113.3567704,23.1468145],[113.3566686,23.14686],[113.3565532,23.1469386],[113.3564305,23.1470724],[113.3562997,23.1472417],[113.355814,23.1479525],[113.355687,23.148293],[113.3556003,23.1484551]]}},{"type":"Feature","id":445906428,"properties":{"id":"445906428","highway":"trunk","name":"广园快速路","oneway":true,"lanes":"4","maxheight":null,"maxweight":null,"maxwidth":null},"geometry":{"type":"LineString","coordinates":[[113.3563157,23.146847],[113.3554531,23.1471008]]}},{"type":"Feature","id":445906429,"properties":{"id":"445906429","highway":"trunk","name":"广园快速路","oneway":true,"lanes":"4","maxheight":null,"maxweight":null,"maxwidth":null},"geometry":{"type":"LineString","coordinates":[[113.3554531,23.1471008],[113.3550323,23.1472271],[113.3546279,23.1473698],[113.3543284,23.1474472]]}},{"type":"Feature","id":445915110,"properties":{"id":"445915110","highway":"trunk","name":"广园快速路","oneway":true,"lanes":"4","maxheight":null,"maxweight":null,"maxwidth":null},"geometry":{"type":"LineString","coordinates":[[113.360058,23.1457617],[113.3593806,23.1459596],[113.358471,23.1462185],[113.3578743,23.1463996],[113.3573419,23.1465553]]}},{"type":"Feature","id":445916027,"properties":{"id":"445916027","highway":"trunk_link","name":null,"oneway":true,"lanes":null,"maxheight":null,"maxweight":null,"maxwidth":null},"geometry":{"type":"LineString","coordinates":[[113.361641,23.145294],[113.3614187,23.1454387],[113.3613531,23.1455053],[113.3612896,23.1455904],[113.3612636,23.1456678],[113.3612429,23.1457727],[113.3612381,23.1457967],[113.3612339,23.1466969],[113.3611695,23.1468553]]}},{"type":"Feature","id":446148166,"properties":{"id":"446148166","highway":"primary","name":"黄埔大道西","oneway":true,"lanes":null,"maxheight":null,"maxweight":null,"maxwidth":null},"geometry":{"type":"LineString","coordinates":[[113.3142306,23.1302145],[113.3144774,23.1301935],[113.3149092,23.1301726],[113.3153327,23.1301472],[113.3158169,23.1301114],[113.3161056,23.1300963],[113.3162349,23.1300905],[113.3164057,23.1300893]]}},{"type":"Feature","id":446148167,"properties":{"id":"446148167","highway":"secondary","name":"华夏路","oneway":true,"lanes":null,"maxheight":null,"maxweight":null,"maxwidth":null},"geometry":{"type":"LineString","coordinates":[[113.3161376,23.1261541],[113.31617,23.1262102],[113.3161883,23.1262714],[113.3161916,23.1263349],[113.3161798,23.1263974],[113.3161426,23.1264709]]}},{"type":"Feature","id":446148169,"properties":{"id":"446148169","highway":"tertiary_link","name":null,"oneway":true,"lanes":null,"maxheight":null,"maxweight":null,"maxwidth":null},"geometry":{"type":"LineString","coordinates":[[113.3180872,23.126529],[113.3180187,23.1264195],[113.3179737,23.1263774],[113.3179123,23.1263341],[113.3178382,23.1263201],[113.3177394,23.1263175],[113.3175793,23.1263242],[113.3170632,23.1263618],[113.3167567,23.1263789],[113.3165931,23.1263871],[113.3165148,23.1263951],[113.3164299,23.126405],[113.3163446,23.1264213],[113.3162682,23.126438],[113.3162131,23.1264501],[113.3161426,23.1264709]]}},{"type":"Feature","id":446269825,"properties":{"id":"446269825","highway":"unclassified","name":null,"oneway":false,"lanes":null,"maxheight":null,"maxweight":null,"maxwidth":null},"geometry":{"type":"LineString","coordinates":[[113.3229478,23.1406598],[113.3228546,23.1406581]]}},{"type":"Feature","id":446269827,"properties":{"id":"446269827","highway":"service","name":null,"oneway":false,"lanes":null,"maxheight":null,"maxweight":null,"maxwidth":null},"geometry":{"type":"LineString","coordinates":[[113.3228546,23.1406581],[113.3227501,23.1406466],[113.3226197,23.1406322],[113.322504,23.1406222],[113.322411,23.1406254],[113.3218391,23.1406524],[113.3207409,23.1406742]]}},{"type":"Feature","id":446269829,"properties":{"id":"446269829","highway":"secondary","name":"体育东路","oneway":true,"lanes":null,"maxheight":null,"maxweight":null,"maxwidth":null},"geometry":{"type":"LineString","coordinates":[[113.3229478,23.1406598],[113.3229477,23.1403521],[113.3229478,23.1402772],[113.3229489,23.1396388],[113.3229512,23.1388346],[113.322951,23.1376285]]}},{"type":"Feature","id":446269830,"properties":{"id":"446269830","highway":"unclassified","name":"体育东路辅路","oneway":true,"lanes":null,"maxheight":null,"maxweight":null,"maxwidth":null},"geometry":{"type":"LineString","coordinates":[[113.3228546,23.1406581],[113.3228567,23.140352],[113.3228561,23.1402778],[113.3228551,23.1401612],[113.3228549,23.1395092],[113.322854,23.1386835],[113.3228534,23.1383001],[113.3228532,23.1381585],[113.3228444,23.1376316]]}},{"type":"Feature","id":447215984,"properties":{"id":"447215984","highway":"unclassified","name":null,"oneway":false,"lanes":null,"maxheight":null,"maxweight":null,"maxwidth":null},"geometry":{"type":"LineString","coordinates":[[113.3137388,23.1362318],[113.3137349,23.1361809],[113.3136965,23.135419],[113.3136837,23.1351638],[113.313679,23.1350707]]}},{"type":"Feature","id":447215985,"properties":{"id":"447215985","highway":"trunk","name":"天河路","oneway":true,"lanes":null,"maxheight":null,"maxweight":null,"maxwidth":null},"geometry":{"type":"LineString","coordinates":[[113.3140395,23.1363458],[113.3145813,23.1363361],[113.3149166,23.1363149],[113.3158121,23.136269]]}},{"type":"Feature","id":447215986,"properties":{"id":"447215986","highway":"trunk","name":"天河路","oneway":true,"lanes":null,"maxheight":null,"maxweight":null,"maxwidth":null},"geometry":{"type":"LineString","coordinates":[[113.3207508,23.1360144],[113.3214548,23.1359904],[113.3224631,23.1359523],[113.3225722,23.1359478],[113.3226653,23.1359428],[113.3226894,23.1359408],[113.3227284,23.1359377],[113.3228043,23.1359328],[113.3229233,23.1359249]]}},{"type":"Feature","id":447215987,"properties":{"id":"447215987","highway":"trunk","name":"天河路","oneway":true,"lanes":"3","maxheight":null,"maxweight":null,"maxwidth":null},"geometry":{"type":"LineString","coordinates":[[113.3230515,23.1359167],[113.3232616,23.1358935],[113.3236813,23.135862],[113.3249088,23.1358046],[113.3254384,23.1357772],[113.3258747,23.1357507],[113.3262083,23.1357297],[113.3264492,23.1357188],[113.3268275,23.1357018],[113.3270436,23.1356919],[113.3273007,23.1356815],[113.3275503,23.1356794],[113.3277664,23.1356846],[113.3280693,23.1356986]]}},{"type":"Feature","id":447215990,"properties":{"id":"447215990","highway":"primary","name":"天河北路","oneway":true,"lanes":null,"maxheight":null,"maxweight":null,"maxwidth":null},"geometry":{"type":"LineString","coordinates":[[113.3234088,23.1439814],[113.3236337,23.1439945],[113.3238067,23.1440052],[113.323951,23.1440088],[113.3241454,23.1440194],[113.3244213,23.1440293],[113.324575,23.1440356],[113.3249496,23.1440518],[113.3253795,23.1440716],[113.3254311,23.144074],[113.3255154,23.144078]]}},{"type":"Feature","id":447226542,"properties":{"id":"447226542","highway":"primary","name":"天河北路","oneway":true,"lanes":null,"maxheight":null,"maxweight":null,"maxwidth":null},"geometry":{"type":"LineString","coordinates":[[113.3162229,23.1437818],[113.3158903,23.1437717],[113.315748,23.1437663],[113.3156028,23.1437608],[113.3153944,23.1437519],[113.3152382,23.1437434],[113.3150357,23.1437329],[113.3147982,23.14372],[113.3145725,23.1437062],[113.3143055,23.1436922],[113.3135659,23.1436545],[113.3127664,23.1436138],[113.3126735,23.1436091],[113.3109916,23.1435324]]}},{"type":"Feature","id":447226543,"properties":{"id":"447226543","highway":"tertiary","name":"体育西路","oneway":true,"lanes":null,"maxheight":null,"maxweight":null,"maxwidth":null},"geometry":{"type":"LineString","coordinates":[[113.3162031,23.1436457],[113.3162084,23.1435214],[113.3162156,23.1433701],[113.3162175,23.1432124],[113.3162185,23.1430599],[113.3162174,23.142735],[113.3162165,23.142236],[113.3162147,23.1417556],[113.3162156,23.1414225],[113.3162165,23.1410853],[113.3162186,23.1408591],[113.3162199,23.1407235],[113.3162203,23.1404422],[113.3162193,23.1397261],[113.316218,23.13921],[113.3162159,23.1387594],[113.3162175,23.1382833],[113.316216,23.1380036],[113.3162146,23.1378554],[113.3162151,23.1375039],[113.3162114,23.1371692],[113.31621,23.1370072],[113.3162061,23.1369405],[113.3161932,23.1368]]}},{"type":"Feature","id":447250373,"properties":{"id":"447250373","highway":"secondary","name":"天河北路","oneway":true,"lanes":null,"maxheight":null,"maxweight":null,"maxwidth":null},"geometry":{"type":"LineString","coordinates":[[113.3277793,23.1442688],[113.3274264,23.1442712]]}},{"type":"Feature","id":447252392,"properties":{"id":"447252392","highway":"trunk_link","name":null,"oneway":true,"lanes":null,"maxheight":null,"maxweight":null,"maxwidth":null},"geometry":{"type":"LineString","coordinates":[[113.3273793,23.1445493],[113.32737,23.144604],[113.3273353,23.1448086]]}},{"type":"Feature","id":448284881,"properties":{"id":"448284881","highway":"trunk","name":"天河路","oneway":true,"lanes":null,"maxheight":null,"maxweight":null,"maxwidth":null},"geometry":{"type":"LineString","coordinates":[[113.3139953,23.1364834],[113.3138262,23.1364524],[113.3136041,23.1364676],[113.3133664,23.1364739],[113.3130775,23.1364852],[113.3126097,23.1365087]]}},{"type":"Feature","id":448781892,"properties":{"id":"448781892","highway":"service","name":null,"oneway":true,"lanes":null,"maxheight":null,"maxweight":null,"maxwidth":null},"geometry":{"type":"LineString","coordinates":[[113.3159032,23.1226103],[113.3159635,23.1226791],[113.3160041,23.1227303],[113.3160229,23.1227611],[113.3160269,23.1227969],[113.3160252,23.1228869]]}},{"type":"Feature","id":448781893,"properties":{"id":"448781893","highway":"secondary","name":"华夏路","oneway":true,"lanes":null,"maxheight":null,"maxweight":null,"maxwidth":null},"geometry":{"type":"LineString","coordinates":[[113.3159032,23.1226103],[113.3159059,23.1227863],[113.3159076,23.1228955],[113.3159165,23.1234679]]}},{"type":"Feature","id":448786344,"properties":{"id":"448786344","highway":"secondary_link","name":null,"oneway":true,"lanes":null,"maxheight":null,"maxweight":null,"maxwidth":null},"geometry":{"type":"LineString","coordinates":[[113.3163536,23.122121],[113.3160598,23.1221397],[113.3158943,23.1221556]]}},{"type":"Feature","id":448786345,"properties":{"id":"448786345","highway":"service","name":null,"oneway":true,"lanes":null,"maxheight":null,"maxweight":null,"maxwidth":null},"geometry":{"type":"LineString","coordinates":[[113.3160252,23.1228869],[113.3160215,23.1229967],[113.3160148,23.1230596],[113.3159974,23.1231435],[113.3159165,23.1234679]]}},{"type":"Feature","id":448790072,"properties":{"id":"448790072","highway":"secondary","name":"珠江西路","oneway":true,"lanes":null,"maxheight":null,"maxweight":null,"maxwidth":null},"geometry":{"type":"LineString","coordinates":[[113.3175721,23.1231165],[113.3175939,23.12301],[113.3176193,23.1228561],[113.3176647,23.1225804],[113.3176687,23.122556]]}},{"type":"Feature","id":448790073,"properties":{"id":"448790073","highway":"secondary","name":"珠江西路","oneway":true,"lanes":null,"maxheight":null,"maxweight":null,"maxwidth":null},"geometry":{"type":"LineString","coordinates":[[113.3176687,23.122556],[113.3176789,23.1225167],[113.317705,23.1224096],[113.3177644,23.1222227],[113.3180779,23.1213709]]}},{"type":"Feature","id":448790074,"properties":{"id":"448790074","highway":"primary","name":"花城大道","oneway":true,"lanes":null,"maxheight":null,"maxweight":null,"maxwidth":null},"geometry":{"type":"LineString","coordinates":[[113.3152621,23.1221801],[113.3143592,23.1222558],[113.3139234,23.1222924],[113.3136276,23.1223172],[113.3133801,23.122338],[113.3130729,23.1223637]]}},{"type":"Feature","id":448947832,"properties":{"id":"448947832","highway":"primary","name":"天河北路","oneway":true,"lanes":null,"maxheight":null,"maxweight":null,"maxwidth":null},"geometry":{"type":"LineString","coordinates":[[113.3184277,23.1438854],[113.3181372,23.143868],[113.3176693,23.1438399],[113.3176088,23.1438372],[113.3175023,23.1438316],[113.3171619,23.1438171],[113.3170773,23.1438133],[113.3167135,23.1437971],[113.3166851,23.1437966],[113.3166122,23.1437943],[113.3162229,23.1437818]]}},{"type":"Feature","id":449494422,"properties":{"id":"449494422","highway":"tertiary","name":"翰景路","oneway":true,"lanes":null,"maxheight":null,"maxweight":null,"maxwidth":null},"geometry":{"type":"LineString","coordinates":[[113.3547871,23.1441742],[113.3547099,23.1441948],[113.354618,23.1442249],[113.3545291,23.1442653],[113.354438,23.1443141],[113.3543552,23.1443605],[113.3542325,23.1444403],[113.354124,23.1445414],[113.354023,23.1446559],[113.3539691,23.1447258],[113.3539446,23.1447613],[113.3539223,23.1448145],[113.3538972,23.1448842],[113.353874,23.1449753],[113.3538636,23.1450407],[113.3538579,23.145077],[113.3538502,23.1451714],[113.3538516,23.1452589],[113.3538637,23.1453667],[113.3538793,23.1454376]]}},{"type":"Feature","id":449494423,"properties":{"id":"449494423","highway":"tertiary","name":"华景北路","oneway":true,"lanes":null,"maxheight":null,"maxweight":null,"maxwidth":null},"geometry":{"type":"LineString","coordinates":[[113.3547631,23.1441103],[113.3548749,23.1440897],[113.3550378,23.1440641],[113.3553013,23.1440312],[113.355487,23.144007],[113.3561247,23.1439238],[113.3563777,23.1438934],[113.3583408,23.1436578],[113.358521,23.1436362],[113.3595598,23.1435027],[113.3596609,23.1434901],[113.3604556,23.1433908]]}},{"type":"Feature","id":449495348,"properties":{"id":"449495348","highway":"service","name":null,"oneway":true,"lanes":null,"maxheight":null,"maxweight":null,"maxwidth":null},"geometry":{"type":"LineString","coordinates":[[113.3604556,23.1433908],[113.3604527,23.1436135],[113.360456,23.1437136],[113.3604147,23.143795],[113.3603353,23.1438498],[113.3599752,23.1438924],[113.3599454,23.1438577],[113.359972,23.1438055],[113.3600963,23.1437814],[113.360169,23.1437362]]}},{"type":"Feature","id":449496077,"properties":{"id":"449496077","highway":"service","name":null,"oneway":true,"lanes":null,"maxheight":null,"maxweight":null,"maxwidth":null},"geometry":{"type":"LineString","coordinates":[[113.360169,23.1437362],[113.3602103,23.1437029],[113.3602406,23.1436697],[113.3602392,23.1436469],[113.3602243,23.1435105]]}},{"type":"Feature","id":449497174,"properties":{"id":"449497174","highway":"secondary","name":"五山路","oneway":true,"lanes":null,"maxheight":null,"maxweight":"20","maxwidth":null},"geometry":{"type":"LineString","coordinates":[[113.3405982,23.1440573],[113.3406219,23.1443322],[113.3406178,23.1445782]]}},{"type":"Feature","id":449531937,"properties":{"id":"449531937","highway":"tertiary","name":"华景北路","oneway":true,"lanes":null,"maxheight":null,"maxweight":null,"maxwidth":null},"geometry":{"type":"LineString","coordinates":[[113.3602243,23.1435105],[113.3596698,23.1435822],[113.3585663,23.1437248],[113.3583557,23.1437496],[113.3563949,23.1439806],[113.3561738,23.1440086],[113.3557918,23.1440509],[113.355079,23.1441297],[113.3548652,23.1441594],[113.3547871,23.1441742]]}},{"type":"Feature","id":449637874,"properties":{"id":"449637874","highway":"tertiary","name":"穗园中街","oneway":false,"lanes":null,"maxheight":null,"maxweight":null,"maxwidth":null},"geometry":{"type":"LineString","coordinates":[[113.3327869,23.1459741],[113.3327872,23.1460377],[113.3328156,23.1461997]]}},{"type":"Feature","id":449642575,"properties":{"id":"449642575","highway":"tertiary","name":"龙口西路","oneway":false,"lanes":null,"maxheight":null,"maxweight":null,"maxwidth":null},"geometry":{"type":"LineString","coordinates":[[113.3308263,23.145985],[113.3308329,23.1460492]]}},{"type":"Feature","id":449642576,"properties":{"id":"449642576","highway":"tertiary","name":"天阳路","oneway":false,"lanes":null,"maxheight":null,"maxweight":null,"maxwidth":null},"geometry":{"type":"LineString","coordinates":[[113.3309402,23.1471292],[113.3316079,23.1471197],[113.3319525,23.1471164],[113.3322407,23.1471138],[113.3326166,23.1471103],[113.3329621,23.1471031]]}},{"type":"Feature","id":449643203,"properties":{"id":"449643203","highway":"tertiary","name":"天阳路","oneway":true,"lanes":null,"maxheight":null,"maxweight":null,"maxwidth":null},"geometry":{"type":"LineString","coordinates":[[113.3352196,23.1470803],[113.3350438,23.1470972],[113.3347429,23.1471043],[113.3342612,23.1471096],[113.3340884,23.1471113],[113.3337186,23.1471104],[113.3334782,23.1471118],[113.3332778,23.1471046],[113.3332431,23.1470956]]}},{"type":"Feature","id":449643204,"properties":{"id":"449643204","highway":"tertiary","name":"天阳路","oneway":true,"lanes":null,"maxheight":null,"maxweight":null,"maxwidth":null},"geometry":{"type":"LineString","coordinates":[[113.3332431,23.1470956],[113.3333214,23.147085],[113.3333996,23.1470744],[113.3334802,23.1470663],[113.3337225,23.1470611],[113.3341817,23.1470599]]}},{"type":"Feature","id":449683613,"properties":{"id":"449683613","highway":"tertiary","name":null,"oneway":true,"lanes":null,"maxheight":null,"maxweight":null,"maxwidth":null},"geometry":{"type":"LineString","coordinates":[[113.3371424,23.1438238],[113.3371726,23.1440686]]}},{"type":"Feature","id":449683614,"properties":{"id":"449683614","highway":"tertiary","name":"龙口西路","oneway":false,"lanes":null,"maxheight":null,"maxweight":null,"maxwidth":null},"geometry":{"type":"LineString","coordinates":[[113.3309402,23.1471292],[113.3309668,23.1472812],[113.3310388,23.1475636],[113.3311736,23.147956],[113.3314794,23.1489115],[113.3315484,23.1491272]]}},{"type":"Feature","id":449683615,"properties":{"id":"449683615","highway":"tertiary","name":"天阳路","oneway":false,"lanes":null,"maxheight":null,"maxweight":null,"maxwidth":null},"geometry":{"type":"LineString","coordinates":[[113.3329621,23.1471031],[113.3332431,23.1470956]]}},{"type":"Feature","id":449683616,"properties":{"id":"449683616","highway":"tertiary","name":"穗园中街","oneway":false,"lanes":null,"maxheight":null,"maxweight":null,"maxwidth":null},"geometry":{"type":"LineString","coordinates":[[113.3328156,23.1461997],[113.3329621,23.1471031]]}},{"type":"Feature","id":449686409,"properties":{"id":"449686409","highway":"tertiary","name":"天润路","oneway":true,"lanes":null,"maxheight":null,"maxweight":null,"maxwidth":null},"geometry":{"type":"LineString","coordinates":[[113.3327869,23.1459741],[113.3330236,23.1459728],[113.3332791,23.1459713],[113.3339518,23.1459644]]}},{"type":"Feature","id":449686410,"properties":{"id":"449686410","highway":"tertiary","name":"龙口东路","oneway":true,"lanes":null,"maxheight":null,"maxweight":null,"maxwidth":null},"geometry":{"type":"LineString","coordinates":[[113.3347907,23.1439717],[113.3347599,23.1438187]]}},{"type":"Feature","id":449686411,"properties":{"id":"449686411","highway":"secondary","name":"天河北路","oneway":true,"lanes":null,"maxheight":null,"maxweight":null,"maxwidth":null},"geometry":{"type":"LineString","coordinates":[[113.3347907,23.1439717],[113.3346729,23.1439593],[113.3345378,23.1439569],[113.3342016,23.1439735],[113.3341604,23.1439756],[113.3336929,23.1439999]]}},{"type":"Feature","id":449707614,"properties":{"id":"449707614","highway":"primary_link","name":null,"oneway":true,"lanes":null,"maxheight":null,"maxweight":null,"maxwidth":null},"geometry":{"type":"LineString","coordinates":[[113.3455328,23.1275037],[113.3458767,23.1276186]]}},{"type":"Feature","id":449785723,"properties":{"id":"449785723","highway":"secondary","name":null,"oneway":true,"lanes":null,"maxheight":null,"maxweight":null,"maxwidth":null},"geometry":{"type":"LineString","coordinates":[[113.3137388,23.1362318],[113.3138002,23.1362306],[113.3139237,23.136228],[113.3141325,23.1362239],[113.3143821,23.1362196],[113.314576,23.1362147],[113.314681,23.1362121],[113.314926,23.1362065],[113.315203,23.1361977],[113.3155247,23.1361896],[113.3157059,23.1361853],[113.3159009,23.1361785]]}},{"type":"Feature","id":449785725,"properties":{"id":"449785725","highway":"secondary","name":null,"oneway":true,"lanes":null,"maxheight":null,"maxweight":null,"maxwidth":null},"geometry":{"type":"LineString","coordinates":[[113.3159009,23.1361785],[113.3160984,23.1361782],[113.316215,23.1361771],[113.3162965,23.1361743],[113.3165786,23.136156]]}},{"type":"Feature","id":449785726,"properties":{"id":"449785726","highway":"secondary","name":null,"oneway":true,"lanes":null,"maxheight":null,"maxweight":null,"maxwidth":null},"geometry":{"type":"LineString","coordinates":[[113.3161157,23.1360011],[113.3161875,23.1358639]]}},{"type":"Feature","id":449785727,"properties":{"id":"449785727","highway":"unclassified","name":"体育西路辅路","oneway":true,"lanes":null,"maxheight":null,"maxweight":null,"maxwidth":null},"geometry":{"type":"LineString","coordinates":[[113.3161157,23.1360011],[113.31611,23.1359555],[113.3160987,23.1356941],[113.3160832,23.1354078],[113.3160753,23.1352755],[113.3160718,23.1352157],[113.316064,23.1350849],[113.316053,23.1348733],[113.3160419,23.1346483],[113.3160237,23.1342663],[113.3160181,23.134167],[113.31601,23.1340233],[113.3159906,23.1337167],[113.3159686,23.1333211],[113.3159606,23.1331509],[113.3159494,23.1329169],[113.3159337,23.1326169],[113.3159099,23.1321212],[113.3159082,23.1320903],[113.3158933,23.1317921],[113.3158772,23.1315056],[113.3158547,23.1310303],[113.3158508,23.1309177],[113.3158532,23.1307282]]}},{"type":"Feature","id":449785728,"properties":{"id":"449785728","highway":"primary","name":"黄埔大道西","oneway":true,"lanes":null,"maxheight":null,"maxweight":null,"maxwidth":null},"geometry":{"type":"LineString","coordinates":[[113.3152086,23.130448],[113.3150234,23.1304603],[113.3147203,23.1304802],[113.3145122,23.1304939],[113.3143674,23.1305022]]}},{"type":"Feature","id":449785730,"properties":{"id":"449785730","highway":"trunk_link","name":null,"oneway":true,"lanes":null,"maxheight":null,"maxweight":null,"maxwidth":null},"geometry":{"type":"LineString","coordinates":[[113.3113702,23.1313783],[113.3117824,23.1311813],[113.3120216,23.1310631],[113.3122517,23.1309497],[113.3124843,23.1308368],[113.3126921,23.1307286],[113.3129871,23.1305596],[113.3132031,23.1304252],[113.3134767,23.1302526]]}},{"type":"Feature","id":449785731,"properties":{"id":"449785731","highway":"tertiary","name":"平云路","oneway":true,"lanes":null,"maxheight":null,"maxweight":null,"maxwidth":null},"geometry":{"type":"LineString","coordinates":[[113.3461724,23.1266864],[113.3461904,23.1262641],[113.3462082,23.1261085],[113.3462006,23.1258705],[113.3462145,23.1255723],[113.3462348,23.1251224],[113.3462721,23.1245242],[113.346277,23.1244463],[113.3463102,23.1239898],[113.346331,23.1238733],[113.3463509,23.1238131],[113.3464293,23.1236131],[113.3464567,23.1235215],[113.3464702,23.1233496],[113.3464975,23.1229505],[113.3465206,23.1226379],[113.3465318,23.1224236],[113.3465346,23.1221549],[113.3465295,23.1215113],[113.3465,23.1207578],[113.3464702,23.1202994]]}},{"type":"Feature","id":449785733,"properties":{"id":"449785733","highway":"primary_link","name":null,"oneway":true,"lanes":null,"maxheight":null,"maxweight":null,"maxwidth":null},"geometry":{"type":"LineString","coordinates":[[113.3458767,23.1276186],[113.345966,23.1275814],[113.3461296,23.1275222],[113.3463036,23.1274817],[113.3465172,23.1274412],[113.3467082,23.127407],[113.3467602,23.1273977],[113.3468498,23.1273925],[113.3469452,23.1274038]]}},{"type":"Feature","id":449825088,"properties":{"id":"449825088","highway":"tertiary","name":"石牌西路","oneway":true,"lanes":null,"maxheight":null,"maxweight":null,"maxwidth":null},"geometry":{"type":"LineString","coordinates":[[113.3324423,23.1365335],[113.3324906,23.1363052],[113.3324994,23.1356273],[113.3325013,23.1354764],[113.3325007,23.1348853],[113.3325006,23.1347535],[113.3324997,23.1337661],[113.3324984,23.132454],[113.3324916,23.1322965]]}},{"type":"Feature","id":449825089,"properties":{"id":"449825089","highway":"tertiary","name":null,"oneway":true,"lanes":null,"maxheight":null,"maxweight":null,"maxwidth":null},"geometry":{"type":"LineString","coordinates":[[113.3329141,23.1292537],[113.3327615,23.1293407],[113.3326553,23.1294158],[113.3325813,23.1294923],[113.3325466,23.1295614],[113.3325258,23.1296156],[113.3325028,23.1297023]]}},{"type":"Feature","id":449825090,"properties":{"id":"449825090","highway":"tertiary","name":"石牌西路","oneway":false,"lanes":null,"maxheight":null,"maxweight":null,"maxwidth":null},"geometry":{"type":"LineString","coordinates":[[113.3324916,23.1322965],[113.3325004,23.1312044],[113.3325032,23.1308538],[113.3325028,23.1297023]]}},{"type":"Feature","id":449825091,"properties":{"id":"449825091","highway":"tertiary","name":null,"oneway":true,"lanes":null,"maxheight":null,"maxweight":null,"maxwidth":null},"geometry":{"type":"LineString","coordinates":[[113.3325028,23.1297023],[113.3324688,23.1295702],[113.3324257,23.1294781],[113.3323826,23.1294285],[113.3323333,23.1293974],[113.3322847,23.1293794],[113.3322123,23.1293542]]}},{"type":"Feature","id":449860491,"properties":{"id":"449860491","highway":"secondary","name":null,"oneway":true,"lanes":null,"maxheight":null,"maxweight":null,"maxwidth":null},"geometry":{"type":"LineString","coordinates":[[113.3379821,23.1289516],[113.3378449,23.1289604],[113.337695,23.12897],[113.336765,23.1290277],[113.3363408,23.1290562],[113.336283,23.1290601],[113.3359067,23.1290862],[113.3355689,23.1291052],[113.335404,23.1291132],[113.3349903,23.1291325],[113.3345503,23.12914],[113.3341756,23.1291464]]}},{"type":"Feature","id":449860492,"properties":{"id":"449860492","highway":"tertiary","name":"海欣街","oneway":false,"lanes":null,"maxheight":null,"maxweight":null,"maxwidth":null},"geometry":{"type":"LineString","coordinates":[[113.330646,23.1322583],[113.330694,23.1322593],[113.3324916,23.1322965]]}},{"type":"Feature","id":449860493,"properties":{"id":"449860493","highway":"tertiary","name":"海欣街","oneway":false,"lanes":null,"maxheight":null,"maxweight":null,"maxwidth":null},"geometry":{"type":"LineString","coordinates":[[113.3304566,23.1322514],[113.330646,23.1322583]]}},{"type":"Feature","id":449860494,"properties":{"id":"449860494","highway":"tertiary","name":"海欣街","oneway":false,"lanes":null,"maxheight":null,"maxweight":null,"maxwidth":null},"geometry":{"type":"LineString","coordinates":[[113.3287342,23.1322682],[113.3288348,23.132265],[113.3293207,23.1322497],[113.3304275,23.1322514],[113.3304566,23.1322514]]}},{"type":"Feature","id":449860495,"properties":{"id":"449860495","highway":"tertiary","name":null,"oneway":true,"lanes":null,"maxheight":null,"maxweight":null,"maxwidth":null},"geometry":{"type":"LineString","coordinates":[[113.3287342,23.1322682],[113.328647,23.1323001],[113.3286393,23.1323052],[113.328606,23.1323271],[113.3285679,23.1323639],[113.3285448,23.1323908]]}},{"type":"Feature","id":449862105,"properties":{"id":"449862105","highway":"trunk_link","name":"天河东路","oneway":true,"lanes":null,"maxheight":null,"maxweight":null,"maxwidth":null},"geometry":{"type":"LineString","coordinates":[[113.3285448,23.1323908],[113.3285782,23.1326512],[113.3285855,23.1327078]]}},{"type":"Feature","id":449880705,"properties":{"id":"449880705","highway":"secondary","name":null,"oneway":true,"lanes":null,"maxheight":null,"maxweight":null,"maxwidth":null},"geometry":{"type":"LineString","coordinates":[[113.337951,23.1285832],[113.3381058,23.1285716]]}},{"type":"Feature","id":449880706,"properties":{"id":"449880706","highway":"secondary","name":"马场路","oneway":true,"lanes":null,"maxheight":null,"maxweight":null,"maxwidth":null},"geometry":{"type":"LineString","coordinates":[[113.337951,23.1285832],[113.3379496,23.128448],[113.3379337,23.12673]]}},{"type":"Feature","id":449885405,"properties":{"id":"449885405","highway":"tertiary","name":"员村新街","oneway":false,"lanes":null,"maxheight":null,"maxweight":null,"maxwidth":null},"geometry":{"type":"LineString","coordinates":[[113.3613805,23.1223739],[113.3617931,23.1222374]]}},{"type":"Feature","id":449888007,"properties":{"id":"449888007","highway":"secondary","name":"黄埔大道中辅路","oneway":true,"lanes":null,"maxheight":null,"maxweight":null,"maxwidth":null},"geometry":{"type":"LineString","coordinates":[[113.3565779,23.125635],[113.3566691,23.125611]]}},{"type":"Feature","id":449889660,"properties":{"id":"449889660","highway":"residential","name":"员村三横路","oneway":false,"lanes":null,"maxheight":null,"maxweight":null,"maxwidth":null},"geometry":{"type":"LineString","coordinates":[[113.3617931,23.1222374],[113.3616591,23.1219018],[113.3614408,23.1213753],[113.3613141,23.1207369],[113.3612683,23.1204994],[113.3612223,23.1204243],[113.36098,23.1202218],[113.3604553,23.1198138]]}},{"type":"Feature","id":449901941,"properties":{"id":"449901941","highway":"primary","name":"林和西路","oneway":true,"lanes":null,"maxheight":null,"maxweight":null,"maxwidth":null},"geometry":{"type":"LineString","coordinates":[[113.3184498,23.1482695],[113.3184541,23.1478237],[113.3184606,23.1471486],[113.318458,23.1464698],[113.3184618,23.1462089],[113.3184615,23.1459298],[113.3184619,23.1458479],[113.3184624,23.1457145],[113.3184629,23.145588]]}},{"type":"Feature","id":450607391,"properties":{"id":"450607391","highway":"tertiary","name":"华景路","oneway":false,"lanes":null,"maxheight":null,"maxweight":null,"maxwidth":null},"geometry":{"type":"LineString","coordinates":[[113.3547871,23.1441742],[113.3547631,23.1441103]]}},{"type":"Feature","id":450614677,"properties":{"id":"450614677","highway":"primary","name":"花城大道","oneway":true,"lanes":null,"maxheight":null,"maxweight":null,"maxwidth":null},"geometry":{"type":"LineString","coordinates":[[113.3108046,23.1222298],[113.3110476,23.1222121],[113.3111482,23.1222048],[113.3118139,23.1221563],[113.3125152,23.1221053],[113.3126945,23.1220922],[113.3129654,23.1220725]]}},{"type":"Feature","id":450614678,"properties":{"id":"450614678","highway":"primary","name":"花城大道","oneway":true,"lanes":"3","maxheight":null,"maxweight":null,"maxwidth":null},"geometry":{"type":"LineString","coordinates":[[113.3294254,23.1207365],[113.3296523,23.1207217],[113.3301281,23.1206872],[113.3307934,23.1206241],[113.3310133,23.1206032],[113.3319503,23.1205147],[113.3329537,23.1204199],[113.3351781,23.1201763]]}},{"type":"Feature","id":450614679,"properties":{"id":"450614679","highway":"trunk_link","name":"猎德大道","oneway":true,"lanes":null,"maxheight":null,"maxweight":null,"maxwidth":null},"geometry":{"type":"LineString","coordinates":[[113.3284288,23.120816],[113.3284299,23.1210979]]}},{"type":"Feature","id":450614680,"properties":{"id":"450614680","highway":"trunk","name":"中山大道西","oneway":true,"lanes":null,"maxheight":null,"maxweight":null,"maxwidth":null},"geometry":{"type":"LineString","coordinates":[[113.3567749,23.1363146],[113.3565803,23.1363664],[113.3563127,23.1364377],[113.356145,23.1364812],[113.3560434,23.1365075],[113.3559152,23.1365377],[113.3556202,23.1366072],[113.3554983,23.1366419],[113.3552863,23.1367016],[113.3551252,23.1367477],[113.3550438,23.1367651],[113.3548308,23.1367984],[113.3533349,23.1370283],[113.3531035,23.1370637],[113.3529396,23.1370795],[113.3527962,23.1370929],[113.3525906,23.1371078]]}},{"type":"Feature","id":450614681,"properties":{"id":"450614681","highway":"trunk","name":"中山大道西","oneway":true,"lanes":null,"maxheight":null,"maxweight":null,"maxwidth":null},"geometry":{"type":"LineString","coordinates":[[113.3520791,23.1371457],[113.3515761,23.1371846],[113.3512091,23.1372199]]}},{"type":"Feature","id":450614683,"properties":{"id":"450614683","highway":"tertiary","name":"华景路","oneway":false,"lanes":null,"maxheight":null,"maxweight":null,"maxwidth":null},"geometry":{"type":"LineString","coordinates":[[113.3547631,23.1441103],[113.3547221,23.1440099],[113.3546898,23.1439312],[113.3546271,23.1437931],[113.3544377,23.1434018],[113.3541901,23.1428411],[113.3539041,23.1422176],[113.3538087,23.1420055],[113.3534867,23.1413052],[113.3532227,23.1407276],[113.3531778,23.1406359],[113.3531666,23.1406131],[113.3531424,23.1405585],[113.3531131,23.1404924],[113.3530792,23.1404039],[113.3530569,23.140326],[113.3530361,23.1402299],[113.353024,23.1401276],[113.3530205,23.1396659],[113.3529588,23.1392651],[113.3529009,23.1389403],[113.3528195,23.1387245],[113.3527974,23.1385935],[113.3527736,23.1384734],[113.3527517,23.1383925],[113.3527414,23.1383661],[113.3527208,23.1383133],[113.3526938,23.1382553],[113.3526814,23.1382286],[113.3523532,23.1376004],[113.3521882,23.1372641]]}},{"type":"Feature","id":450920616,"properties":{"id":"450920616","highway":"trunk","name":"中山大道西","oneway":true,"lanes":null,"maxheight":null,"maxweight":null,"maxwidth":null},"geometry":{"type":"LineString","coordinates":[[113.3617005,23.1345695],[113.3612304,23.1347951],[113.3610239,23.1348941],[113.3609629,23.1349234],[113.3604265,23.1351353],[113.3598467,23.1353618],[113.3596312,23.1354357],[113.3594457,23.135487],[113.3589552,23.1356642],[113.3582387,23.135919]]}},{"type":"Feature","id":450920617,"properties":{"id":"450920617","highway":"primary","name":"黄埔大道中","oneway":true,"lanes":null,"maxheight":null,"maxweight":null,"maxwidth":null},"geometry":{"type":"LineString","coordinates":[[113.3529441,23.1266392],[113.3521502,23.126797],[113.3517507,23.1268739],[113.3512069,23.1269786],[113.3506812,23.1270676],[113.3492128,23.1273157],[113.3477617,23.1275735],[113.3468802,23.1277353]]}},{"type":"Feature","id":450920618,"properties":{"id":"450920618","highway":"secondary","name":"黄埔大道西","oneway":true,"lanes":null,"maxheight":null,"maxweight":null,"maxwidth":null},"geometry":{"type":"LineString","coordinates":[[113.328264,23.1296161],[113.3273389,23.1296905]]}},{"type":"Feature","id":450940581,"properties":{"id":"450940581","highway":"tertiary","name":"林和东路","oneway":true,"lanes":null,"maxheight":null,"maxweight":null,"maxwidth":null},"geometry":{"type":"LineString","coordinates":[[113.3230301,23.1457144],[113.3230309,23.1459374],[113.3230323,23.146299],[113.3230317,23.1464744],[113.3230351,23.1469649],[113.3230368,23.1472028],[113.3230367,23.1478185]]}},{"type":"Feature","id":450940582,"properties":{"id":"450940582","highway":"tertiary","name":"林乐路","oneway":true,"lanes":null,"maxheight":null,"maxweight":null,"maxwidth":null},"geometry":{"type":"LineString","coordinates":[[113.3230301,23.1457144],[113.3229613,23.1456805],[113.3227406,23.1456466],[113.3225743,23.1456248],[113.322403,23.1456039],[113.3222177,23.1455852],[113.3219922,23.145567],[113.3216835,23.1455435],[113.3214214,23.1455267],[113.3211415,23.1455104],[113.3210737,23.1455041],[113.3208662,23.1454975],[113.3206822,23.1454939],[113.3205307,23.1454988],[113.3204535,23.1455096],[113.3203839,23.1455484],[113.3203343,23.1456075],[113.320195,23.1459267]]}},{"type":"Feature","id":451041313,"properties":{"id":"451041313","highway":"secondary","name":"华夏路","oneway":true,"lanes":null,"maxheight":null,"maxweight":null,"maxwidth":null},"geometry":{"type":"LineString","coordinates":[[113.3160408,23.126564],[113.3159919,23.1265859],[113.3159531,23.1265973],[113.3159168,23.1266045],[113.3158692,23.1266059],[113.3158303,23.126601],[113.3157659,23.1265866]]}},{"type":"Feature","id":451041314,"properties":{"id":"451041314","highway":"secondary","name":"黄埔大道西","oneway":true,"lanes":null,"maxheight":null,"maxweight":null,"maxwidth":null},"geometry":{"type":"LineString","coordinates":[[113.3282234,23.1292575],[113.3288898,23.1292192],[113.3298565,23.1291702]]}},{"type":"Feature","id":451041315,"properties":{"id":"451041315","highway":"trunk","name":"天河东路","oneway":true,"lanes":null,"maxheight":null,"maxweight":null,"maxwidth":null},"geometry":{"type":"LineString","coordinates":[[113.3284226,23.138577],[113.3281468,23.1400232],[113.3280834,23.1403554],[113.3280722,23.1404141],[113.3279102,23.1412633],[113.3277897,23.1418948]]}},{"type":"Feature","id":451042486,"properties":{"id":"451042486","highway":"trunk","name":"天河东路","oneway":true,"lanes":null,"maxheight":null,"maxweight":null,"maxwidth":null},"geometry":{"type":"LineString","coordinates":[[113.3283041,23.1323242],[113.3282722,23.1320562],[113.3282125,23.1315957],[113.3281612,23.131222]]}},{"type":"Feature","id":451042488,"properties":{"id":"451042488","highway":"secondary","name":"黄埔大道西","oneway":true,"lanes":"3","maxheight":null,"maxweight":null,"maxwidth":null},"geometry":{"type":"LineString","coordinates":[[113.3273389,23.1296905],[113.3268089,23.1297313]]}},{"type":"Feature","id":452686138,"properties":{"id":"452686138","highway":"tertiary","name":"紫荆路","oneway":true,"lanes":null,"maxheight":null,"maxweight":null,"maxwidth":null},"geometry":{"type":"LineString","coordinates":[[113.3229746,23.1477995],[113.3230367,23.1478185]]}},{"type":"Feature","id":452686139,"properties":{"id":"452686139","highway":"tertiary","name":"林和东路","oneway":true,"lanes":null,"maxheight":null,"maxweight":null,"maxwidth":null},"geometry":{"type":"LineString","coordinates":[[113.3229746,23.1477995],[113.3229728,23.1474539],[113.3229722,23.1473448],[113.3229699,23.1469266],[113.3229672,23.1464474],[113.3229613,23.1456805]]}},{"type":"Feature","id":452686142,"properties":{"id":"452686142","highway":"trunk","name":"广园快速路","oneway":true,"lanes":"4","maxheight":null,"maxweight":null,"maxwidth":null},"geometry":{"type":"LineString","coordinates":[[113.3321427,23.1500401],[113.3343102,23.1492916],[113.3354018,23.1489203],[113.3359126,23.1487525],[113.336361,23.1485999],[113.3368132,23.1484638],[113.3370398,23.1484037],[113.3373094,23.1483342],[113.33756,23.1482719],[113.3378888,23.1482016],[113.3382321,23.1481332],[113.3387606,23.1480404],[113.3396235,23.1479219],[113.3402204,23.1478301],[113.3409623,23.1477044],[113.3412129,23.1476627],[113.3416273,23.1475835],[113.3421106,23.1475162],[113.3426289,23.1474531],[113.3430185,23.1474093],[113.343672,23.1473496],[113.3440511,23.1473247],[113.3446017,23.1473076],[113.3450495,23.1473023],[113.3454396,23.1472978],[113.3456499,23.1472983],[113.3461153,23.1473063],[113.3466574,23.147327],[113.3509538,23.1476386],[113.3511525,23.1476506],[113.3515093,23.1476597],[113.3518565,23.1476507],[113.3521155,23.1476327],[113.352534,23.1475939],[113.3529182,23.1475486],[113.3531609,23.1475134],[113.3533881,23.1474685],[113.3535573,23.1474351],[113.3539255,23.1473493],[113.3543297,23.1472344],[113.354537,23.1471732],[113.3555301,23.1468838],[113.3560857,23.1467098],[113.3565295,23.146581],[113.3571296,23.146399]]}},{"type":"Feature","id":452849680,"properties":{"id":"452849680","highway":"secondary","name":"五山路","oneway":true,"lanes":null,"maxheight":null,"maxweight":null,"maxwidth":null},"geometry":{"type":"LineString","coordinates":[[113.3370675,23.138778],[113.3369067,23.1385628],[113.3368455,23.1384742],[113.3368402,23.1384263],[113.3368477,23.138373]]}},{"type":"Feature","id":453717285,"properties":{"id":"453717285","highway":"tertiary_link","name":null,"oneway":true,"lanes":null,"maxheight":null,"maxweight":null,"maxwidth":null},"geometry":{"type":"LineString","coordinates":[[113.3152586,23.1262592],[113.3153198,23.1262719],[113.315358,23.1262916],[113.315396,23.1263142],[113.3154197,23.126338],[113.3154276,23.1263731],[113.3154238,23.1264029],[113.3154189,23.1264257],[113.3154039,23.1264528],[113.3153788,23.1264784]]}},{"type":"Feature","id":453717286,"properties":{"id":"453717286","highway":"secondary","name":"金穗路","oneway":true,"lanes":null,"maxheight":null,"maxweight":null,"maxwidth":null},"geometry":{"type":"LineString","coordinates":[[113.3152586,23.1262592],[113.315349,23.1262467],[113.3154322,23.1262275],[113.3154994,23.1261954],[113.3155639,23.1261616],[113.3156874,23.1260875]]}},{"type":"Feature","id":453717287,"properties":{"id":"453717287","highway":"secondary","name":"金穗路","oneway":true,"lanes":null,"maxheight":null,"maxweight":null,"maxwidth":null},"geometry":{"type":"LineString","coordinates":[[113.3153788,23.1264784],[113.3150417,23.1265037],[113.3140632,23.1265772],[113.3138975,23.1265897],[113.3136314,23.1266148],[113.3135465,23.1266249],[113.3134378,23.1266391],[113.3133722,23.1266487],[113.3133275,23.1266552],[113.3132158,23.1266731]]}},{"type":"Feature","id":453717288,"properties":{"id":"453717288","highway":"secondary","name":"金穗路","oneway":true,"lanes":null,"maxheight":null,"maxweight":null,"maxwidth":null},"geometry":{"type":"LineString","coordinates":[[113.3132158,23.1266731],[113.3131347,23.1266824]]}},{"type":"Feature","id":453717289,"properties":{"id":"453717289","highway":"tertiary","name":"华穗路","oneway":true,"lanes":null,"maxheight":null,"maxweight":null,"maxwidth":null},"geometry":{"type":"LineString","coordinates":[[113.3132158,23.1266731],[113.3132209,23.1268714],[113.3132236,23.1269742],[113.3132309,23.1275303],[113.3132343,23.1277947],[113.3132499,23.1284487],[113.3132519,23.128531],[113.3132538,23.1286103],[113.3132544,23.1286348],[113.3132568,23.128877],[113.3132551,23.1291035],[113.3132466,23.1293656],[113.3132187,23.130274],[113.3132166,23.130343]]}},{"type":"Feature","id":453717290,"properties":{"id":"453717290","highway":"tertiary","name":null,"oneway":true,"lanes":null,"maxheight":null,"maxweight":null,"maxwidth":null},"geometry":{"type":"LineString","coordinates":[[113.3132166,23.130343],[113.313291,23.1303116],[113.3133687,23.1302832],[113.3134767,23.1302526]]}},{"type":"Feature","id":454300882,"properties":{"id":"454300882","highway":"residential","name":"华文街","oneway":false,"lanes":null,"maxheight":null,"maxweight":null,"maxwidth":null},"geometry":{"type":"LineString","coordinates":[[113.3230206,23.1376291],[113.3231197,23.1376279]]}},{"type":"Feature","id":454300885,"properties":{"id":"454300885","highway":"residential","name":"华文街","oneway":true,"lanes":null,"maxheight":null,"maxweight":null,"maxwidth":null},"geometry":{"type":"LineString","coordinates":[[113.3231197,23.1376279],[113.3232427,23.1376273],[113.3233498,23.1376268],[113.324073,23.1376235]]}},{"type":"Feature","id":454300892,"properties":{"id":"454300892","highway":"secondary","name":"体育东路","oneway":true,"lanes":null,"maxheight":null,"maxweight":null,"maxwidth":null},"geometry":{"type":"LineString","coordinates":[[113.3230206,23.1376291],[113.323019,23.1383634],[113.3230193,23.1385336],[113.3230204,23.1389664],[113.3230214,23.1396912]]}},{"type":"Feature","id":454300899,"properties":{"id":"454300899","highway":"unclassified","name":"体育东路辅路","oneway":true,"lanes":null,"maxheight":null,"maxweight":null,"maxwidth":null},"geometry":{"type":"LineString","coordinates":[[113.3231197,23.1376279],[113.3231277,23.1383639],[113.3231304,23.1387716],[113.3231317,23.1389648],[113.3231222,23.1394804],[113.3231183,23.1396917]]}},{"type":"Feature","id":454607343,"properties":{"id":"454607343","highway":"secondary","name":"黄埔大道中辅路","oneway":true,"lanes":null,"maxheight":null,"maxweight":null,"maxwidth":null},"geometry":{"type":"LineString","coordinates":[[113.3567017,23.1259551],[113.3565993,23.1259807]]}},{"type":"Feature","id":454607344,"properties":{"id":"454607344","highway":"secondary","name":"天府路","oneway":true,"lanes":null,"maxheight":null,"maxweight":null,"maxwidth":null},"geometry":{"type":"LineString","coordinates":[[113.3567017,23.1259551],[113.3567182,23.1261016],[113.3568748,23.1279901],[113.3568954,23.1282075],[113.3569458,23.1286784],[113.3569573,23.1287944],[113.3569942,23.1291662],[113.3570427,23.1296166],[113.3570643,23.1297863],[113.3570841,23.1299272],[113.3571058,23.1300498],[113.3571355,23.1301808],[113.3571645,23.1303005],[113.357301,23.1307839],[113.3573227,23.1308817],[113.357338,23.1309738],[113.3573471,23.131058],[113.3573536,23.131148],[113.3573579,23.1313637],[113.3573555,23.1313925]]}},{"type":"Feature","id":454718579,"properties":{"id":"454718579","highway":"service","name":null,"oneway":true,"lanes":null,"maxheight":null,"maxweight":null,"maxwidth":null},"geometry":{"type":"LineString","coordinates":[[113.3469983,23.1263553],[113.3470487,23.1263552],[113.3470844,23.1263551],[113.3471835,23.1263486],[113.3478624,23.1262966],[113.3478661,23.1265899],[113.3472029,23.1266273]]}},{"type":"Feature","id":454718584,"properties":{"id":"454718584","highway":"service","name":null,"oneway":true,"lanes":null,"maxheight":null,"maxweight":null,"maxwidth":null},"geometry":{"type":"LineString","coordinates":[[113.3472029,23.1266273],[113.3471155,23.1266291],[113.3470309,23.1266244],[113.3470124,23.1266225],[113.3469463,23.1266159]]}},{"type":"Feature","id":454718586,"properties":{"id":"454718586","highway":"unclassified","name":null,"oneway":true,"lanes":null,"maxheight":null,"maxweight":null,"maxwidth":null},"geometry":{"type":"LineString","coordinates":[[113.3469463,23.1266159],[113.3468884,23.1266812],[113.3468176,23.1267658],[113.3467715,23.1268114],[113.3467096,23.126844],[113.3466158,23.1268602],[113.346568,23.1268586],[113.346508,23.1268511],[113.3464176,23.1268342],[113.3463274,23.1267984],[113.346269,23.126761],[113.3461724,23.1266864]]}},{"type":"Feature","id":454718594,"properties":{"id":"454718594","highway":"tertiary","name":"员村一横路","oneway":true,"lanes":null,"maxheight":null,"maxweight":null,"maxwidth":null},"geometry":{"type":"LineString","coordinates":[[113.347243,23.1224179],[113.3471716,23.1229795],[113.3471513,23.1232225],[113.347135,23.1235627],[113.3471012,23.1241213],[113.3470923,23.1242629],[113.3470725,23.124542],[113.3470557,23.1248267],[113.3470482,23.1249509],[113.3470462,23.1250443],[113.3470415,23.1251686],[113.347049,23.1252935],[113.3470543,23.1254372],[113.3470584,23.125584],[113.3470449,23.1258707],[113.3470355,23.1260307],[113.3470112,23.126251],[113.3469983,23.1263553]]}},{"type":"Feature","id":454718951,"properties":{"id":"454718951","highway":"motorway_link","name":null,"oneway":true,"lanes":null,"maxheight":null,"maxweight":"55","maxwidth":null},"geometry":{"type":"LineString","coordinates":[[113.3483546,23.1271884],[113.349426,23.1269958],[113.3505166,23.1267866]]}},{"type":"Feature","id":454843355,"properties":{"id":"454843355","highway":"primary_link","name":null,"oneway":true,"lanes":null,"maxheight":null,"maxweight":null,"maxwidth":null},"geometry":{"type":"LineString","coordinates":[[113.3469452,23.1274038],[113.3470175,23.127433],[113.3470864,23.1274693],[113.3471032,23.1274822],[113.3471547,23.1275216]]}},{"type":"Feature","id":454843773,"properties":{"id":"454843773","highway":"tertiary","name":"员村一横路","oneway":true,"lanes":null,"maxheight":null,"maxweight":null,"maxwidth":null},"geometry":{"type":"LineString","coordinates":[[113.3469983,23.1263553],[113.3469646,23.1265056],[113.3469557,23.1265502],[113.3469463,23.1266159]]}},{"type":"Feature","id":454846682,"properties":{"id":"454846682","highway":"secondary","name":"黄埔大道中辅路","oneway":true,"lanes":null,"maxheight":null,"maxweight":null,"maxwidth":null},"geometry":{"type":"LineString","coordinates":[[113.3559589,23.1257859],[113.3561591,23.1257371],[113.3565779,23.125635]]}},{"type":"Feature","id":454846683,"properties":{"id":"454846683","highway":"secondary","name":"黄埔大道中辅路","oneway":true,"lanes":null,"maxheight":null,"maxweight":null,"maxwidth":null},"geometry":{"type":"LineString","coordinates":[[113.3560524,23.1261181],[113.3555163,23.1262412],[113.3542822,23.1264714],[113.3541338,23.1264956],[113.3539819,23.1265195],[113.3535396,23.1265702],[113.3534667,23.1265786],[113.3531085,23.1266201],[113.3529441,23.1266392]]}},{"type":"Feature","id":454901564,"properties":{"id":"454901564","highway":"residential","name":"粤生街","oneway":false,"lanes":null,"maxheight":null,"maxweight":null,"maxwidth":null},"geometry":{"type":"LineString","coordinates":[[113.3529588,23.1392651],[113.3532478,23.139177],[113.3533426,23.1391199],[113.3534129,23.1390776],[113.3535777,23.1389591],[113.3540817,23.1388575],[113.3544815,23.1392648],[113.3549836,23.1397455],[113.3550778,23.1397698],[113.35584,23.1402926],[113.3559337,23.1403569],[113.3570445,23.1405311]]}},{"type":"Feature","id":454901567,"properties":{"id":"454901567","highway":"unclassified","name":null,"oneway":false,"lanes":null,"maxheight":null,"maxweight":null,"maxwidth":null},"geometry":{"type":"LineString","coordinates":[[113.3582387,23.135919],[113.3582503,23.1360016],[113.3582502,23.1361592],[113.3582384,23.1362388],[113.3582116,23.1363047],[113.3581736,23.1363619],[113.3580611,23.1364556],[113.3579842,23.1365268],[113.3579023,23.1366231],[113.3578384,23.1367364],[113.3578057,23.1368394],[113.3575282,23.1378228],[113.3576176,23.138274],[113.3578232,23.1390437],[113.3579745,23.139385],[113.3580405,23.1395712]]}},{"type":"Feature","id":456382186,"properties":{"id":"456382186","highway":"tertiary","name":"兴民路","oneway":false,"lanes":null,"maxheight":null,"maxweight":null,"maxwidth":null},"geometry":{"type":"LineString","coordinates":[[113.3252646,23.1195145],[113.3250981,23.1195264],[113.3227826,23.1196914],[113.3225907,23.1197051]]}},{"type":"Feature","id":456382543,"properties":{"id":"456382543","highway":"tertiary","name":"兴国路","oneway":true,"lanes":null,"maxheight":null,"maxweight":null,"maxwidth":null},"geometry":{"type":"LineString","coordinates":[[113.3253158,23.1168701],[113.3253151,23.1170088],[113.3253119,23.1176742],[113.3253111,23.1178373],[113.3253102,23.1180432],[113.3253062,23.1189655],[113.3253044,23.1193787],[113.3253042,23.1194394],[113.3252646,23.1195145]]}},{"type":"Feature","id":456384919,"properties":{"id":"456384919","highway":"service","name":null,"oneway":true,"lanes":null,"maxheight":null,"maxweight":null,"maxwidth":null},"geometry":{"type":"LineString","coordinates":[[113.3261984,23.119448],[113.3261693,23.1193991],[113.3261575,23.119382],[113.3261489,23.1193697],[113.3261053,23.1193443],[113.3260559,23.1193403],[113.3259584,23.1193446],[113.3258845,23.1193482]]}},{"type":"Feature","id":456384920,"properties":{"id":"456384920","highway":"tertiary","name":"兴民路","oneway":false,"lanes":null,"maxheight":null,"maxweight":null,"maxwidth":null},"geometry":{"type":"LineString","coordinates":[[113.3261984,23.119448],[113.3257294,23.1194814],[113.3254269,23.119503],[113.3252646,23.1195145]]}},{"type":"Feature","id":456384921,"properties":{"id":"456384921","highway":"service","name":null,"oneway":true,"lanes":null,"maxheight":null,"maxweight":null,"maxwidth":null},"geometry":{"type":"LineString","coordinates":[[113.3261829,23.119214],[113.3261939,23.1193801],[113.3261984,23.119448]]}},{"type":"Feature","id":456540544,"properties":{"id":"456540544","highway":"trunk_link","name":"猎德大道","oneway":true,"lanes":null,"maxheight":null,"maxweight":null,"maxwidth":null},"geometry":{"type":"LineString","coordinates":[[113.3281011,23.1194347],[113.3281133,23.1192207],[113.3281217,23.1190724],[113.3281466,23.1188185],[113.3281608,23.1185616]]}},{"type":"Feature","id":456540545,"properties":{"id":"456540545","highway":"service","name":null,"oneway":true,"lanes":null,"maxheight":null,"maxweight":null,"maxwidth":null},"geometry":{"type":"LineString","coordinates":[[113.3258845,23.1193482],[113.3258318,23.1193446],[113.3257896,23.1193288],[113.3257742,23.1192952],[113.3257646,23.1192282],[113.3257608,23.119177],[113.3257742,23.119147],[113.3258022,23.1191293],[113.325869,23.1191146],[113.3259671,23.1191085],[113.3260504,23.1191099],[113.3261242,23.1191205],[113.3261591,23.1191329],[113.3261702,23.1191468],[113.3261792,23.1191727],[113.3261829,23.119214]]}},{"type":"Feature","id":456541502,"properties":{"id":"456541502","highway":"primary","name":"花城大道","oneway":true,"lanes":"3","maxheight":null,"maxweight":null,"maxwidth":null},"geometry":{"type":"LineString","coordinates":[[113.3275409,23.1211925],[113.3268616,23.1212416]]}},{"type":"Feature","id":456541503,"properties":{"id":"456541503","highway":"primary","name":"花城大道","oneway":true,"lanes":"3","maxheight":null,"maxweight":null,"maxwidth":null},"geometry":{"type":"LineString","coordinates":[[113.3253214,23.1210813],[113.3262577,23.1210037],[113.3267433,23.1209634],[113.3270277,23.1209481],[113.327345,23.1209339]]}},{"type":"Feature","id":456766132,"properties":{"id":"456766132","highway":"secondary","name":null,"oneway":true,"lanes":null,"maxheight":null,"maxweight":null,"maxwidth":null},"geometry":{"type":"LineString","coordinates":[[113.3139993,23.1365833],[113.3135817,23.136606],[113.3132946,23.1366246],[113.3124614,23.1366735],[113.3122386,23.1366812],[113.3121435,23.1366845],[113.3113213,23.1367331],[113.3112815,23.1367352]]}},{"type":"Feature","id":456766133,"properties":{"id":"456766133","highway":"trunk_link","name":null,"oneway":true,"lanes":null,"maxheight":null,"maxweight":null,"maxwidth":null},"geometry":{"type":"LineString","coordinates":[[113.3139953,23.1364834],[113.3137767,23.1365177],[113.312438,23.1365865],[113.3122424,23.1365916],[113.3121429,23.1365943],[113.3116939,23.1366161]]}},{"type":"Feature","id":456766134,"properties":{"id":"456766134","highway":"secondary","name":null,"oneway":true,"lanes":null,"maxheight":null,"maxweight":null,"maxwidth":null},"geometry":{"type":"LineString","coordinates":[[113.3159823,23.1364708],[113.3158105,23.1364851],[113.3157025,23.136493],[113.3153797,23.1365122],[113.3147784,23.1365451],[113.314627,23.1365484],[113.314204,23.1365691],[113.3139993,23.1365833]]}},{"type":"Feature","id":456766135,"properties":{"id":"456766135","highway":"tertiary","name":null,"oneway":true,"lanes":null,"maxheight":null,"maxweight":null,"maxwidth":null},"geometry":{"type":"LineString","coordinates":[[113.3159823,23.1364708],[113.3158139,23.1364032]]}},{"type":"Feature","id":457011964,"properties":{"id":"457011964","highway":"tertiary_link","name":null,"oneway":false,"lanes":null,"maxheight":null,"maxweight":null,"maxwidth":null},"geometry":{"type":"LineString","coordinates":[[113.3543703,23.1476955],[113.3543507,23.1475279],[113.3543284,23.1474472]]}},{"type":"Feature","id":457176635,"properties":{"id":"457176635","highway":"secondary","name":"金穗路","oneway":true,"lanes":null,"maxheight":null,"maxweight":null,"maxwidth":null},"geometry":{"type":"LineString","coordinates":[[113.3132047,23.1264156],[113.313293,23.1264014],[113.3133585,23.1263905],[113.3133779,23.1263873],[113.3134886,23.1263733],[113.3136084,23.1263597],[113.3137318,23.1263497],[113.3138453,23.1263403],[113.3140889,23.1263265],[113.3150205,23.1262738],[113.3151285,23.1262677],[113.3152586,23.1262592]]}},{"type":"Feature","id":457176636,"properties":{"id":"457176636","highway":"tertiary","name":"华穗路","oneway":true,"lanes":null,"maxheight":null,"maxweight":null,"maxwidth":null},"geometry":{"type":"LineString","coordinates":[[113.3132047,23.1264156],[113.3132158,23.1266731]]}},{"type":"Feature","id":457176637,"properties":{"id":"457176637","highway":"trunk","name":"广园快速路","oneway":true,"lanes":"4","maxheight":null,"maxweight":null,"maxwidth":null},"geometry":{"type":"LineString","coordinates":[[113.3571296,23.146399],[113.3580425,23.1461514],[113.3582492,23.1460937],[113.3585084,23.1460422]]}},{"type":"Feature","id":457176638,"properties":{"id":"457176638","highway":"tertiary","name":"科华街","oneway":true,"lanes":null,"maxheight":null,"maxweight":null,"maxwidth":null},"geometry":{"type":"LineString","coordinates":[[113.3577287,23.1465369],[113.3576955,23.1466085],[113.3576426,23.1466547],[113.3576013,23.1466778],[113.3575361,23.1467009],[113.3573545,23.1467481],[113.356754,23.1469189],[113.3566324,23.146977],[113.3565516,23.1470313],[113.3564803,23.147099],[113.3563841,23.1472473],[113.356246,23.1474539],[113.3561881,23.1475585],[113.35613,23.1476607],[113.3560913,23.1477565],[113.3560701,23.1478774],[113.3560007,23.1480885],[113.3559634,23.1482832],[113.3559402,23.1484115],[113.3558937,23.1485637]]}},{"type":"Feature","id":457182007,"properties":{"id":"457182007","highway":"unclassified","name":null,"oneway":false,"lanes":null,"maxheight":null,"maxweight":null,"maxwidth":null},"geometry":{"type":"LineString","coordinates":[[113.352776,23.1480122],[113.3526308,23.147921],[113.3520265,23.1479683],[113.3518507,23.1480486],[113.351613,23.1480969],[113.3514732,23.1480973],[113.3508735,23.1480325],[113.3506213,23.1479842],[113.350102,23.1479143]]}},{"type":"Feature","id":457182008,"properties":{"id":"457182008","highway":"trunk","name":"广园快速路","oneway":true,"lanes":"4","maxheight":null,"maxweight":null,"maxwidth":null},"geometry":{"type":"LineString","coordinates":[[113.3514559,23.1478603],[113.3509824,23.1478409],[113.350532,23.1478114],[113.3470955,23.1475674],[113.3461931,23.1475048]]}},{"type":"Feature","id":457884963,"properties":{"id":"457884963","highway":"secondary","name":"华夏路","oneway":true,"lanes":null,"maxheight":null,"maxweight":null,"maxwidth":null},"geometry":{"type":"LineString","coordinates":[[113.3156874,23.1260875],[113.3157706,23.1260455],[113.3158377,23.1260305],[113.3159067,23.1260293],[113.3159744,23.1260419],[113.3160374,23.1260679]]}},{"type":"Feature","id":457885320,"properties":{"id":"457885320","highway":"secondary","name":"华夏路","oneway":true,"lanes":null,"maxheight":null,"maxweight":null,"maxwidth":null},"geometry":{"type":"LineString","coordinates":[[113.3157379,23.1219144],[113.3157308,23.1217271],[113.3157175,23.121395]]}},{"type":"Feature","id":457885321,"properties":{"id":"457885321","highway":"primary","name":"花城大道","oneway":true,"lanes":"3","maxheight":null,"maxweight":null,"maxwidth":null},"geometry":{"type":"LineString","coordinates":[[113.3157379,23.1219144],[113.3158887,23.12191]]}},{"type":"Feature","id":457886988,"properties":{"id":"457886988","highway":"secondary","name":"华夏路","oneway":true,"lanes":null,"maxheight":null,"maxweight":null,"maxwidth":null},"geometry":{"type":"LineString","coordinates":[[113.3156622,23.1265239],[113.3156234,23.1264838],[113.3155978,23.1264349],[113.3155788,23.1263868],[113.3155727,23.1263362],[113.3155734,23.1262897],[113.3155808,23.1262419],[113.3155956,23.1261937],[113.3156216,23.1261504],[113.3156874,23.1260875]]}},{"type":"Feature","id":457886989,"properties":{"id":"457886989","highway":"secondary","name":"华夏路","oneway":true,"lanes":null,"maxheight":null,"maxweight":null,"maxwidth":null},"geometry":{"type":"LineString","coordinates":[[113.3160374,23.1260679],[113.3160927,23.1261059],[113.3161376,23.1261541]]}},{"type":"Feature","id":457886990,"properties":{"id":"457886990","highway":"secondary","name":"华夏路","oneway":true,"lanes":null,"maxheight":null,"maxweight":null,"maxwidth":null},"geometry":{"type":"LineString","coordinates":[[113.3158931,23.1220911],[113.3158943,23.1221556]]}},{"type":"Feature","id":457886991,"properties":{"id":"457886991","highway":"primary","name":"花城大道","oneway":true,"lanes":null,"maxheight":null,"maxweight":null,"maxwidth":null},"geometry":{"type":"LineString","coordinates":[[113.3158931,23.1220911],[113.3157381,23.1221158]]}},{"type":"Feature","id":458080382,"properties":{"id":"458080382","highway":"secondary","name":"黄埔大道西","oneway":true,"lanes":null,"maxheight":null,"maxweight":null,"maxwidth":null},"geometry":{"type":"LineString","coordinates":[[113.3226901,23.1296613],[113.322836,23.1296538],[113.3267788,23.1294357]]}},{"type":"Feature","id":458714677,"properties":{"id":"458714677","highway":"secondary","name":"天河北路","oneway":true,"lanes":null,"maxheight":null,"maxweight":null,"maxwidth":null},"geometry":{"type":"LineString","coordinates":[[113.3274486,23.1441441],[113.3278208,23.1441534]]}},{"type":"Feature","id":458714678,"properties":{"id":"458714678","highway":"tertiary","name":"翰景路","oneway":true,"lanes":null,"maxheight":null,"maxweight":null,"maxwidth":null},"geometry":{"type":"LineString","coordinates":[[113.3538061,23.145447],[113.353796,23.1454002],[113.3537878,23.1453411],[113.3537831,23.1452692],[113.3537867,23.1451629],[113.3537902,23.1451326]]}},{"type":"Feature","id":458714679,"properties":{"id":"458714679","highway":"residential","name":"瀚景街","oneway":false,"lanes":null,"maxheight":null,"maxweight":null,"maxwidth":null},"geometry":{"type":"LineString","coordinates":[[113.3538061,23.145447],[113.3538793,23.1454376]]}},{"type":"Feature","id":458714680,"properties":{"id":"458714680","highway":"tertiary","name":"翰景路","oneway":true,"lanes":null,"maxheight":null,"maxweight":null,"maxwidth":null},"geometry":{"type":"LineString","coordinates":[[113.3538793,23.1454376],[113.3539124,23.1455794]]}},{"type":"Feature","id":458714681,"properties":{"id":"458714681","highway":"tertiary","name":"翰景路","oneway":true,"lanes":null,"maxheight":null,"maxweight":null,"maxwidth":null},"geometry":{"type":"LineString","coordinates":[[113.3531085,23.1464828],[113.353066,23.1464919],[113.352795,23.1465435],[113.3525659,23.1465829],[113.3522749,23.1466338],[113.3520006,23.1466813],[113.3517406,23.1467223],[113.3514457,23.1467637],[113.351205,23.1467932],[113.3510005,23.1468149],[113.3506981,23.1468434],[113.3504378,23.1468629],[113.3502126,23.1468707],[113.3499384,23.1468701],[113.3496278,23.1468604],[113.3493607,23.1468476],[113.3489945,23.146827],[113.3485006,23.1467968],[113.3480533,23.1467659],[113.3472071,23.1467151],[113.3460802,23.1466428]]}},{"type":"Feature","id":458944256,"properties":{"id":"458944256","highway":"motorway","name":"华南快速","oneway":true,"lanes":"4","maxheight":null,"maxweight":null,"maxwidth":null},"geometry":{"type":"LineString","coordinates":[[113.346663,23.118667],[113.346683,23.1189806],[113.3467112,23.1192745],[113.3467354,23.1196716],[113.3467584,23.1199797],[113.3467899,23.1204297],[113.3468243,23.1210529],[113.346852,23.121687]]}},{"type":"Feature","id":458944257,"properties":{"id":"458944257","highway":"motorway_link","name":null,"oneway":true,"lanes":null,"maxheight":null,"maxweight":null,"maxwidth":null},"geometry":{"type":"LineString","coordinates":[[113.346916,23.1242692],[113.3469452,23.1247992],[113.3469388,23.1252716],[113.3469245,23.1262173],[113.346923,23.126393],[113.3469463,23.1266159]]}},{"type":"Feature","id":458944258,"properties":{"id":"458944258","highway":"motorway_link","name":null,"oneway":true,"lanes":null,"maxheight":null,"maxweight":null,"maxwidth":null},"geometry":{"type":"LineString","coordinates":[[113.3470664,23.1270449],[113.3472439,23.1271277],[113.3473313,23.1271606],[113.3474042,23.1271824],[113.3474706,23.1272032],[113.3475506,23.1272205],[113.3476057,23.1272302],[113.3476672,23.1272356],[113.3477277,23.1272389],[113.3478079,23.127235],[113.3478795,23.1272313],[113.3483546,23.1271884]]}},{"type":"Feature","id":458944259,"properties":{"id":"458944259","highway":"motorway_link","name":null,"oneway":true,"lanes":null,"maxheight":null,"maxweight":null,"maxwidth":null},"geometry":{"type":"LineString","coordinates":[[113.3436005,23.128446],[113.3433333,23.1284779],[113.3432529,23.1284875],[113.3430211,23.1285149],[113.3428251,23.1285302],[113.3427022,23.1285373],[113.3426434,23.1285407],[113.3425103,23.1285438],[113.3424796,23.1285445],[113.3422734,23.1285322]]}},{"type":"Feature","id":458944260,"properties":{"id":"458944260","highway":"residential","name":null,"oneway":true,"lanes":null,"maxheight":null,"maxweight":null,"maxwidth":null},"geometry":{"type":"LineString","coordinates":[[113.3433333,23.1284779],[113.3433032,23.1285128],[113.3432947,23.1285536],[113.3432948,23.1285876],[113.3433084,23.1286093],[113.3433779,23.1286299]]}},{"type":"Feature","id":458944262,"properties":{"id":"458944262","highway":"secondary","name":null,"oneway":true,"lanes":null,"maxheight":null,"maxweight":null,"maxwidth":null},"geometry":{"type":"LineString","coordinates":[[113.3408699,23.1287279],[113.3401666,23.1287894],[113.3395993,23.1288317],[113.3391868,23.1288625],[113.338646,23.1289028],[113.3382835,23.1289294],[113.3382496,23.1289319],[113.3379821,23.1289516]]}},{"type":"Feature","id":459587614,"properties":{"id":"459587614","highway":"trunk_link","name":"天河东路","oneway":true,"lanes":null,"maxheight":null,"maxweight":null,"maxwidth":null},"geometry":{"type":"LineString","coordinates":[[113.3284519,23.1339485],[113.3284261,23.133763],[113.3283723,23.1333987],[113.3283666,23.1333416],[113.328361,23.1332846],[113.3283633,23.1331545],[113.3283936,23.1329644]]}},{"type":"Feature","id":459587615,"properties":{"id":"459587615","highway":"trunk","name":"天河东路","oneway":true,"lanes":null,"maxheight":null,"maxweight":null,"maxwidth":null},"geometry":{"type":"LineString","coordinates":[[113.3283936,23.1329644],[113.3283396,23.1326059],[113.3283359,23.132581],[113.3283041,23.1323242]]}},{"type":"Feature","id":459592473,"properties":{"id":"459592473","highway":"trunk_link","name":"天河东路","oneway":true,"lanes":null,"maxheight":null,"maxweight":null,"maxwidth":null},"geometry":{"type":"LineString","coordinates":[[113.3289218,23.1350398],[113.3289322,23.1353065],[113.3289344,23.1354062],[113.3289399,23.1355566],[113.3289416,23.135602],[113.3289514,23.1357283]]}},{"type":"Feature","id":459592474,"properties":{"id":"459592474","highway":"trunk_link","name":"天河东路","oneway":true,"lanes":null,"maxheight":null,"maxweight":null,"maxwidth":null},"geometry":{"type":"LineString","coordinates":[[113.3286124,23.1351323],[113.328581,23.13492],[113.3285759,23.1348792],[113.3285438,23.1346204],[113.3285283,23.1344358]]}},{"type":"Feature","id":459733093,"properties":{"id":"459733093","highway":"trunk","name":"天河路","oneway":true,"lanes":null,"maxheight":null,"maxweight":null,"maxwidth":null},"geometry":{"type":"LineString","coordinates":[[113.3358087,23.1379889],[113.3361431,23.1380648],[113.3367016,23.1381905],[113.3372197,23.1383037],[113.3375263,23.1383745]]}},{"type":"Feature","id":459733094,"properties":{"id":"459733094","highway":"trunk","name":"天河路","oneway":true,"lanes":null,"maxheight":null,"maxweight":null,"maxwidth":null},"geometry":{"type":"LineString","coordinates":[[113.3357898,23.138052],[113.3355549,23.1379909],[113.3354734,23.1379671],[113.3353326,23.1379282]]}},{"type":"Feature","id":459743815,"properties":{"id":"459743815","highway":"service","name":"广州快速公交系统GBRT专用道","oneway":true,"lanes":null,"maxheight":null,"maxweight":null,"maxwidth":null},"geometry":{"type":"LineString","coordinates":[[113.3512032,23.1371363],[113.3514308,23.1371104],[113.3516191,23.1370882],[113.351897,23.1370529],[113.3520615,23.1370304],[113.3522319,23.137003],[113.3524481,23.1369679],[113.3531012,23.13686],[113.3533368,23.1368249],[113.3535161,23.1367973],[113.353951,23.1367303],[113.3540205,23.1367201],[113.3544005,23.1366642],[113.3545494,23.1366425],[113.3547567,23.1366122],[113.3549837,23.1365747],[113.3550927,23.1365576],[113.3551492,23.1365487],[113.3554447,23.1365051],[113.3555854,23.1364822],[113.3557994,23.136444],[113.3559519,23.136414],[113.3562184,23.1363508],[113.3563223,23.1363247],[113.3563429,23.1363195],[113.3564088,23.1363029],[113.3565512,23.1362626],[113.3567372,23.1362099]]}},{"type":"Feature","id":459980025,"properties":{"id":"459980025","highway":"trunk","name":"中山大道西","oneway":true,"lanes":null,"maxheight":null,"maxweight":null,"maxwidth":null},"geometry":{"type":"LineString","coordinates":[[113.3397693,23.1388596],[113.3398752,23.1388725],[113.3399465,23.1388793],[113.3400714,23.1388785],[113.3401572,23.1388725],[113.3402584,23.1388555],[113.3404187,23.1388189]]}},{"type":"Feature","id":459980026,"properties":{"id":"459980026","highway":"trunk","name":"中山大道西","oneway":true,"lanes":null,"maxheight":null,"maxweight":null,"maxwidth":null},"geometry":{"type":"LineString","coordinates":[[113.344416,23.1382555],[113.3446433,23.1382148],[113.3457934,23.1379981]]}},{"type":"Feature","id":459980027,"properties":{"id":"459980027","highway":"trunk","name":"中山大道西","oneway":true,"lanes":null,"maxheight":null,"maxweight":null,"maxwidth":null},"geometry":{"type":"LineString","coordinates":[[113.3512032,23.1371363],[113.351526,23.1370714],[113.3517543,23.1370207],[113.3521483,23.1369306],[113.352306,23.1368916],[113.3524112,23.1368667],[113.352493,23.1368473],[113.3525648,23.1368322],[113.3526605,23.1368121],[113.3527974,23.1367848],[113.3530246,23.1367472],[113.3534118,23.1366844]]}},{"type":"Feature","id":459983711,"properties":{"id":"459983711","highway":"trunk","name":"中山大道西","oneway":true,"lanes":null,"maxheight":null,"maxweight":null,"maxwidth":null},"geometry":{"type":"LineString","coordinates":[[113.3512091,23.1372199],[113.3501637,23.1373766]]}},{"type":"Feature","id":459983712,"properties":{"id":"459983712","highway":"trunk","name":"中山大道西","oneway":true,"lanes":null,"maxheight":null,"maxweight":null,"maxwidth":null},"geometry":{"type":"LineString","coordinates":[[113.3443903,23.1383406],[113.3441824,23.1383986],[113.3439171,23.1384831],[113.343763,23.1385323],[113.3436597,23.1385656],[113.3433251,23.1386677]]}},{"type":"Feature","id":459983713,"properties":{"id":"459983713","highway":"trunk","name":"中山大道西","oneway":true,"lanes":null,"maxheight":null,"maxweight":null,"maxwidth":null},"geometry":{"type":"LineString","coordinates":[[113.3396852,23.1389194],[113.3393509,23.1388487],[113.3390528,23.1387838],[113.3386091,23.1386849]]}},{"type":"Feature","id":459983714,"properties":{"id":"459983714","highway":"service","name":"广州快速公交系统GBRT专用道","oneway":true,"lanes":null,"maxheight":null,"maxweight":null,"maxwidth":null},"geometry":{"type":"LineString","coordinates":[[113.317168,23.1363033],[113.316915,23.1363157],[113.3163438,23.1363476],[113.3161356,23.1363647],[113.3158139,23.1364032]]}},{"type":"Feature","id":460351985,"properties":{"id":"460351985","highway":"service","name":"广州快速公交系统GBRT专用道","oneway":true,"lanes":null,"maxheight":null,"maxweight":null,"maxwidth":null},"geometry":{"type":"LineString","coordinates":[[113.3187263,23.1361732],[113.3191442,23.1361585],[113.3194042,23.1361577],[113.3196351,23.1361617],[113.3198216,23.1361686],[113.3200086,23.1361653],[113.3203096,23.1361536],[113.3210705,23.13612],[113.3218037,23.1360904],[113.3224882,23.1360545],[113.322647,23.1360484],[113.3226954,23.136045],[113.3227091,23.136044],[113.3227608,23.1360388],[113.3228124,23.1360332],[113.3228737,23.1360232],[113.3229236,23.136013]]}},{"type":"Feature","id":460353536,"properties":{"id":"460353536","highway":"service","name":"广州快速公交系统GBRT专用道","oneway":true,"lanes":null,"maxheight":null,"maxweight":null,"maxwidth":null},"geometry":{"type":"LineString","coordinates":[[113.3181828,23.1362634],[113.3176675,23.1362818]]}},{"type":"Feature","id":460360337,"properties":{"id":"460360337","highway":"trunk","name":"广园快速路","oneway":true,"lanes":"4","maxheight":"4.5","maxweight":null,"maxwidth":null},"geometry":{"type":"LineString","coordinates":[[113.3435374,23.1475241],[113.3432114,23.1475541],[113.3428426,23.147589],[113.3423873,23.1476398],[113.3421387,23.1476801],[113.3418728,23.1477167],[113.3416552,23.1477513]]}},{"type":"Feature","id":460360340,"properties":{"id":"460360340","highway":"secondary","name":"五山路","oneway":true,"lanes":null,"maxheight":null,"maxweight":null,"maxwidth":null},"geometry":{"type":"LineString","coordinates":[[113.3370675,23.138778],[113.3369628,23.1386029],[113.3369621,23.1385643],[113.3369661,23.1385109],[113.3369724,23.1384665],[113.3369901,23.1384046]]}},{"type":"Feature","id":460360341,"properties":{"id":"460360341","highway":"secondary","name":null,"oneway":true,"lanes":null,"maxheight":null,"maxweight":null,"maxwidth":null},"geometry":{"type":"LineString","coordinates":[[113.336288,23.1382479],[113.3359145,23.1381586]]}},{"type":"Feature","id":460360345,"properties":{"id":"460360345","highway":"trunk","name":"天河路","oneway":true,"lanes":null,"maxheight":"4.2","maxweight":null,"maxwidth":null},"geometry":{"type":"LineString","coordinates":[[113.3346779,23.1377877],[113.334519,23.137744],[113.3343782,23.137696],[113.3342429,23.1376424],[113.3340871,23.1375773],[113.3339664,23.1375269],[113.3337981,23.1374577],[113.3333427,23.1372633],[113.333079,23.1371495],[113.332611,23.1369578],[113.3323658,23.1368582],[113.3320874,23.1367496],[113.3318996,23.1366788]]}},{"type":"Feature","id":460360352,"properties":{"id":"460360352","highway":"trunk","name":"天河路","oneway":true,"lanes":null,"maxheight":null,"maxweight":null,"maxwidth":null},"geometry":{"type":"LineString","coordinates":[[113.3286652,23.1359128],[113.3285318,23.1359105],[113.327943,23.1359465]]}},{"type":"Feature","id":460360353,"properties":{"id":"460360353","highway":"service","name":"广州快速公交系统GBRT专用道","oneway":true,"lanes":null,"maxheight":null,"maxweight":null,"maxwidth":null},"geometry":{"type":"LineString","coordinates":[[113.3280614,23.1358319],[113.327814,23.1358421],[113.3272733,23.1358725],[113.3269896,23.1358856],[113.3268461,23.1358923],[113.3263772,23.1359128],[113.3263011,23.1359159],[113.3258401,23.1359346],[113.3255879,23.1359446],[113.3254855,23.1359486],[113.325312,23.1359562],[113.325163,23.1359608],[113.3250625,23.1359627],[113.3248988,23.135964],[113.3247713,23.1359613],[113.3245466,23.1359569],[113.3242881,23.1359553],[113.3240667,23.1359592],[113.3238484,23.1359643],[113.3236698,23.1359713],[113.3234385,23.1359861],[113.3232642,23.1359963],[113.323202,23.1360041],[113.3231432,23.136014],[113.3230628,23.1360304],[113.3230451,23.1360347]]}},{"type":"Feature","id":460770918,"properties":{"id":"460770918","highway":"tertiary","name":"东方三路","oneway":false,"lanes":null,"maxheight":null,"maxweight":null,"maxwidth":null},"geometry":{"type":"LineString","coordinates":[[113.355196,23.1313958],[113.3544899,23.1313988],[113.3543718,23.131399],[113.3539409,23.1313977],[113.3529245,23.1313945],[113.3528006,23.1313668],[113.3526661,23.131279],[113.3525812,23.131165],[113.3525493,23.1310479],[113.3525212,23.1297345]]}},{"type":"Feature","id":460941473,"properties":{"id":"460941473","highway":"secondary","name":"天府路","oneway":true,"lanes":null,"maxheight":null,"maxweight":null,"maxwidth":null},"geometry":{"type":"LineString","coordinates":[[113.3568111,23.1361915],[113.3568082,23.1362361]]}},{"type":"Feature","id":460941474,"properties":{"id":"460941474","highway":"service","name":"广州快速公交系统GBRT专用道","oneway":true,"lanes":null,"maxheight":null,"maxweight":null,"maxwidth":null},"geometry":{"type":"LineString","coordinates":[[113.3568111,23.1361915],[113.357126,23.1360989],[113.3573359,23.1360374],[113.3575702,23.1359639],[113.3578739,23.1358673],[113.3580859,23.1357939],[113.3582539,23.1357317],[113.3586252,23.1355852],[113.3590116,23.1354335],[113.3592064,23.1353548],[113.3594564,23.1352495],[113.3597471,23.1351313],[113.3599602,23.1350493],[113.3602755,23.1349279],[113.3604416,23.1348648],[113.3605859,23.13481],[113.3607957,23.1347362],[113.360893,23.1347008],[113.3610844,23.1346255],[113.3612173,23.1345672],[113.3614595,23.1344595],[113.3616505,23.1343726],[113.3617188,23.1343416],[113.3619179,23.1342565],[113.3621572,23.1341515],[113.3623764,23.1340464],[113.3625477,23.1339627],[113.3627205,23.1338733],[113.3629776,23.1337383],[113.3633338,23.1335412],[113.3638897,23.1332253],[113.3640351,23.1331387],[113.364156,23.133063],[113.3642722,23.1329889],[113.3645534,23.1328141]]}},{"type":"Feature","id":460944148,"properties":{"id":"460944148","highway":"service","name":null,"oneway":true,"lanes":null,"maxheight":null,"maxweight":null,"maxwidth":null},"geometry":{"type":"LineString","coordinates":[[113.3583757,23.135727],[113.3582387,23.135919]]}},{"type":"Feature","id":460944149,"properties":{"id":"460944149","highway":"service","name":"广州快速公交系统GBRT专用道","oneway":true,"lanes":null,"maxheight":null,"maxweight":null,"maxwidth":null},"geometry":{"type":"LineString","coordinates":[[113.3583757,23.135727],[113.3581303,23.1358218],[113.3579778,23.1358737],[113.3577085,23.1359638],[113.3574297,23.1360517],[113.3571111,23.136146],[113.3568082,23.1362361]]}},{"type":"Feature","id":460944150,"properties":{"id":"460944150","highway":"trunk","name":"中山大道西","oneway":true,"lanes":null,"maxheight":null,"maxweight":null,"maxwidth":null},"geometry":{"type":"LineString","coordinates":[[113.3582387,23.135919],[113.3571544,23.1362503],[113.3570505,23.1362679],[113.3567749,23.1363146]]}},{"type":"Feature","id":460948939,"properties":{"id":"460948939","highway":"trunk","name":"中山大道西","oneway":true,"lanes":null,"maxheight":null,"maxweight":null,"maxwidth":null},"geometry":{"type":"LineString","coordinates":[[113.3534118,23.1366844],[113.3536356,23.1366502],[113.3543041,23.1365447],[113.3548526,23.1364675],[113.3549751,23.1364511],[113.3550711,23.1364415],[113.3552881,23.1364367],[113.3554074,23.1364331],[113.3555106,23.1364247],[113.3555716,23.1364174],[113.3556751,23.1364049],[113.3558989,23.1363624],[113.3562194,23.1362882],[113.35631,23.1362649],[113.3565356,23.136207],[113.3567398,23.1361546]]}},{"type":"Feature","id":460948940,"properties":{"id":"460948940","highway":"tertiary","name":"东方一路","oneway":false,"lanes":"4","maxheight":null,"maxweight":null,"maxwidth":null},"geometry":{"type":"LineString","coordinates":[[113.3552225,23.1339621],[113.3548963,23.1339597],[113.3545556,23.133961],[113.3542281,23.1339621],[113.3537764,23.1339622],[113.3535037,23.1339695],[113.3533094,23.1339873],[113.3532114,23.1340232],[113.3531329,23.1340826],[113.3530736,23.1341413],[113.3530268,23.1342326],[113.3530064,23.1343376],[113.3530123,23.1344611],[113.3530572,23.134724],[113.3531171,23.1350098],[113.3533019,23.1360095],[113.3533448,23.1362495],[113.3533938,23.1365673],[113.3534118,23.1366844]]}},{"type":"Feature","id":460948941,"properties":{"id":"460948941","highway":"secondary","name":"天府路","oneway":true,"lanes":null,"maxheight":null,"maxweight":null,"maxwidth":null},"geometry":{"type":"LineString","coordinates":[[113.3573555,23.1313925],[113.3573511,23.1315491],[113.3573354,23.1316734],[113.3572943,23.1319777],[113.3572746,23.1321591],[113.3572559,23.1323324],[113.3572435,23.1324685],[113.3572396,23.1325054],[113.3572187,23.1327038],[113.3571652,23.1331607],[113.3571428,23.1333419],[113.3570874,23.1337812],[113.3570683,23.1339325],[113.3570631,23.133974],[113.3570136,23.1343888],[113.35697,23.1347563],[113.3569234,23.1351489],[113.3568333,23.1359729],[113.3568279,23.1360221],[113.3568154,23.1361359]]}},{"type":"Feature","id":460956561,"properties":{"id":"460956561","highway":"secondary","name":null,"oneway":true,"lanes":null,"maxheight":null,"maxweight":null,"maxwidth":null},"geometry":{"type":"LineString","coordinates":[[113.3373941,23.1384964],[113.3369901,23.1384046]]}},{"type":"Feature","id":460957774,"properties":{"id":"460957774","highway":"secondary","name":null,"oneway":true,"lanes":null,"maxheight":null,"maxweight":null,"maxwidth":null},"geometry":{"type":"LineString","coordinates":[[113.337305,23.1382458],[113.3373706,23.1382601],[113.3378431,23.1383632]]}},{"type":"Feature","id":461131157,"properties":{"id":"461131157","highway":"secondary","name":"天府路","oneway":true,"lanes":null,"maxheight":null,"maxweight":null,"maxwidth":null},"geometry":{"type":"LineString","coordinates":[[113.3569904,23.1339724],[113.3570269,23.1336939],[113.3570906,23.1331502],[113.3571308,23.1328077],[113.3572296,23.1319018],[113.3572314,23.1318862],[113.3572631,23.1315889],[113.357284,23.1313924]]}},{"type":"Feature","id":461133114,"properties":{"id":"461133114","highway":"secondary","name":"天府路","oneway":true,"lanes":null,"maxheight":null,"maxweight":null,"maxwidth":null},"geometry":{"type":"LineString","coordinates":[[113.3568082,23.1362361],[113.3567749,23.1363146]]}},{"type":"Feature","id":461133115,"properties":{"id":"461133115","highway":"service","name":"广州快速公交系统GBRT专用道","oneway":true,"lanes":null,"maxheight":null,"maxweight":null,"maxwidth":null},"geometry":{"type":"LineString","coordinates":[[113.3568082,23.1362361],[113.3567358,23.1362577]]}},{"type":"Feature","id":461133116,"properties":{"id":"461133116","highway":"tertiary_link","name":"五山路","oneway":true,"lanes":null,"maxheight":null,"maxweight":null,"maxwidth":null},"geometry":{"type":"LineString","coordinates":[[113.3406453,23.1462737],[113.340646,23.1463914],[113.3406481,23.1466215],[113.3406563,23.1467897],[113.3406624,23.1468795],[113.3406725,23.1469337],[113.3406858,23.1469564],[113.3407107,23.1469737]]}},{"type":"Feature","id":461133117,"properties":{"id":"461133117","highway":"tertiary","name":"龙怡路","oneway":false,"lanes":"2","maxheight":null,"maxweight":null,"maxwidth":null},"geometry":{"type":"LineString","coordinates":[[113.3404324,23.1462683],[113.3406453,23.1462737]]}},{"type":"Feature","id":461133118,"properties":{"id":"461133118","highway":"tertiary_link","name":"五山路","oneway":true,"lanes":null,"maxheight":null,"maxweight":null,"maxwidth":null},"geometry":{"type":"LineString","coordinates":[[113.3404324,23.1462683],[113.340434,23.1461951],[113.3404529,23.1453873],[113.340457,23.1452015],[113.3404643,23.1448729],[113.3404773,23.1444348],[113.3404681,23.1443561],[113.3404527,23.1443053],[113.3404211,23.1442606],[113.3403786,23.1442274],[113.3402597,23.1441835]]}},{"type":"Feature","id":461165663,"properties":{"id":"461165663","highway":"service","name":"广州快速公交系统GBRT专用道","oneway":true,"lanes":null,"maxheight":null,"maxweight":null,"maxwidth":null},"geometry":{"type":"LineString","coordinates":[[113.3176675,23.1362818],[113.3174193,23.1362907],[113.317168,23.1363033]]}},{"type":"Feature","id":461272795,"properties":{"id":"461272795","highway":"service","name":"广州快速公交系统GBRT专用道","oneway":true,"lanes":null,"maxheight":null,"maxweight":null,"maxwidth":null},"geometry":{"type":"LineString","coordinates":[[113.3187171,23.1362437],[113.3186658,23.1362461],[113.3181828,23.1362634]]}},{"type":"Feature","id":461504894,"properties":{"id":"461504894","highway":"trunk_link","name":"天河东路","oneway":true,"lanes":null,"maxheight":null,"maxweight":null,"maxwidth":null},"geometry":{"type":"LineString","coordinates":[[113.3286639,23.1357761],[113.3286632,23.1357087]]}},{"type":"Feature","id":461504895,"properties":{"id":"461504895","highway":"service","name":"广州快速公交系统GBRT专用道","oneway":true,"lanes":null,"maxheight":null,"maxweight":null,"maxwidth":null},"geometry":{"type":"LineString","coordinates":[[113.3301603,23.1360581],[113.3302626,23.136083],[113.3305567,23.1361536],[113.3308477,23.1362264],[113.3313562,23.1363505],[113.3316312,23.1364182],[113.3317849,23.1364567],[113.3319061,23.136488],[113.3319632,23.1365028],[113.332022,23.1365191],[113.3320914,23.1365396],[113.3321464,23.1365569],[113.3321988,23.1365752],[113.3325069,23.1366977],[113.3330328,23.1369154],[113.3333119,23.1370296],[113.3341159,23.1373729],[113.3343132,23.1374554],[113.3344697,23.1375223],[113.3346613,23.1376071],[113.3347915,23.1376642],[113.3348744,23.1377001],[113.3349528,23.1377345],[113.3350153,23.1377597],[113.3350726,23.1377823],[113.3351228,23.1378002],[113.3351774,23.137818],[113.3352359,23.1378341],[113.3353592,23.1378671]]}},{"type":"Feature","id":461505918,"properties":{"id":"461505918","highway":"trunk","name":"天河路","oneway":true,"lanes":null,"maxheight":null,"maxweight":null,"maxwidth":null},"geometry":{"type":"LineString","coordinates":[[113.3295879,23.1360491],[113.3294163,23.1360094],[113.3291693,23.1359559],[113.3290586,23.1359395],[113.329031,23.1359353],[113.328954,23.1359304]]}},{"type":"Feature","id":461505919,"properties":{"id":"461505919","highway":"trunk_link","name":"天河东路","oneway":true,"lanes":null,"maxheight":null,"maxweight":null,"maxwidth":null},"geometry":{"type":"LineString","coordinates":[[113.328913,23.1363914],[113.3288921,23.1365134]]}},{"type":"Feature","id":461510135,"properties":{"id":"461510135","highway":"primary","name":"天河北路","oneway":true,"lanes":null,"maxheight":null,"maxweight":null,"maxwidth":null},"geometry":{"type":"LineString","coordinates":[[113.3236192,23.1440994],[113.3234954,23.1440935],[113.3234057,23.1440889],[113.3232945,23.1440843],[113.3231859,23.1440828],[113.3231305,23.1440843],[113.3230235,23.1440871]]}},{"type":"Feature","id":461510136,"properties":{"id":"461510136","highway":"tertiary","name":"林和东路","oneway":true,"lanes":null,"maxheight":null,"maxweight":null,"maxwidth":null},"geometry":{"type":"LineString","coordinates":[[113.3230093,23.1443568],[113.3230144,23.1447138],[113.3230217,23.1451736],[113.3230277,23.1454924],[113.3230307,23.1456548]]}},{"type":"Feature","id":462131778,"properties":{"id":"462131778","highway":"primary","name":"花城大道","oneway":true,"lanes":"3","maxheight":null,"maxweight":null,"maxwidth":null},"geometry":{"type":"LineString","coordinates":[[113.3130492,23.1220664],[113.3133539,23.1220473],[113.313592,23.1220324],[113.3142047,23.1219941],[113.3150843,23.1219391]]}},{"type":"Feature","id":462131779,"properties":{"id":"462131779","highway":"tertiary","name":"华穗路","oneway":true,"lanes":null,"maxheight":null,"maxweight":null,"maxwidth":null},"geometry":{"type":"LineString","coordinates":[[113.3130492,23.1220664],[113.3130729,23.1223637]]}},{"type":"Feature","id":462138642,"properties":{"id":"462138642","highway":"primary","name":"黄埔大道中","oneway":true,"lanes":null,"maxheight":null,"maxweight":null,"maxwidth":null},"geometry":{"type":"LineString","coordinates":[[113.3665183,23.1230748],[113.3661687,23.1231613],[113.3658921,23.1232329],[113.3655552,23.1233216],[113.3652825,23.1233933],[113.3647507,23.1235307],[113.3644327,23.1236133],[113.3643441,23.1236363],[113.363989,23.1237278],[113.3632113,23.1239452],[113.3628573,23.1240442],[113.3619997,23.1242848],[113.3617497,23.1243589],[113.3613165,23.1244881],[113.3607549,23.1246557],[113.3601851,23.1248275],[113.359975,23.1248909],[113.3597364,23.1249688]]}},{"type":"Feature","id":462138643,"properties":{"id":"462138643","highway":"secondary","name":"华夏路","oneway":true,"lanes":null,"maxheight":null,"maxweight":null,"maxwidth":null},"geometry":{"type":"LineString","coordinates":[[113.3161426,23.1264709],[113.3161024,23.1265134],[113.3160408,23.126564]]}},{"type":"Feature","id":462138644,"properties":{"id":"462138644","highway":"secondary","name":"金穗路","oneway":true,"lanes":null,"maxheight":null,"maxweight":null,"maxwidth":null},"geometry":{"type":"LineString","coordinates":[[113.3131347,23.1266824],[113.3129655,23.1266992],[113.3128588,23.1267094],[113.3127538,23.1267189],[113.312601,23.1267315],[113.3121917,23.1267651],[113.3114879,23.126823],[113.3110551,23.1268638],[113.3108273,23.1268907],[113.3107137,23.1269033],[113.310641,23.1269066],[113.3105894,23.1269112]]}},{"type":"Feature","id":462138645,"properties":{"id":"462138645","highway":"tertiary","name":"华穗路","oneway":true,"lanes":null,"maxheight":null,"maxweight":null,"maxwidth":null},"geometry":{"type":"LineString","coordinates":[[113.3131347,23.1266824],[113.3131254,23.1264263],[113.3131187,23.1262075],[113.3131159,23.1261152],[113.3131039,23.1257146],[113.3130913,23.1252941],[113.3130906,23.1252493],[113.3130886,23.125108],[113.313088,23.1250682],[113.3130878,23.1250548],[113.3130858,23.1249188],[113.3130791,23.1244644],[113.313076,23.1241992],[113.3130677,23.1239007],[113.3130594,23.1237537],[113.3130582,23.1237324],[113.3130572,23.1237149],[113.3130491,23.1235735],[113.3130453,23.1235078],[113.3130235,23.1230562],[113.3130062,23.1226987],[113.3129952,23.1224981],[113.3129847,23.1223685]]}},{"type":"Feature","id":462138646,"properties":{"id":"462138646","highway":"tertiary","name":"华穗路","oneway":true,"lanes":null,"maxheight":null,"maxweight":null,"maxwidth":null},"geometry":{"type":"LineString","coordinates":[[113.3129847,23.1223685],[113.3129654,23.1220725]]}},{"type":"Feature","id":462282209,"properties":{"id":"462282209","highway":"primary","name":"天河北路","oneway":true,"lanes":null,"maxheight":null,"maxweight":null,"maxwidth":null},"geometry":{"type":"LineString","coordinates":[[113.3251466,23.1441831],[113.3249532,23.1441754],[113.3244575,23.1441556],[113.3243116,23.144147],[113.3240829,23.1441335],[113.3238983,23.1441237],[113.3237925,23.1441172],[113.3236916,23.1441086],[113.3236192,23.1440994]]}},{"type":"Feature","id":462332533,"properties":{"id":"462332533","highway":"service","name":null,"oneway":true,"lanes":null,"maxheight":null,"maxweight":null,"maxwidth":null},"geometry":{"type":"LineString","coordinates":[[113.3197391,23.1360474],[113.3197854,23.1360074],[113.3198195,23.1359812],[113.3198481,23.1359618],[113.3198778,23.1359471],[113.3199127,23.1359369],[113.3199507,23.1359288],[113.3200013,23.1359225],[113.320052,23.1359176],[113.3201068,23.1359148],[113.3201819,23.1359124],[113.3202652,23.135911],[113.3203053,23.1359119],[113.3203496,23.1359144],[113.320387,23.1359184],[113.3204215,23.1359252],[113.3204524,23.1359343],[113.3204894,23.1359499],[113.3205238,23.135966],[113.3205594,23.1359802],[113.3205956,23.1359931],[113.3206345,23.1360039],[113.320678,23.136011],[113.3207508,23.1360144]]}},{"type":"Feature","id":462332987,"properties":{"id":"462332987","highway":"service","name":null,"oneway":true,"lanes":null,"maxheight":null,"maxweight":null,"maxwidth":null},"geometry":{"type":"LineString","coordinates":[[113.3229233,23.1359249],[113.3230525,23.1359302]]}},{"type":"Feature","id":462332989,"properties":{"id":"462332989","highway":"service","name":"广州快速公交系统GBRT专用道","oneway":true,"lanes":null,"maxheight":null,"maxweight":null,"maxwidth":null},"geometry":{"type":"LineString","coordinates":[[113.325502,23.1358819],[113.3257346,23.1358729],[113.326041,23.1358604],[113.3262133,23.1358533],[113.3267089,23.1358311],[113.3268395,23.1358249],[113.3270398,23.1358155],[113.3274952,23.135793],[113.3277403,23.13578],[113.3279796,23.1357715],[113.3281928,23.135768],[113.3284536,23.1357681],[113.3285339,23.1357694],[113.3286639,23.1357761]]}},{"type":"Feature","id":462542642,"properties":{"id":"462542642","highway":"service","name":null,"oneway":false,"lanes":null,"maxheight":null,"maxweight":null,"maxwidth":null},"geometry":{"type":"LineString","coordinates":[[113.3614457,23.1236979],[113.3606212,23.1231806],[113.3607779,23.1228124],[113.3607658,23.1225587]]}},{"type":"Feature","id":462542643,"properties":{"id":"462542643","highway":"residential","name":"华翠街","oneway":false,"lanes":null,"maxheight":null,"maxweight":null,"maxwidth":null},"geometry":{"type":"LineString","coordinates":[[113.3642627,23.1272058],[113.3638793,23.1274867],[113.3637283,23.1275157],[113.3630423,23.1274598],[113.3625529,23.127444],[113.3619403,23.1274243]]}},{"type":"Feature","id":474822829,"properties":{"id":"474822829","highway":"residential","name":"康湖大街","oneway":false,"lanes":null,"maxheight":null,"maxweight":null,"maxwidth":null},"geometry":{"type":"LineString","coordinates":[[113.3529345,23.1264428],[113.3529137,23.1263152],[113.3528864,23.1261479],[113.3528327,23.125873],[113.3528125,23.1257581],[113.3527983,23.1256474],[113.3528187,23.1255322],[113.3528659,23.1253744],[113.3529071,23.1252219],[113.3529252,23.1251339]]}},{"type":"Feature","id":475299607,"properties":{"id":"475299607","highway":"service","name":null,"oneway":true,"lanes":null,"maxheight":null,"maxweight":null,"maxwidth":null},"geometry":{"type":"LineString","coordinates":[[113.3357566,23.1186814],[113.3357355,23.1188702],[113.3357144,23.1189742],[113.3356994,23.1190138],[113.3356792,23.1190438],[113.33564,23.1190751],[113.3356009,23.1190956],[113.3355304,23.119123]]}},{"type":"Feature","id":475301084,"properties":{"id":"475301084","highway":"secondary_link","name":null,"oneway":true,"lanes":null,"maxheight":null,"maxweight":null,"maxwidth":null},"geometry":{"type":"LineString","coordinates":[[113.319741,23.1290875],[113.3197074,23.1293455],[113.3196945,23.1294058],[113.3196611,23.1294699],[113.3196124,23.1295243],[113.3195517,23.1295665],[113.3194779,23.129592],[113.3193973,23.1296084],[113.3191203,23.1296179],[113.3190566,23.1296036],[113.3189824,23.1295685],[113.3189308,23.1295285],[113.31889,23.1294787],[113.318857,23.1294028],[113.3188269,23.1292915],[113.3187604,23.1290119]]}},{"type":"Feature","id":476908190,"properties":{"id":"476908190","highway":"service","name":null,"oneway":false,"lanes":null,"maxheight":null,"maxweight":null,"maxwidth":null},"geometry":{"type":"LineString","coordinates":[[113.3158863,23.1405558],[113.3158904,23.1408267],[113.3148667,23.1408462]]}},{"type":"Feature","id":476908191,"properties":{"id":"476908191","highway":"service","name":null,"oneway":false,"lanes":null,"maxheight":null,"maxweight":null,"maxwidth":null},"geometry":{"type":"LineString","coordinates":[[113.3158863,23.1405558],[113.3159011,23.1402098],[113.3148848,23.1402067],[113.3148667,23.1408462]]}},{"type":"Feature","id":476908310,"properties":{"id":"476908310","highway":"service","name":null,"oneway":false,"lanes":null,"maxheight":null,"maxweight":null,"maxwidth":null},"geometry":{"type":"LineString","coordinates":[[113.3158863,23.1405558],[113.3160565,23.1405523],[113.3161246,23.1405509]]}},{"type":"Feature","id":477494358,"properties":{"id":"477494358","highway":"tertiary","name":"员村西街","oneway":false,"lanes":null,"maxheight":null,"maxweight":null,"maxwidth":null},"geometry":{"type":"LineString","coordinates":[[113.3517124,23.1222333],[113.3510884,23.1222546]]}},{"type":"Feature","id":477494359,"properties":{"id":"477494359","highway":"tertiary","name":"员村西街","oneway":false,"lanes":null,"maxheight":null,"maxweight":null,"maxwidth":null},"geometry":{"type":"LineString","coordinates":[[113.3510884,23.1222546],[113.3494208,23.122336],[113.3488304,23.1223681],[113.3483223,23.122422],[113.3481483,23.1224323],[113.3478899,23.1224632],[113.3474984,23.1224522],[113.3473549,23.1224266],[113.347243,23.1224179]]}},{"type":"Feature","id":477494360,"properties":{"id":"477494360","highway":"residential","name":"康湖大街","oneway":false,"lanes":null,"maxheight":null,"maxweight":null,"maxwidth":null},"geometry":{"type":"LineString","coordinates":[[113.3529252,23.1251339],[113.3529365,23.1250252],[113.3529397,23.1249404],[113.3529353,23.1248196],[113.3529187,23.1247324],[113.3528861,23.1246349],[113.3528393,23.1245385],[113.3527775,23.1244358],[113.3527051,23.124328],[113.3524412,23.1239865],[113.3522567,23.1237997],[113.352098,23.123673],[113.3520139,23.1236236],[113.3519018,23.1236107],[113.3517664,23.123615],[113.3514815,23.1236687],[113.3513563,23.1236858],[113.3513014,23.1236765],[113.3512668,23.1236447],[113.3512404,23.1235344],[113.3511692,23.1230951],[113.3511123,23.1226165],[113.3510961,23.1224165],[113.3510884,23.1222546]]}},{"type":"Feature","id":477494361,"properties":{"id":"477494361","highway":"primary","name":"黄埔大道中","oneway":true,"lanes":null,"maxheight":null,"maxweight":null,"maxwidth":null},"geometry":{"type":"LineString","coordinates":[[113.3529345,23.1264428],[113.3532112,23.1263902]]}},{"type":"Feature","id":477494362,"properties":{"id":"477494362","highway":"secondary","name":"黄埔大道中辅路","oneway":true,"lanes":null,"maxheight":null,"maxweight":null,"maxwidth":null},"geometry":{"type":"LineString","coordinates":[[113.3550745,23.1259773],[113.3559589,23.1257859]]}},{"type":"Feature","id":477494363,"properties":{"id":"477494363","highway":"tertiary","name":"员村西街","oneway":false,"lanes":null,"maxheight":null,"maxweight":null,"maxwidth":null},"geometry":{"type":"LineString","coordinates":[[113.3559841,23.1240063],[113.3558463,23.1238969],[113.3549417,23.1231392],[113.3545913,23.1228599],[113.3544265,23.1227468],[113.3542921,23.1226789],[113.3540558,23.1225873],[113.3538056,23.1224966],[113.3537476,23.1224756],[113.3535429,23.1224055],[113.3532043,23.1223048],[113.3530333,23.1222609],[113.3528661,23.1222362],[113.3526974,23.1222255],[113.3523725,23.1222202],[113.3521355,23.1222209],[113.3518658,23.1222262],[113.3517124,23.1222333]]}},{"type":"Feature","id":478202213,"properties":{"id":"478202213","highway":"motorway_link","name":null,"oneway":true,"lanes":"2","maxheight":null,"maxweight":null,"maxwidth":null},"geometry":{"type":"LineString","coordinates":[[113.3501214,23.1371263],[113.3507649,23.1370042],[113.3509115,23.1369788],[113.3510165,23.1369598],[113.3511122,23.1369483],[113.3512086,23.1369439],[113.35133,23.1369467],[113.3514585,23.1369635],[113.3515582,23.1369815],[113.3517543,23.1370207]]}},{"type":"Feature","id":478202653,"properties":{"id":"478202653","highway":"motorway_link","name":null,"oneway":true,"lanes":"1","maxheight":null,"maxweight":null,"maxwidth":null},"geometry":{"type":"LineString","coordinates":[[113.3507865,23.1398609],[113.3507015,23.1397781]]}},{"type":"Feature","id":478204689,"properties":{"id":"478204689","highway":"motorway_link","name":null,"oneway":true,"lanes":"1","maxheight":null,"maxweight":null,"maxwidth":null},"geometry":{"type":"LineString","coordinates":[[113.3511801,23.1395022],[113.3512375,23.1395574]]}},{"type":"Feature","id":478740846,"properties":{"id":"478740846","highway":"service","name":null,"oneway":true,"lanes":null,"maxheight":null,"maxweight":null,"maxwidth":null},"geometry":{"type":"LineString","coordinates":[[113.3607549,23.1246557],[113.3607836,23.1249107],[113.3600708,23.1251475],[113.359975,23.1248909]]}},{"type":"Feature","id":478972194,"properties":{"id":"478972194","highway":"motorway_link","name":null,"oneway":true,"lanes":"2","maxheight":null,"maxweight":null,"maxwidth":null},"geometry":{"type":"LineString","coordinates":[[113.3459074,23.1363964],[113.3458301,23.1362573]]}},{"type":"Feature","id":479233706,"properties":{"id":"479233706","highway":"motorway_link","name":null,"oneway":true,"lanes":null,"maxheight":null,"maxweight":null,"maxwidth":null},"geometry":{"type":"LineString","coordinates":[[113.3460649,23.1195475],[113.3459842,23.1191157]]}},{"type":"Feature","id":479427441,"properties":{"id":"479427441","highway":"motorway_link","name":null,"oneway":true,"lanes":null,"maxheight":null,"maxweight":null,"maxwidth":null},"geometry":{"type":"LineString","coordinates":[[113.3465131,23.1301943],[113.3465017,23.1303439]]}},{"type":"Feature","id":479427442,"properties":{"id":"479427442","highway":"motorway_link","name":null,"oneway":true,"lanes":null,"maxheight":null,"maxweight":null,"maxwidth":null},"geometry":{"type":"LineString","coordinates":[[113.3465017,23.1303439],[113.3464857,23.1305234]]}},{"type":"Feature","id":481043253,"properties":{"id":"481043253","highway":"tertiary","name":"天润路","oneway":true,"lanes":null,"maxheight":null,"maxweight":null,"maxwidth":null},"geometry":{"type":"LineString","coordinates":[[113.3319573,23.145979],[113.3324672,23.145976],[113.3327869,23.1459741]]}},{"type":"Feature","id":481043254,"properties":{"id":"481043254","highway":"secondary","name":null,"oneway":true,"lanes":null,"maxheight":null,"maxweight":null,"maxwidth":null},"geometry":{"type":"LineString","coordinates":[[113.3359145,23.1381586],[113.3356226,23.1380819],[113.3353036,23.1380005],[113.3351813,23.1379663],[113.3351206,23.1379481],[113.3349699,23.1378971],[113.3348589,23.1378561],[113.3346779,23.1377877]]}},{"type":"Feature","id":481043255,"properties":{"id":"481043255","highway":"trunk","name":"天河路","oneway":true,"lanes":null,"maxheight":null,"maxweight":null,"maxwidth":null},"geometry":{"type":"LineString","coordinates":[[113.3318996,23.1366788],[113.3316545,23.136604],[113.3314674,23.1365469],[113.3312805,23.1364917],[113.3309104,23.1363857],[113.3305602,23.1362893],[113.3302637,23.1362115],[113.3302276,23.1362019]]}},{"type":"Feature","id":481043256,"properties":{"id":"481043256","highway":"tertiary","name":"天润路","oneway":true,"lanes":null,"maxheight":null,"maxweight":null,"maxwidth":null},"geometry":{"type":"LineString","coordinates":[[113.3308263,23.145985],[113.3319573,23.145979]]}},{"type":"Feature","id":481045526,"properties":{"id":"481045526","highway":"service","name":null,"oneway":true,"lanes":null,"maxheight":null,"maxweight":null,"maxwidth":null},"geometry":{"type":"LineString","coordinates":[[113.3355304,23.119123],[113.3354448,23.1191523],[113.3353944,23.1191686]]}},{"type":"Feature","id":481045527,"properties":{"id":"481045527","highway":"tertiary","name":"海风路","oneway":true,"lanes":null,"maxheight":null,"maxweight":null,"maxwidth":null},"geometry":{"type":"LineString","coordinates":[[113.3353944,23.1191686],[113.3353825,23.1196331],[113.335381,23.1199119],[113.3353808,23.1199253],[113.3353908,23.119999],[113.3354276,23.1200558],[113.335471,23.1200942],[113.3355551,23.1201386]]}},{"type":"Feature","id":481045528,"properties":{"id":"481045528","highway":"primary","name":"花城大道","oneway":true,"lanes":"3","maxheight":null,"maxweight":null,"maxwidth":null},"geometry":{"type":"LineString","coordinates":[[113.3355551,23.1201386],[113.3360521,23.1200911],[113.3363696,23.1200562],[113.3365845,23.1200404],[113.3367926,23.1200279],[113.3374853,23.1200007]]}},{"type":"Feature","id":481045529,"properties":{"id":"481045529","highway":"primary","name":"花城大道","oneway":true,"lanes":"3","maxheight":null,"maxweight":null,"maxwidth":null},"geometry":{"type":"LineString","coordinates":[[113.3380097,23.1199717],[113.3384267,23.1199486]]}},{"type":"Feature","id":481045530,"properties":{"id":"481045530","highway":"secondary","name":"马场路","oneway":true,"lanes":null,"maxheight":null,"maxweight":null,"maxwidth":null},"geometry":{"type":"LineString","coordinates":[[113.3380097,23.1199717],[113.3380167,23.1202462]]}},{"type":"Feature","id":481045531,"properties":{"id":"481045531","highway":"secondary","name":"马场路","oneway":true,"lanes":null,"maxheight":null,"maxweight":null,"maxwidth":null},"geometry":{"type":"LineString","coordinates":[[113.3380402,23.1246614],[113.3380557,23.1250082],[113.3380559,23.1250177],[113.338065,23.1252296],[113.3380713,23.1255022],[113.3380736,23.1255755],[113.3380897,23.1260944],[113.338095,23.1262289],[113.3381048,23.12648],[113.3381075,23.1265484],[113.3381111,23.1267214]]}},{"type":"Feature","id":481045532,"properties":{"id":"481045532","highway":"secondary","name":"金穗路","oneway":true,"lanes":null,"maxheight":null,"maxweight":null,"maxwidth":null},"geometry":{"type":"LineString","coordinates":[[113.3380402,23.1246614],[113.3379066,23.1246692],[113.3376282,23.1246868],[113.3373866,23.1247021],[113.337246,23.1247092],[113.3367904,23.124728],[113.3366898,23.1247321],[113.3357514,23.1247709],[113.3331444,23.1248712],[113.3329228,23.1248861],[113.3326891,23.1249019],[113.3325133,23.1249209],[113.3320666,23.1249654]]}},{"type":"Feature","id":481045533,"properties":{"id":"481045533","highway":"secondary","name":"冼村路","oneway":true,"lanes":null,"maxheight":null,"maxweight":null,"maxwidth":null},"geometry":{"type":"LineString","coordinates":[[113.3224901,23.125847],[113.3225048,23.1257403]]}},{"type":"Feature","id":481045534,"properties":{"id":"481045534","highway":"secondary_link","name":null,"oneway":true,"lanes":null,"maxheight":null,"maxweight":null,"maxwidth":null},"geometry":{"type":"LineString","coordinates":[[113.3224901,23.125847],[113.3223344,23.1258902],[113.3220597,23.1259512],[113.3218057,23.125973],[113.3211022,23.1260362],[113.3209398,23.1260504],[113.3208212,23.1260639],[113.3207253,23.1260876],[113.320663,23.1261133],[113.3205777,23.1261611],[113.3205258,23.12621],[113.3204677,23.1262816],[113.3203908,23.1263874]]}},{"type":"Feature","id":481045535,"properties":{"id":"481045535","highway":"secondary_link","name":null,"oneway":true,"lanes":null,"maxheight":null,"maxweight":null,"maxwidth":null},"geometry":{"type":"LineString","coordinates":[[113.3207592,23.1250797],[113.3207638,23.1254226],[113.3208004,23.1255611],[113.3208521,23.1256335],[113.3209468,23.1257025],[113.3210267,23.125734],[113.3211164,23.1257475],[113.3212388,23.125743],[113.3214383,23.1257206],[113.3218538,23.125674],[113.3220088,23.1256455],[113.3221132,23.1256125],[113.3222029,23.1255735],[113.3222251,23.125557],[113.3223057,23.125497],[113.3224945,23.125387]]}},{"type":"Feature","id":481045536,"properties":{"id":"481045536","highway":"secondary","name":"珠江东路","oneway":true,"lanes":null,"maxheight":null,"maxweight":null,"maxwidth":null},"geometry":{"type":"LineString","coordinates":[[113.3203908,23.1263874],[113.3201912,23.1268601],[113.3200952,23.1271049],[113.3198654,23.1276761],[113.3198188,23.1278714],[113.3197895,23.127994],[113.319758,23.128161],[113.3197297,23.1283658],[113.319729,23.1285379],[113.3197337,23.128664],[113.319738,23.1288662],[113.319741,23.1290875]]}},{"type":"Feature","id":481045537,"properties":{"id":"481045537","highway":"secondary","name":"珠江东路","oneway":true,"lanes":null,"maxheight":null,"maxweight":null,"maxwidth":null},"geometry":{"type":"LineString","coordinates":[[113.319741,23.1290875],[113.3197718,23.1295076],[113.319784,23.129578],[113.3198112,23.1296335],[113.3198411,23.129677],[113.3198854,23.129722],[113.319937,23.1297499],[113.3200018,23.129767],[113.3201091,23.129784],[113.3203729,23.1297888]]}},{"type":"Feature","id":481045538,"properties":{"id":"481045538","highway":"secondary","name":"珠江西路","oneway":true,"lanes":null,"maxheight":null,"maxweight":null,"maxwidth":null},"geometry":{"type":"LineString","coordinates":[[113.3187604,23.1290119],[113.3187612,23.1289921],[113.3187709,23.1287551],[113.3187609,23.1285302],[113.3187396,23.1283558],[113.3186963,23.128114],[113.3186769,23.1280629],[113.3186508,23.127994],[113.3183629,23.1272333],[113.3182279,23.1268872],[113.3181334,23.1266509],[113.3180872,23.126529],[113.3180506,23.1264326],[113.3179268,23.1260563],[113.317842,23.125834],[113.3177736,23.1256312],[113.317738,23.1255028],[113.3177043,23.1252973],[113.3176543,23.1249919]]}},{"type":"Feature","id":481045539,"properties":{"id":"481045539","highway":"secondary","name":"珠江西路","oneway":true,"lanes":null,"maxheight":null,"maxweight":null,"maxwidth":null},"geometry":{"type":"LineString","coordinates":[[113.3176543,23.1249919],[113.317642,23.1249008],[113.3176256,23.12478],[113.3176116,23.1246769],[113.31758,23.1244396],[113.3175667,23.1243402],[113.317561,23.1242971],[113.3175411,23.1240409],[113.3175347,23.1237715],[113.3175367,23.1236822],[113.3175381,23.1236095]]}},{"type":"Feature","id":481045540,"properties":{"id":"481045540","highway":"tertiary","name":"华明路","oneway":false,"lanes":null,"maxheight":null,"maxweight":null,"maxwidth":null},"geometry":{"type":"LineString","coordinates":[[113.3157739,23.1248425],[113.3155091,23.124865],[113.3154543,23.1248696],[113.3133472,23.1250483],[113.3131707,23.1250633]]}},{"type":"Feature","id":481045541,"properties":{"id":"481045541","highway":"secondary","name":"华夏路","oneway":true,"lanes":null,"maxheight":null,"maxweight":null,"maxwidth":null},"geometry":{"type":"LineString","coordinates":[[113.3157739,23.1248425],[113.3157674,23.1246061],[113.3157378,23.1235218],[113.3157343,23.1228917],[113.3157333,23.1227217],[113.3157358,23.1226265]]}},{"type":"Feature","id":481045543,"properties":{"id":"481045543","highway":"tertiary","name":"华利路","oneway":false,"lanes":null,"maxheight":null,"maxweight":null,"maxwidth":null},"geometry":{"type":"LineString","coordinates":[[113.3129245,23.1202897],[113.3128356,23.1202885],[113.3112501,23.1202932],[113.3111925,23.1202934],[113.3111364,23.1202935],[113.3108512,23.1202941],[113.3104107,23.1202946],[113.3101375,23.1202949],[113.3100215,23.1202959]]}},{"type":"Feature","id":481045545,"properties":{"id":"481045545","highway":"primary","name":"花城大道","oneway":true,"lanes":null,"maxheight":null,"maxweight":null,"maxwidth":null},"geometry":{"type":"LineString","coordinates":[[113.3129847,23.1223685],[113.3127188,23.1223828],[113.312526,23.1223931]]}},{"type":"Feature","id":481045546,"properties":{"id":"481045546","highway":"primary","name":"花城大道","oneway":true,"lanes":"3","maxheight":null,"maxweight":null,"maxwidth":null},"geometry":{"type":"LineString","coordinates":[[113.3150843,23.1219391],[113.3154895,23.1219235],[113.3155994,23.1219193],[113.3156214,23.1219185],[113.3157379,23.1219144]]}},{"type":"Feature","id":481045550,"properties":{"id":"481045550","highway":"unclassified","name":null,"oneway":true,"lanes":null,"maxheight":null,"maxweight":null,"maxwidth":null},"geometry":{"type":"LineString","coordinates":[[113.3378939,23.1244026],[113.3380299,23.1243956],[113.3384522,23.1243793]]}},{"type":"Feature","id":481045552,"properties":{"id":"481045552","highway":"secondary","name":"马场路","oneway":true,"lanes":null,"maxheight":null,"maxweight":null,"maxwidth":null},"geometry":{"type":"LineString","coordinates":[[113.3378532,23.1206744],[113.3378426,23.120257]]}},{"type":"Feature","id":481045555,"properties":{"id":"481045555","highway":"tertiary","name":"海风路","oneway":true,"lanes":null,"maxheight":null,"maxweight":null,"maxwidth":null},"geometry":{"type":"LineString","coordinates":[[113.3354656,23.1174396],[113.3354644,23.1174835],[113.3354508,23.1179724],[113.3354289,23.1183927],[113.3354218,23.1185285]]}},{"type":"Feature","id":481045556,"properties":{"id":"481045556","highway":"tertiary","name":"海风路","oneway":true,"lanes":null,"maxheight":null,"maxweight":null,"maxwidth":null},"geometry":{"type":"LineString","coordinates":[[113.3354218,23.1185285],[113.3354148,23.1186599],[113.335409,23.1187706],[113.3353983,23.1189902],[113.3353944,23.1191686]]}},{"type":"Feature","id":481045557,"properties":{"id":"481045557","highway":"residential","name":"海明路","oneway":true,"lanes":null,"maxheight":null,"maxweight":null,"maxwidth":null},"geometry":{"type":"LineString","coordinates":[[113.3357624,23.1185317],[113.3378027,23.1185305]]}},{"type":"Feature","id":481045558,"properties":{"id":"481045558","highway":"residential","name":"海明路","oneway":true,"lanes":null,"maxheight":null,"maxweight":null,"maxwidth":null},"geometry":{"type":"LineString","coordinates":[[113.3354218,23.1185285],[113.3355165,23.1185294],[113.3357624,23.1185317]]}},{"type":"Feature","id":492564367,"properties":{"id":"492564367","highway":"residential","name":null,"oneway":false,"lanes":null,"maxheight":null,"maxweight":null,"maxwidth":null},"geometry":{"type":"LineString","coordinates":[[113.3140231,23.1413784],[113.3127017,23.1423761]]}},{"type":"Feature","id":496009994,"properties":{"id":"496009994","highway":"tertiary","name":"兴安路","oneway":false,"lanes":null,"maxheight":null,"maxweight":null,"maxwidth":null},"geometry":{"type":"LineString","coordinates":[[113.3225743,23.1180246],[113.3228436,23.1180047],[113.3233937,23.117964],[113.3239008,23.1179271],[113.3249383,23.1178583],[113.3252084,23.1178404],[113.3253111,23.1178373]]}},{"type":"Feature","id":496328866,"properties":{"id":"496328866","highway":"tertiary_link","name":null,"oneway":true,"lanes":null,"maxheight":null,"maxweight":null,"maxwidth":null},"geometry":{"type":"LineString","coordinates":[[113.3525906,23.1371078],[113.3523379,23.1371888],[113.3522749,23.1372131],[113.3522307,23.1372372],[113.3521882,23.1372641]]}},{"type":"Feature","id":496328868,"properties":{"id":"496328868","highway":"service","name":null,"oneway":false,"lanes":null,"maxheight":null,"maxweight":null,"maxwidth":null},"geometry":{"type":"LineString","coordinates":[[113.3497754,23.1378252],[113.3497258,23.1370911]]}},{"type":"Feature","id":496328869,"properties":{"id":"496328869","highway":"service","name":null,"oneway":false,"lanes":null,"maxheight":null,"maxweight":null,"maxwidth":null},"geometry":{"type":"LineString","coordinates":[[113.3471568,23.1371315],[113.3478068,23.137154],[113.3482745,23.1371124],[113.348408,23.1371295],[113.348521,23.1371341],[113.3486481,23.1371293],[113.3488764,23.1371084],[113.3490855,23.1370939],[113.3492743,23.1370839],[113.3495362,23.1370851],[113.3497258,23.1370911],[113.3498815,23.1370939]]}},{"type":"Feature","id":496397368,"properties":{"id":"496397368","highway":"service","name":null,"oneway":false,"lanes":null,"maxheight":null,"maxweight":null,"maxwidth":null},"geometry":{"type":"LineString","coordinates":[[113.3223929,23.1186724],[113.3222071,23.1186771],[113.3218223,23.1186779],[113.3214591,23.1186787],[113.3214132,23.1186788]]}},{"type":"Feature","id":496447343,"properties":{"id":"496447343","highway":"service","name":null,"oneway":false,"lanes":null,"maxheight":null,"maxweight":null,"maxwidth":null},"geometry":{"type":"LineString","coordinates":[[113.3210873,23.1181932],[113.3217057,23.1181559]]}},{"type":"Feature","id":500035599,"properties":{"id":"500035599","highway":"service","name":null,"oneway":false,"lanes":null,"maxheight":null,"maxweight":null,"maxwidth":null},"geometry":{"type":"LineString","coordinates":[[113.3532227,23.1407276],[113.3535636,23.1407924],[113.3537069,23.1408572],[113.3556182,23.1413319]]}},{"type":"Feature","id":503954683,"properties":{"id":"503954683","highway":"service","name":null,"oneway":false,"lanes":null,"maxheight":null,"maxweight":null,"maxwidth":null},"geometry":{"type":"LineString","coordinates":[[113.3596609,23.1434901],[113.359602,23.1431455],[113.3594785,23.1424223],[113.3594669,23.1423541],[113.3594983,23.1410195],[113.3594996,23.1409645]]}},{"type":"Feature","id":503954684,"properties":{"id":"503954684","highway":"service","name":null,"oneway":false,"lanes":null,"maxheight":null,"maxweight":null,"maxwidth":null},"geometry":{"type":"LineString","coordinates":[[113.3608408,23.1424563],[113.3594669,23.1423541],[113.3585704,23.1424269],[113.3580746,23.1424671]]}},{"type":"Feature","id":503962039,"properties":{"id":"503962039","highway":"service","name":null,"oneway":false,"lanes":null,"maxheight":null,"maxweight":null,"maxwidth":null},"geometry":{"type":"LineString","coordinates":[[113.3214067,23.1194341],[113.3215043,23.1194318],[113.321561,23.1194305],[113.3221282,23.1194173]]}},{"type":"Feature","id":503962040,"properties":{"id":"503962040","highway":"service","name":null,"oneway":false,"lanes":null,"maxheight":null,"maxweight":null,"maxwidth":null},"geometry":{"type":"LineString","coordinates":[[113.3214096,23.1182151],[113.3214101,23.11828],[113.3214132,23.1186788],[113.321409,23.1191622],[113.321407,23.1193964],[113.3214067,23.1194341]]}},{"type":"Feature","id":503962046,"properties":{"id":"503962046","highway":"service","name":null,"oneway":false,"lanes":null,"maxheight":null,"maxweight":null,"maxwidth":null},"geometry":{"type":"LineString","coordinates":[[113.3221282,23.1194173],[113.3221919,23.119418],[113.3222923,23.1194192],[113.3224203,23.1194207]]}},{"type":"Feature","id":504141693,"properties":{"id":"504141693","highway":"unclassified","name":null,"oneway":false,"lanes":null,"maxheight":null,"maxweight":null,"maxwidth":null},"geometry":{"type":"LineString","coordinates":[[113.3288388,23.1442432],[113.3288298,23.1442941],[113.3287506,23.1447429],[113.3285453,23.145905],[113.3285293,23.1459956]]}},{"type":"Feature","id":504141694,"properties":{"id":"504141694","highway":"service","name":null,"oneway":true,"lanes":null,"maxheight":null,"maxweight":null,"maxwidth":null},"geometry":{"type":"LineString","coordinates":[[113.3287506,23.1447429],[113.3293877,23.1447198],[113.329364,23.1444024]]}},{"type":"Feature","id":504141697,"properties":{"id":"504141697","highway":"service","name":null,"oneway":true,"lanes":null,"maxheight":null,"maxweight":null,"maxwidth":null},"geometry":{"type":"LineString","coordinates":[[113.329364,23.1444024],[113.3293516,23.1442201]]}},{"type":"Feature","id":504141699,"properties":{"id":"504141699","highway":"secondary","name":"天河北路","oneway":true,"lanes":null,"maxheight":null,"maxweight":null,"maxwidth":null},"geometry":{"type":"LineString","coordinates":[[113.3285187,23.1442478],[113.3277793,23.1442688]]}},{"type":"Feature","id":504908223,"properties":{"id":"504908223","highway":"service","name":null,"oneway":false,"lanes":null,"maxheight":null,"maxweight":null,"maxwidth":null},"geometry":{"type":"LineString","coordinates":[[113.3563949,23.1439806],[113.356626,23.1455418]]}},{"type":"Feature","id":507573212,"properties":{"id":"507573212","highway":"tertiary","name":"海安路","oneway":false,"lanes":null,"maxheight":null,"maxweight":null,"maxwidth":null},"geometry":{"type":"LineString","coordinates":[[113.3306011,23.1272441],[113.3298357,23.1272968],[113.3289656,23.1273568],[113.3286485,23.1273786]]}},{"type":"Feature","id":507573213,"properties":{"id":"507573213","highway":"tertiary","name":"海安路","oneway":false,"lanes":null,"maxheight":null,"maxweight":null,"maxwidth":null},"geometry":{"type":"LineString","coordinates":[[113.3310324,23.1272188],[113.3306011,23.1272441]]}},{"type":"Feature","id":511204845,"properties":{"id":"511204845","highway":"primary","name":"花城大道","oneway":true,"lanes":"3","maxheight":null,"maxweight":null,"maxwidth":null},"geometry":{"type":"LineString","coordinates":[[113.3268616,23.1212416],[113.3264767,23.1212749],[113.3256787,23.121344],[113.3255912,23.1213516],[113.3253039,23.1213765],[113.3252774,23.1213787],[113.3250466,23.121398],[113.3242532,23.1214643],[113.3239174,23.1214924],[113.3235152,23.1215183],[113.3231542,23.1215382]]}},{"type":"Feature","id":511204849,"properties":{"id":"511204849","highway":"secondary","name":"黄埔大道西","oneway":true,"lanes":null,"maxheight":null,"maxweight":null,"maxwidth":null},"geometry":{"type":"LineString","coordinates":[[113.3277631,23.1293109],[113.3282234,23.1292575]]}},{"type":"Feature","id":511204852,"properties":{"id":"511204852","highway":"trunk_link","name":null,"oneway":true,"lanes":null,"maxheight":null,"maxweight":null,"maxwidth":null},"geometry":{"type":"LineString","coordinates":[[113.3277631,23.1293109],[113.3277487,23.1292381],[113.3277419,23.1291488],[113.3277418,23.1289766],[113.327746,23.1288775],[113.3277497,23.128789],[113.3277799,23.1284326]]}},{"type":"Feature","id":511404890,"properties":{"id":"511404890","highway":"service","name":null,"oneway":false,"lanes":null,"maxheight":null,"maxweight":null,"maxwidth":null},"geometry":{"type":"LineString","coordinates":[[113.3214067,23.1194341],[113.3214074,23.119477],[113.321409,23.1195647],[113.3214181,23.1200716],[113.3214191,23.1201247],[113.3214213,23.1202464],[113.3214183,23.1205141],[113.3214138,23.1209259],[113.3214098,23.1212835],[113.3214092,23.1213865]]}},{"type":"Feature","id":513785001,"properties":{"id":"513785001","highway":"unclassified","name":"华政直街","oneway":false,"lanes":null,"maxheight":null,"maxweight":null,"maxwidth":null},"geometry":{"type":"LineString","coordinates":[[113.3146388,23.1202861],[113.3146407,23.1203626],[113.3146579,23.1210662]]}},{"type":"Feature","id":513786153,"properties":{"id":"513786153","highway":"unclassified","name":null,"oneway":false,"lanes":null,"maxheight":null,"maxweight":null,"maxwidth":null},"geometry":{"type":"LineString","coordinates":[[113.3169484,23.1217545],[113.3169476,23.1217098],[113.3169295,23.1207599],[113.3169074,23.119596],[113.3169054,23.1194909]]}},{"type":"Feature","id":513786154,"properties":{"id":"513786154","highway":"service","name":null,"oneway":false,"lanes":null,"maxheight":null,"maxweight":null,"maxwidth":null},"geometry":{"type":"LineString","coordinates":[[113.3158713,23.1207695],[113.3159594,23.1207687],[113.316691,23.1207621],[113.3168619,23.1207605],[113.3169295,23.1207599]]}},{"type":"Feature","id":519196116,"properties":{"id":"519196116","highway":"primary","name":"黄埔大道西","oneway":true,"lanes":null,"maxheight":null,"maxweight":null,"maxwidth":null},"geometry":{"type":"LineString","coordinates":[[113.3168996,23.1300686],[113.3174216,23.1300346],[113.3183932,23.1299838]]}},{"type":"Feature","id":519197805,"properties":{"id":"519197805","highway":"secondary","name":"冼村路","oneway":true,"lanes":null,"maxheight":null,"maxweight":null,"maxwidth":null},"geometry":{"type":"LineString","coordinates":[[113.3226266,23.1212879],[113.3226258,23.1215595]]}},{"type":"Feature","id":519199419,"properties":{"id":"519199419","highway":"secondary","name":"冼村路","oneway":true,"lanes":null,"maxheight":null,"maxweight":null,"maxwidth":null},"geometry":{"type":"LineString","coordinates":[[113.3224499,23.1208443],[113.3224401,23.1202699],[113.3224203,23.1194207],[113.3223982,23.1188167],[113.3223929,23.1186724],[113.3223939,23.1180911],[113.3223838,23.1175121],[113.3223722,23.1168478],[113.3223555,23.1167068]]}},{"type":"Feature","id":519199421,"properties":{"id":"519199421","highway":"primary","name":"花城大道","oneway":true,"lanes":"3","maxheight":null,"maxweight":null,"maxwidth":null},"geometry":{"type":"LineString","coordinates":[[113.3220257,23.1215837],[113.3217146,23.1215851],[113.3216064,23.1215917],[113.3208302,23.1216448]]}},{"type":"Feature","id":519199606,"properties":{"id":"519199606","highway":"primary","name":"花城大道","oneway":true,"lanes":"3","maxheight":null,"maxweight":null,"maxwidth":null},"geometry":{"type":"LineString","coordinates":[[113.327345,23.1209339],[113.3275931,23.1209228],[113.3278722,23.1208998],[113.3280526,23.1208849],[113.3284288,23.120816]]}},{"type":"Feature","id":519662802,"properties":{"id":"519662802","highway":"tertiary","name":"猎德西浦大街","oneway":false,"lanes":null,"maxheight":null,"maxweight":null,"maxwidth":null},"geometry":{"type":"LineString","coordinates":[[113.3281466,23.1188185],[113.328,23.1186877],[113.3277669,23.1184848],[113.3272856,23.1180882],[113.327231,23.1180433],[113.3269815,23.1178377],[113.3268323,23.1177284],[113.3267804,23.1176903],[113.3267534,23.1176704],[113.3267316,23.1176583],[113.3255197,23.1169878],[113.3253158,23.1168701],[113.3251951,23.1167942],[113.3250257,23.1166899],[113.3248681,23.1165929],[113.3247501,23.1164893],[113.3246697,23.1163882],[113.324616,23.1162895],[113.3246075,23.1162177],[113.3245997,23.1161511]]}},{"type":"Feature","id":520437314,"properties":{"id":"520437314","highway":"tertiary","name":"谭村路","oneway":true,"lanes":null,"maxheight":null,"maxweight":null,"maxwidth":null},"geometry":{"type":"LineString","coordinates":[[113.3423873,23.1199363],[113.342414,23.1200579],[113.3424473,23.1201926]]}},{"type":"Feature","id":520437315,"properties":{"id":"520437315","highway":"tertiary","name":"谭村路","oneway":true,"lanes":null,"maxheight":null,"maxweight":null,"maxwidth":null},"geometry":{"type":"LineString","coordinates":[[113.3443979,23.12774],[113.3442742,23.1272678],[113.3440429,23.1263621],[113.3434685,23.1242509],[113.3431194,23.1229441],[113.3427038,23.1214272],[113.3424606,23.1205329],[113.3423792,23.1202149]]}},{"type":"Feature","id":520437316,"properties":{"id":"520437316","highway":"tertiary","name":"平江路","oneway":true,"lanes":null,"maxheight":null,"maxweight":null,"maxwidth":null},"geometry":{"type":"LineString","coordinates":[[113.342274,23.1197228],[113.3422595,23.1195936],[113.3422455,23.1194804],[113.3422363,23.1193849],[113.3421942,23.1189482],[113.3421451,23.1183408],[113.3421335,23.1181907],[113.3421045,23.1178058],[113.3420588,23.1172781],[113.3420321,23.1168824],[113.3419944,23.1164138],[113.3419645,23.1160543],[113.3419339,23.1156852],[113.341872,23.1149837],[113.3418569,23.1147486],[113.3418366,23.1144336],[113.3418228,23.1142488],[113.3418063,23.1139754],[113.3417995,23.1138837]]}},{"type":"Feature","id":520437319,"properties":{"id":"520437319","highway":"primary_link","name":null,"oneway":true,"lanes":null,"maxheight":null,"maxweight":null,"maxwidth":null},"geometry":{"type":"LineString","coordinates":[[113.3416004,23.1197655],[113.3416907,23.1197831],[113.3417476,23.1198025],[113.3417739,23.1198251],[113.3417803,23.1198679],[113.3417748,23.119908],[113.341748,23.1199488],[113.3417205,23.1199704],[113.3416365,23.1200054]]}},{"type":"Feature","id":520437320,"properties":{"id":"520437320","highway":"primary_link","name":null,"oneway":true,"lanes":null,"maxheight":null,"maxweight":null,"maxwidth":null},"geometry":{"type":"LineString","coordinates":[[113.3416004,23.1197655],[113.3419402,23.1197153],[113.3420145,23.1196746],[113.3420818,23.1196291],[113.3421402,23.1195672],[113.3421933,23.1194842],[113.3422363,23.1193849]]}},{"type":"Feature","id":520437321,"properties":{"id":"520437321","highway":"primary_link","name":null,"oneway":true,"lanes":null,"maxheight":null,"maxweight":null,"maxwidth":null},"geometry":{"type":"LineString","coordinates":[[113.3423096,23.1194262],[113.3423667,23.1195184],[113.3424198,23.1195835],[113.3424622,23.1196143],[113.3425095,23.1196354],[113.3425601,23.1196515],[113.3426195,23.119662],[113.3426984,23.1196695],[113.3428192,23.1196778]]}},{"type":"Feature","id":520437322,"properties":{"id":"520437322","highway":"primary_link","name":null,"oneway":true,"lanes":null,"maxheight":null,"maxweight":null,"maxwidth":null},"geometry":{"type":"LineString","coordinates":[[113.3429075,23.1198905],[113.342731,23.1199451],[113.3426589,23.1199742],[113.3425676,23.1200234],[113.3425197,23.1200671],[113.3424797,23.1201025],[113.3424604,23.1201279],[113.3424473,23.1201926]]}},{"type":"Feature","id":520437323,"properties":{"id":"520437323","highway":"primary_link","name":null,"oneway":true,"lanes":null,"maxheight":null,"maxweight":null,"maxwidth":null},"geometry":{"type":"LineString","coordinates":[[113.3423792,23.1202149],[113.3423312,23.1201425],[113.3423039,23.1200999],[113.3422613,23.1200508],[113.3422198,23.1200194],[113.3421853,23.1200021],[113.3421267,23.1199837],[113.3420412,23.1199668]]}},{"type":"Feature","id":520437324,"properties":{"id":"520437324","highway":"tertiary","name":"花城大道","oneway":true,"lanes":null,"maxheight":null,"maxweight":null,"maxwidth":null},"geometry":{"type":"LineString","coordinates":[[113.3496852,23.1197079],[113.3492916,23.1197421],[113.3489106,23.1197649],[113.3484722,23.119776],[113.3481704,23.1197845]]}},{"type":"Feature","id":520437325,"properties":{"id":"520437325","highway":"tertiary_link","name":null,"oneway":true,"lanes":null,"maxheight":null,"maxweight":null,"maxwidth":null},"geometry":{"type":"LineString","coordinates":[[113.3505717,23.1194501],[113.3506033,23.1196619]]}},{"type":"Feature","id":520438400,"properties":{"id":"520438400","highway":"tertiary","name":"甲子路","oneway":true,"lanes":null,"maxheight":null,"maxweight":null,"maxwidth":null},"geometry":{"type":"LineString","coordinates":[[113.3350522,23.1207335],[113.3349698,23.1206531],[113.3348955,23.1205905],[113.3348335,23.1205491],[113.3347777,23.1205222]]}},{"type":"Feature","id":520438401,"properties":{"id":"520438401","highway":"tertiary","name":"甲子路","oneway":true,"lanes":null,"maxheight":null,"maxweight":null,"maxwidth":null},"geometry":{"type":"LineString","coordinates":[[113.3351427,23.1204867],[113.3350803,23.1205389],[113.3350519,23.1205782],[113.3350341,23.1206125],[113.3350305,23.1206485],[113.3350346,23.1206769],[113.3350522,23.1207335]]}},{"type":"Feature","id":520732117,"properties":{"id":"520732117","highway":"residential","name":"华阳街","oneway":false,"lanes":null,"maxheight":null,"maxweight":null,"maxwidth":null},"geometry":{"type":"LineString","coordinates":[[113.3239985,23.1425573],[113.3240124,23.1419332],[113.3240244,23.1413897],[113.3240269,23.1412767],[113.3240533,23.1400793],[113.3240617,23.1396979]]}},{"type":"Feature","id":520732118,"properties":{"id":"520732118","highway":"residential","name":"华升街","oneway":false,"lanes":null,"maxheight":null,"maxweight":null,"maxwidth":null},"geometry":{"type":"LineString","coordinates":[[113.3255062,23.1425531],[113.3251376,23.1425541],[113.3246028,23.1425556],[113.3239985,23.1425573],[113.323214,23.1425594],[113.3231166,23.1425597]]}},{"type":"Feature","id":526221768,"properties":{"id":"526221768","highway":"secondary","name":"黄埔大道中辅路","oneway":true,"lanes":null,"maxheight":null,"maxweight":null,"maxwidth":null},"geometry":{"type":"LineString","coordinates":[[113.3574518,23.1257379],[113.3570434,23.1258615],[113.3569842,23.1258781],[113.3567017,23.1259551]]}},{"type":"Feature","id":526221769,"properties":{"id":"526221769","highway":"secondary","name":"黄埔大道中辅路","oneway":true,"lanes":null,"maxheight":null,"maxweight":null,"maxwidth":null},"geometry":{"type":"LineString","coordinates":[[113.3573356,23.1254156],[113.3584528,23.1250896],[113.3587722,23.1249978],[113.3590796,23.1249087],[113.3592081,23.1248758],[113.3592582,23.1248663],[113.3593296,23.1248528],[113.3594456,23.1248371],[113.3596637,23.1248158]]}},{"type":"Feature","id":526242004,"properties":{"id":"526242004","highway":"secondary","name":"华夏路","oneway":true,"lanes":null,"maxheight":null,"maxweight":null,"maxwidth":null},"geometry":{"type":"LineString","coordinates":[[113.3158442,23.1194861],[113.3158562,23.120055],[113.3158584,23.1201578],[113.3158713,23.1207695],[113.3158844,23.1213871]]}},{"type":"Feature","id":526242005,"properties":{"id":"526242005","highway":"secondary","name":"华夏路","oneway":true,"lanes":null,"maxheight":null,"maxweight":null,"maxwidth":null},"geometry":{"type":"LineString","coordinates":[[113.3158844,23.1213871],[113.3158867,23.1216449],[113.3158905,23.1217248],[113.3158887,23.12191]]}},{"type":"Feature","id":526242006,"properties":{"id":"526242006","highway":"primary","name":"花城大道","oneway":true,"lanes":"3","maxheight":null,"maxweight":null,"maxwidth":null},"geometry":{"type":"LineString","coordinates":[[113.3163731,23.1218956],[113.3166775,23.1218761],[113.3175461,23.1217984]]}},{"type":"Feature","id":526242012,"properties":{"id":"526242012","highway":"secondary","name":"马场路","oneway":true,"lanes":null,"maxheight":null,"maxweight":null,"maxwidth":null},"geometry":{"type":"LineString","coordinates":[[113.3380014,23.1196481],[113.3380097,23.1199717]]}},{"type":"Feature","id":526242013,"properties":{"id":"526242013","highway":"primary","name":"花城大道","oneway":true,"lanes":"3","maxheight":null,"maxweight":null,"maxwidth":null},"geometry":{"type":"LineString","coordinates":[[113.3384267,23.1199486],[113.3387719,23.1199295],[113.3395873,23.1198844],[113.3407247,23.1198172],[113.3416004,23.1197655]]}},{"type":"Feature","id":526242014,"properties":{"id":"526242014","highway":"primary","name":"花城大道","oneway":true,"lanes":"3","maxheight":null,"maxweight":null,"maxwidth":null},"geometry":{"type":"LineString","coordinates":[[113.3423459,23.1197169],[113.3428192,23.1196778]]}},{"type":"Feature","id":526242015,"properties":{"id":"526242015","highway":"tertiary","name":"平江路","oneway":true,"lanes":null,"maxheight":null,"maxweight":null,"maxwidth":null},"geometry":{"type":"LineString","coordinates":[[113.3423459,23.1197169],[113.3423873,23.1199363]]}},{"type":"Feature","id":526242016,"properties":{"id":"526242016","highway":"tertiary","name":"平云路","oneway":true,"lanes":null,"maxheight":null,"maxweight":null,"maxwidth":null},"geometry":{"type":"LineString","coordinates":[[113.344477,23.1277248],[113.3452981,23.1275647],[113.3454348,23.1275347],[113.3455328,23.1275037]]}},{"type":"Feature","id":526242017,"properties":{"id":"526242017","highway":"primary","name":"花城大道","oneway":true,"lanes":null,"maxheight":null,"maxweight":null,"maxwidth":null},"geometry":{"type":"LineString","coordinates":[[113.3462576,23.1198408],[113.3458696,23.1198415]]}},{"type":"Feature","id":526242018,"properties":{"id":"526242018","highway":"primary","name":"花城大道","oneway":true,"lanes":"3","maxheight":null,"maxweight":null,"maxwidth":null},"geometry":{"type":"LineString","coordinates":[[113.3429075,23.1198905],[113.3423873,23.1199363]]}},{"type":"Feature","id":526242019,"properties":{"id":"526242019","highway":"primary","name":"花城大道","oneway":true,"lanes":"3","maxheight":null,"maxweight":null,"maxwidth":null},"geometry":{"type":"LineString","coordinates":[[113.3383461,23.1202259],[113.3380167,23.1202462]]}},{"type":"Feature","id":526242020,"properties":{"id":"526242020","highway":"secondary","name":"马场路","oneway":true,"lanes":null,"maxheight":null,"maxweight":null,"maxwidth":null},"geometry":{"type":"LineString","coordinates":[[113.3380237,23.1205242],[113.3380352,23.1209735]]}},{"type":"Feature","id":527878498,"properties":{"id":"527878498","highway":"secondary","name":"黄埔大道西","oneway":true,"lanes":null,"maxheight":null,"maxweight":null,"maxwidth":null},"geometry":{"type":"LineString","coordinates":[[113.3233659,23.1299407],[113.3228539,23.1299742],[113.322713,23.1299834],[113.3225672,23.1299929],[113.3224185,23.1300026],[113.3220642,23.1300258]]}},{"type":"Feature","id":528055205,"properties":{"id":"528055205","highway":"secondary","name":"黄埔大道西","oneway":true,"lanes":null,"maxheight":null,"maxweight":null,"maxwidth":null},"geometry":{"type":"LineString","coordinates":[[113.3220201,23.129703],[113.3224003,23.1296775],[113.3225511,23.1296708]]}},{"type":"Feature","id":529136106,"properties":{"id":"529136106","highway":"service","name":null,"oneway":false,"lanes":"1","maxheight":null,"maxweight":null,"maxwidth":null},"geometry":{"type":"LineString","coordinates":[[113.3400599,23.1420352],[113.340065,23.1419997],[113.3401589,23.141479],[113.3402045,23.1412455],[113.3398522,23.1402981],[113.3398119,23.1392063],[113.3392364,23.1392243],[113.3387332,23.13924],[113.3387735,23.1403317],[113.3398522,23.1402981]]}},{"type":"Feature","id":529182862,"properties":{"id":"529182862","highway":"service","name":null,"oneway":false,"lanes":null,"maxheight":null,"maxweight":null,"maxwidth":null},"geometry":{"type":"LineString","coordinates":[[113.3283699,23.1230752],[113.3284431,23.1230742],[113.3293869,23.1230615],[113.3298154,23.1230222]]}},{"type":"Feature","id":529608589,"properties":{"id":"529608589","highway":"service","name":null,"oneway":false,"lanes":null,"maxheight":null,"maxweight":null,"maxwidth":null},"geometry":{"type":"LineString","coordinates":[[113.3392364,23.1392243],[113.3392329,23.1390826],[113.3392684,23.1389164]]}},{"type":"Feature","id":536328371,"properties":{"id":"536328371","highway":"residential","name":"翠园街","oneway":false,"lanes":null,"maxheight":null,"maxweight":null,"maxwidth":null},"geometry":{"type":"LineString","coordinates":[[113.3468781,23.1279592],[113.3468593,23.1281099],[113.3468047,23.1285468],[113.346751,23.1291078],[113.346695,23.1300919],[113.3466637,23.1303345],[113.3466163,23.1307017],[113.3465999,23.1308436],[113.3465917,23.1309316],[113.3465742,23.1311204],[113.3464757,23.1321819],[113.3464669,23.1322769]]}},{"type":"Feature","id":536328372,"properties":{"id":"536328372","highway":"unclassified","name":"平川路","oneway":false,"lanes":null,"maxheight":null,"maxweight":null,"maxwidth":null},"geometry":{"type":"LineString","coordinates":[[113.3403128,23.1284297],[113.3402935,23.128274],[113.3401016,23.1275657],[113.3396074,23.1257416],[113.3395623,23.1256411],[113.3394982,23.1255735],[113.339389,23.1255407],[113.3380736,23.1255755]]}},{"type":"Feature","id":536906827,"properties":{"id":"536906827","highway":"tertiary","name":"海乐路","oneway":true,"lanes":null,"maxheight":null,"maxweight":null,"maxwidth":null},"geometry":{"type":"LineString","coordinates":[[113.3320839,23.12907],[113.332332,23.1290215],[113.3324215,23.1289951],[113.3324953,23.1289667],[113.332557,23.1289265],[113.3326098,23.1288672],[113.332644,23.128811],[113.3326648,23.1287471],[113.33267,23.1286725],[113.3326765,23.1284895],[113.3327045,23.1277364],[113.3327063,23.1276875],[113.3327256,23.1270963],[113.3327302,23.1269571],[113.3327263,23.1267785],[113.3327168,23.1266077],[113.3326866,23.1264147],[113.3326419,23.1262189],[113.3326036,23.1260891],[113.3325606,23.1259659],[113.3325319,23.1258755],[113.3325091,23.1257806],[113.3324974,23.12571],[113.332492,23.1256092],[113.3324935,23.1254976],[113.3324951,23.1253015],[113.3324844,23.1252109],[113.332462,23.1251093],[113.3324273,23.1250543],[113.3323827,23.1250189],[113.3323126,23.1249962],[113.3322349,23.1249814],[113.3320666,23.1249654]]}},{"type":"Feature","id":536906828,"properties":{"id":"536906828","highway":"tertiary","name":"海乐路","oneway":true,"lanes":null,"maxheight":null,"maxweight":null,"maxwidth":null},"geometry":{"type":"LineString","coordinates":[[113.3329228,23.1248861],[113.3327817,23.1249404],[113.3327013,23.1249758],[113.332648,23.1250134],[113.3326112,23.1250567],[113.3325814,23.1251301],[113.3325663,23.125216],[113.3325576,23.125305],[113.3325565,23.125453],[113.3325614,23.1255549],[113.332573,23.1256629],[113.3325858,23.1257541],[113.3326116,23.1258595],[113.3326391,23.1259464],[113.3326788,23.1260784],[113.3327228,23.1262201],[113.332752,23.1263418],[113.3327782,23.1264681],[113.3327931,23.1265703],[113.3328014,23.1266946],[113.3328069,23.126823],[113.3328047,23.1269168],[113.3327994,23.1270921],[113.3327945,23.1272844],[113.3327742,23.1278253],[113.3327545,23.1284856],[113.3327548,23.1285969],[113.3327579,23.1286525],[113.3327703,23.1287101],[113.3327855,23.1287475],[113.3328142,23.1287889],[113.3328552,23.128831],[113.3329,23.1288673],[113.3329593,23.1289036],[113.3330024,23.1289293],[113.3330592,23.1289558],[113.3331762,23.1290004]]}},{"type":"Feature","id":538308800,"properties":{"id":"538308800","highway":"tertiary","name":"员村南街","oneway":false,"lanes":null,"maxheight":null,"maxweight":null,"maxwidth":null},"geometry":{"type":"LineString","coordinates":[[113.3511624,23.1196123],[113.351129,23.1193831],[113.3511185,23.1193116],[113.3510025,23.1186864],[113.3509718,23.1185771],[113.3504572,23.1167239],[113.3503853,23.1164466],[113.3503227,23.1162053],[113.3502733,23.1160395],[113.3501981,23.1157969],[113.3501136,23.1155446],[113.3500586,23.1153762],[113.350009,23.115212],[113.3499497,23.1150166],[113.3498891,23.1148379],[113.3497949,23.1145654],[113.3497609,23.1144635]]}},{"type":"Feature","id":538308801,"properties":{"id":"538308801","highway":"tertiary","name":"花城大道","oneway":true,"lanes":null,"maxheight":null,"maxweight":null,"maxwidth":null},"geometry":{"type":"LineString","coordinates":[[113.3478346,23.1198781],[113.3471778,23.1198606]]}},{"type":"Feature","id":538332303,"properties":{"id":"538332303","highway":"tertiary_link","name":null,"oneway":true,"lanes":null,"maxheight":null,"maxweight":null,"maxwidth":null},"geometry":{"type":"LineString","coordinates":[[113.3478346,23.1198781],[113.3476158,23.1199218],[113.3475473,23.1199454],[113.3475035,23.119979],[113.3474783,23.1199993],[113.3474398,23.120055],[113.3472837,23.1203021],[113.3472129,23.120419]]}},{"type":"Feature","id":538335656,"properties":{"id":"538335656","highway":"primary_link","name":null,"oneway":true,"lanes":null,"maxheight":null,"maxweight":null,"maxwidth":null},"geometry":{"type":"LineString","coordinates":[[113.3151307,23.1300823],[113.3158101,23.1300361],[113.3159502,23.1300307],[113.3161053,23.1300292],[113.3161941,23.1300364],[113.3162605,23.1300514],[113.3164057,23.1300893]]}},{"type":"Feature","id":538458899,"properties":{"id":"538458899","highway":"tertiary","name":"平云路","oneway":true,"lanes":null,"maxheight":null,"maxweight":null,"maxwidth":null},"geometry":{"type":"LineString","coordinates":[[113.3443979,23.12774],[113.344477,23.1277248]]}},{"type":"Feature","id":538458902,"properties":{"id":"538458902","highway":"tertiary","name":"谭村路","oneway":true,"lanes":null,"maxheight":null,"maxweight":null,"maxwidth":null},"geometry":{"type":"LineString","coordinates":[[113.3423792,23.1202149],[113.3423418,23.1200729],[113.3423126,23.1199429]]}},{"type":"Feature","id":538458904,"properties":{"id":"538458904","highway":"primary","name":"花城大道","oneway":true,"lanes":"3","maxheight":null,"maxweight":null,"maxwidth":null},"geometry":{"type":"LineString","coordinates":[[113.3420412,23.1199668],[113.3416365,23.1200054]]}},{"type":"Feature","id":538458908,"properties":{"id":"538458908","highway":"primary","name":"花城大道","oneway":true,"lanes":"3","maxheight":null,"maxweight":null,"maxwidth":null},"geometry":{"type":"LineString","coordinates":[[113.3388166,23.1201966],[113.3383461,23.1202259]]}},{"type":"Feature","id":538458912,"properties":{"id":"538458912","highway":"secondary","name":"马场路","oneway":true,"lanes":null,"maxheight":null,"maxweight":null,"maxwidth":null},"geometry":{"type":"LineString","coordinates":[[113.3378356,23.1199814],[113.3378273,23.1196549]]}},{"type":"Feature","id":538987906,"properties":{"id":"538987906","highway":"tertiary","name":"龙口东路","oneway":false,"lanes":null,"maxheight":null,"maxweight":null,"maxwidth":null},"geometry":{"type":"LineString","coordinates":[[113.3352196,23.1470803],[113.3351648,23.1466179],[113.3350861,23.145954]]}},{"type":"Feature","id":539648047,"properties":{"id":"539648047","highway":"service","name":null,"oneway":true,"lanes":null,"maxheight":null,"maxweight":null,"maxwidth":null},"geometry":{"type":"LineString","coordinates":[[113.3425103,23.1285438],[113.3425259,23.1290726],[113.342525,23.1291952],[113.3425237,23.129687]]}},{"type":"Feature","id":539648048,"properties":{"id":"539648048","highway":"service","name":null,"oneway":false,"lanes":null,"maxheight":null,"maxweight":null,"maxwidth":null},"geometry":{"type":"LineString","coordinates":[[113.3422645,23.1296874],[113.3422675,23.1291238]]}},{"type":"Feature","id":539648060,"properties":{"id":"539648060","highway":"service","name":null,"oneway":false,"lanes":null,"maxheight":null,"maxweight":null,"maxwidth":null},"geometry":{"type":"LineString","coordinates":[[113.3414683,23.1296675],[113.3414739,23.1291956],[113.3414788,23.1290252],[113.3404321,23.1290294]]}},{"type":"Feature","id":539648061,"properties":{"id":"539648061","highway":"service","name":null,"oneway":false,"lanes":null,"maxheight":null,"maxweight":null,"maxwidth":null},"geometry":{"type":"LineString","coordinates":[[113.342525,23.1291952],[113.3430266,23.1291931],[113.3430217,23.1296863]]}},{"type":"Feature","id":539648062,"properties":{"id":"539648062","highway":"service","name":null,"oneway":true,"lanes":null,"maxheight":null,"maxweight":null,"maxwidth":null},"geometry":{"type":"LineString","coordinates":[[113.3420319,23.129685],[113.3420319,23.1291854],[113.3420319,23.1290872],[113.3420361,23.1287037],[113.3420311,23.1285647]]}},{"type":"Feature","id":539648063,"properties":{"id":"539648063","highway":"service","name":null,"oneway":false,"lanes":null,"maxheight":null,"maxweight":null,"maxwidth":null},"geometry":{"type":"LineString","coordinates":[[113.3414739,23.1291956],[113.3420319,23.1291854]]}},{"type":"Feature","id":539648078,"properties":{"id":"539648078","highway":"residential","name":"建阳路","oneway":false,"lanes":null,"maxheight":null,"maxweight":null,"maxwidth":null},"geometry":{"type":"LineString","coordinates":[[113.3414683,23.1296675],[113.3414615,23.1301148],[113.3414641,23.1303904],[113.3414687,23.1308732],[113.3414734,23.1313648],[113.3414738,23.1314134],[113.3414772,23.1317681],[113.3414776,23.1318039],[113.3414817,23.1322406],[113.3414886,23.1327862],[113.3410367,23.1327906],[113.3410388,23.1329766],[113.3410325,23.1332197],[113.3410246,23.13349],[113.341024,23.133733],[113.3410226,23.1340143],[113.3410065,23.1347083]]}},{"type":"Feature","id":539648079,"properties":{"id":"539648079","highway":"service","name":"羊城路","oneway":false,"lanes":null,"maxheight":null,"maxweight":null,"maxwidth":null},"geometry":{"type":"LineString","coordinates":[[113.3404321,23.1290294],[113.340442,23.1296694],[113.3404315,23.1303842],[113.3403015,23.1303897],[113.3402572,23.1327887],[113.3402576,23.1329708],[113.3402467,23.1332158],[113.3402364,23.1334721],[113.3402292,23.1337291],[113.3402239,23.1340057],[113.3401911,23.1346891],[113.3398899,23.1346848],[113.3399001,23.1351631],[113.3399128,23.13576],[113.3399183,23.1360152],[113.3399202,23.1361052],[113.3399275,23.1362803],[113.3399368,23.1365047],[113.3399474,23.1367243],[113.3399651,23.1369853],[113.3399789,23.1372541],[113.3399903,23.1374786],[113.3399984,23.1376365],[113.3400117,23.1378967],[113.340022,23.1380989],[113.3400329,23.1383122],[113.3400508,23.1386937],[113.3400567,23.1387641],[113.3400607,23.1388111]]}},{"type":"Feature","id":539648080,"properties":{"id":"539648080","highway":"service","name":null,"oneway":false,"lanes":null,"maxheight":null,"maxweight":null,"maxwidth":null},"geometry":{"type":"LineString","coordinates":[[113.3430266,23.1291931],[113.3430297,23.1290779],[113.3441395,23.1290517],[113.3441591,23.1297238]]}},{"type":"Feature","id":539983249,"properties":{"id":"539983249","highway":"service","name":null,"oneway":true,"lanes":null,"maxheight":null,"maxweight":null,"maxwidth":null},"geometry":{"type":"LineString","coordinates":[[113.3163174,23.1350185],[113.316403,23.1350755],[113.3164954,23.1351369],[113.3164921,23.1354175],[113.3164336,23.1354447],[113.3163651,23.1354764]]}},{"type":"Feature","id":540257163,"properties":{"id":"540257163","highway":"residential","name":null,"oneway":false,"lanes":null,"maxheight":null,"maxweight":null,"maxwidth":null},"geometry":{"type":"LineString","coordinates":[[113.3278848,23.1404526],[113.327768,23.1404514],[113.3272266,23.1404567],[113.3266886,23.1404543]]}},{"type":"Feature","id":540259461,"properties":{"id":"540259461","highway":"residential","name":null,"oneway":false,"lanes":null,"maxheight":null,"maxweight":null,"maxwidth":null},"geometry":{"type":"LineString","coordinates":[[113.3297072,23.1386665],[113.329537,23.138593]]}},{"type":"Feature","id":540259472,"properties":{"id":"540259472","highway":"residential","name":null,"oneway":false,"lanes":null,"maxheight":null,"maxweight":null,"maxwidth":null},"geometry":{"type":"LineString","coordinates":[[113.3289733,23.1401812],[113.3289532,23.140231],[113.3289173,23.1402727],[113.3288984,23.1402843],[113.3288692,23.1403022],[113.3288136,23.1403165],[113.3287559,23.1403143],[113.3287017,23.1402959],[113.3286564,23.1402629],[113.3286244,23.1402187],[113.3286081,23.1401616],[113.3286141,23.1401029],[113.3286416,23.1400496],[113.3286872,23.1400082],[113.3287455,23.1399836],[113.3288094,23.1399788],[113.3288368,23.1399857],[113.3288712,23.1399944],[113.3289235,23.1400285],[113.32896,23.1400769],[113.3289756,23.1401281],[113.3289733,23.1401812]]}},{"type":"Feature","id":540259473,"properties":{"id":"540259473","highway":"residential","name":null,"oneway":true,"lanes":null,"maxheight":null,"maxweight":null,"maxwidth":null},"geometry":{"type":"LineString","coordinates":[[113.3281468,23.1400232],[113.328273,23.1400454],[113.328325,23.1400511],[113.3286141,23.1401029]]}},{"type":"Feature","id":540259474,"properties":{"id":"540259474","highway":"service","name":null,"oneway":true,"lanes":null,"maxheight":null,"maxweight":null,"maxwidth":null},"geometry":{"type":"LineString","coordinates":[[113.3288984,23.1402843],[113.3289124,23.1403442],[113.3289035,23.1404484],[113.3287673,23.1411318],[113.3287301,23.1411757],[113.3286646,23.1411985],[113.3284399,23.1411611],[113.3284009,23.1411774],[113.3283602,23.141249],[113.3281822,23.142181]]}},{"type":"Feature","id":540259475,"properties":{"id":"540259475","highway":"service","name":null,"oneway":true,"lanes":null,"maxheight":null,"maxweight":null,"maxwidth":null},"geometry":{"type":"LineString","coordinates":[[113.3275812,23.1435212],[113.3276658,23.1435283],[113.3277278,23.1435382],[113.3282697,23.1436246],[113.3282974,23.1436203],[113.3283251,23.143592],[113.3285732,23.1423327],[113.3285562,23.1422888],[113.3285146,23.1422449],[113.3281822,23.142181],[113.3279945,23.142145],[113.3278058,23.1421153]]}},{"type":"Feature","id":540260265,"properties":{"id":"540260265","highway":"service","name":null,"oneway":false,"lanes":null,"maxheight":null,"maxweight":null,"maxwidth":null},"geometry":{"type":"LineString","coordinates":[[113.3288368,23.1399857],[113.3289412,23.1395031],[113.3289161,23.1392575],[113.3289615,23.1389774],[113.329124,23.1379759]]}},{"type":"Feature","id":540260266,"properties":{"id":"540260266","highway":"service","name":null,"oneway":false,"lanes":null,"maxheight":null,"maxweight":null,"maxwidth":null},"geometry":{"type":"LineString","coordinates":[[113.3289615,23.1389774],[113.3293581,23.1390402]]}},{"type":"Feature","id":540260269,"properties":{"id":"540260269","highway":"residential","name":null,"oneway":false,"lanes":null,"maxheight":null,"maxweight":null,"maxwidth":null},"geometry":{"type":"LineString","coordinates":[[113.3251486,23.141188],[113.3257801,23.1411969],[113.3258263,23.1411799],[113.3258432,23.141136],[113.3258725,23.1407889],[113.3258987,23.140762],[113.3259541,23.1407492],[113.3262038,23.1407477],[113.3265701,23.1407455],[113.327128,23.1407422],[113.3271943,23.1407266],[113.3272097,23.1406869],[113.3272266,23.1404567]]}},{"type":"Feature","id":540506486,"properties":{"id":"540506486","highway":"residential","name":null,"oneway":false,"lanes":null,"maxheight":null,"maxweight":null,"maxwidth":null},"geometry":{"type":"LineString","coordinates":[[113.3151284,23.1450966],[113.3153594,23.1451019],[113.3155963,23.1451074],[113.3156697,23.1451495],[113.3157185,23.1452336],[113.3157081,23.1460205],[113.3157027,23.1464287]]}},{"type":"Feature","id":540506487,"properties":{"id":"540506487","highway":"residential","name":null,"oneway":false,"lanes":null,"maxheight":null,"maxweight":null,"maxwidth":null},"geometry":{"type":"LineString","coordinates":[[113.3149142,23.1450629],[113.314906,23.1450975],[113.314911,23.1451326],[113.3149287,23.1451641],[113.3149569,23.1451882],[113.3149924,23.1452021],[113.3150308,23.1452041],[113.3150677,23.145194],[113.3150965,23.1451751],[113.3151174,23.1451489],[113.3151284,23.145118],[113.3151284,23.1450966],[113.3151284,23.1450855],[113.3151173,23.1450546],[113.3150963,23.1450284],[113.3150675,23.1450096],[113.3150338,23.1449999],[113.3150129,23.1450002],[113.3149984,23.1450004],[113.314965,23.1450111],[113.3149347,23.1450329],[113.3149142,23.1450629]]}},{"type":"Feature","id":540507520,"properties":{"id":"540507520","highway":"residential","name":null,"oneway":false,"lanes":null,"maxheight":null,"maxweight":null,"maxwidth":null},"geometry":{"type":"LineString","coordinates":[[113.3172057,23.1471583],[113.3172123,23.1475967],[113.3172222,23.1482471],[113.317224,23.1483493],[113.3172243,23.1484238]]}},{"type":"Feature","id":540602671,"properties":{"id":"540602671","highway":"residential","name":"忠信路","oneway":false,"lanes":null,"maxheight":null,"maxweight":null,"maxwidth":null},"geometry":{"type":"LineString","coordinates":[[113.3441591,23.1297238],[113.3430217,23.1296863]]}},{"type":"Feature","id":540602672,"properties":{"id":"540602672","highway":"residential","name":"真如路","oneway":false,"lanes":"2","maxheight":null,"maxweight":null,"maxwidth":null},"geometry":{"type":"LineString","coordinates":[[113.3440837,23.1335687],[113.3440954,23.1328201],[113.3441149,23.1324042],[113.3441253,23.1321815],[113.3441844,23.130923],[113.3441927,23.1305738],[113.3441591,23.1297238]]}},{"type":"Feature","id":540756795,"properties":{"id":"540756795","highway":"residential","name":null,"oneway":true,"lanes":null,"maxheight":null,"maxweight":null,"maxwidth":null},"geometry":{"type":"LineString","coordinates":[[113.3241989,23.1317443],[113.3241967,23.1317046],[113.3241635,23.1310987],[113.3241469,23.1307947],[113.3253805,23.1307404],[113.326484,23.1306918],[113.326547,23.1307105],[113.3265734,23.1307591],[113.3265734,23.1310308],[113.3265735,23.1313175],[113.3265735,23.1313569]]}},{"type":"Feature","id":540758828,"properties":{"id":"540758828","highway":"residential","name":null,"oneway":false,"lanes":null,"maxheight":null,"maxweight":null,"maxwidth":null},"geometry":{"type":"LineString","coordinates":[[113.324372,23.1325924],[113.3243675,23.1325627],[113.3243645,23.1324952],[113.3244149,23.1324666],[113.3244544,23.1324426],[113.324541,23.1324123],[113.324608,23.1323654],[113.3246429,23.1323186],[113.3246965,23.132289],[113.3248549,23.1322636],[113.3254342,23.1321706],[113.3254905,23.1321484],[113.3255227,23.1321065],[113.3255709,23.1319486],[113.3256192,23.131919],[113.3256702,23.1319042],[113.3261584,23.1318129],[113.3261986,23.1318179],[113.3262469,23.1318475],[113.3263488,23.1319708],[113.326381,23.1319881],[113.3264588,23.1319979],[113.3266969,23.1319931],[113.3271883,23.1319831],[113.3272688,23.1319955],[113.3273439,23.1320325],[113.3276792,23.1322175],[113.3277545,23.1322446],[113.3278133,23.1322446],[113.3280057,23.1322255],[113.3280742,23.1322189],[113.3282449,23.1322024]]}},{"type":"Feature","id":540758829,"properties":{"id":"540758829","highway":"residential","name":null,"oneway":false,"lanes":null,"maxheight":null,"maxweight":null,"maxwidth":null},"geometry":{"type":"LineString","coordinates":[[113.3272688,23.1319955],[113.3272901,23.1325373],[113.3272929,23.1326082],[113.3273087,23.1330077],[113.3273145,23.133155],[113.3273229,23.1333696],[113.3273263,23.1334536],[113.3273405,23.133816],[113.3273527,23.1341237],[113.327354,23.1341576]]}},{"type":"Feature","id":540758848,"properties":{"id":"540758848","highway":"residential","name":null,"oneway":false,"lanes":null,"maxheight":null,"maxweight":null,"maxwidth":null},"geometry":{"type":"LineString","coordinates":[[113.3293233,23.1341949],[113.3293169,23.1341376]]}},{"type":"Feature","id":540758862,"properties":{"id":"540758862","highway":"residential","name":null,"oneway":false,"lanes":null,"maxheight":null,"maxweight":null,"maxwidth":null},"geometry":{"type":"LineString","coordinates":[[113.3324997,23.1337661],[113.331494,23.1337661],[113.331445,23.1337833],[113.3314123,23.1338391],[113.3313123,23.1346821],[113.3312356,23.1352676],[113.3311687,23.1360248],[113.3311497,23.1361903]]}},{"type":"Feature","id":540766010,"properties":{"id":"540766010","highway":"residential","name":"林乐直街","oneway":false,"lanes":null,"maxheight":null,"maxweight":null,"maxwidth":null},"geometry":{"type":"LineString","coordinates":[[113.3249532,23.1441754],[113.3249516,23.1443026],[113.3249295,23.1458332]]}},{"type":"Feature","id":540766014,"properties":{"id":"540766014","highway":"residential","name":null,"oneway":false,"lanes":null,"maxheight":null,"maxweight":null,"maxwidth":null},"geometry":{"type":"LineString","coordinates":[[113.3251016,23.147508],[113.325261,23.1474417],[113.3253189,23.1473763],[113.3253347,23.147294],[113.3253242,23.1464417],[113.325192,23.1459243],[113.3251818,23.1458568]]}},{"type":"Feature","id":540766027,"properties":{"id":"540766027","highway":"service","name":null,"oneway":false,"lanes":null,"maxheight":null,"maxweight":null,"maxwidth":null},"geometry":{"type":"LineString","coordinates":[[113.3210856,23.1481841],[113.3210722,23.1481173],[113.3210933,23.1468631],[113.3210761,23.1467745],[113.3210738,23.1467628],[113.3210682,23.1465476]]}},{"type":"Feature","id":540766040,"properties":{"id":"540766040","highway":"service","name":null,"oneway":false,"lanes":null,"maxheight":null,"maxweight":null,"maxwidth":null},"geometry":{"type":"LineString","coordinates":[[113.3221174,23.1480083],[113.3221053,23.1479429],[113.3221046,23.1473399],[113.3221049,23.1471344]]}},{"type":"Feature","id":540766041,"properties":{"id":"540766041","highway":"service","name":null,"oneway":false,"lanes":null,"maxheight":null,"maxweight":null,"maxwidth":null},"geometry":{"type":"LineString","coordinates":[[113.3221046,23.1473399],[113.322883,23.1473443],[113.3229722,23.1473448]]}},{"type":"Feature","id":540957442,"properties":{"id":"540957442","highway":"service","name":null,"oneway":false,"lanes":null,"maxheight":null,"maxweight":null,"maxwidth":null},"geometry":{"type":"LineString","coordinates":[[113.3500336,23.1273927],[113.3500506,23.1274694],[113.3500608,23.1275156],[113.3502333,23.1282949]]}},{"type":"Feature","id":540957443,"properties":{"id":"540957443","highway":"service","name":null,"oneway":false,"lanes":null,"maxheight":null,"maxweight":null,"maxwidth":null},"geometry":{"type":"LineString","coordinates":[[113.3512176,23.1296473],[113.3512424,23.1284398],[113.3512848,23.1273677]]}},{"type":"Feature","id":540957444,"properties":{"id":"540957444","highway":"service","name":null,"oneway":false,"lanes":null,"maxheight":null,"maxweight":null,"maxwidth":null},"geometry":{"type":"LineString","coordinates":[[113.3543718,23.131399],[113.3543666,23.1310186]]}},{"type":"Feature","id":540957445,"properties":{"id":"540957445","highway":"service","name":null,"oneway":false,"lanes":null,"maxheight":null,"maxweight":null,"maxwidth":null},"geometry":{"type":"LineString","coordinates":[[113.3545821,23.1305658],[113.3545036,23.1305307],[113.354417,23.1305201],[113.3543312,23.1305349],[113.3542547,23.1305736],[113.3541952,23.1306324],[113.3541587,23.1307054],[113.3541488,23.1307852],[113.3541697,23.1308708],[113.354221,23.1309447],[113.3542966,23.1309982],[113.3543666,23.1310186],[113.3543876,23.1310247],[113.3544829,23.1310211],[113.3545712,23.1309878],[113.3546418,23.1309289],[113.3546864,23.1308514],[113.3546998,23.130772],[113.3546854,23.1306928],[113.3546449,23.1306217],[113.3545821,23.1305658]]}},{"type":"Feature","id":540957446,"properties":{"id":"540957446","highway":"service","name":null,"oneway":false,"lanes":null,"maxheight":null,"maxweight":null,"maxwidth":null},"geometry":{"type":"LineString","coordinates":[[113.3544829,23.1310211],[113.3544899,23.1313988]]}},{"type":"Feature","id":540957448,"properties":{"id":"540957448","highway":"service","name":"华港南街","oneway":false,"lanes":null,"maxheight":null,"maxweight":null,"maxwidth":null},"geometry":{"type":"LineString","coordinates":[[113.3501983,23.1346624],[113.3513577,23.1346904],[113.3529349,23.1347216],[113.3530572,23.134724]]}},{"type":"Feature","id":540957449,"properties":{"id":"540957449","highway":"service","name":null,"oneway":false,"lanes":null,"maxheight":null,"maxweight":null,"maxwidth":null},"geometry":{"type":"LineString","coordinates":[[113.3533019,23.1360095],[113.3523325,23.1359962],[113.3514027,23.1359834],[113.3513491,23.1359636],[113.3513249,23.135902],[113.3513577,23.1346904]]}},{"type":"Feature","id":541821713,"properties":{"id":"541821713","highway":"tertiary","name":"海安路","oneway":false,"lanes":null,"maxheight":null,"maxweight":null,"maxwidth":null},"geometry":{"type":"LineString","coordinates":[[113.3379337,23.12673],[113.3369051,23.1267976],[113.3367869,23.126806],[113.3366131,23.1268183],[113.3357173,23.126882]]}},{"type":"Feature","id":541821714,"properties":{"id":"541821714","highway":"tertiary_link","name":null,"oneway":true,"lanes":null,"maxheight":null,"maxweight":null,"maxwidth":null},"geometry":{"type":"LineString","coordinates":[[113.3381048,23.12648],[113.3379259,23.1264904]]}},{"type":"Feature","id":541821715,"properties":{"id":"541821715","highway":"tertiary","name":null,"oneway":true,"lanes":null,"maxheight":null,"maxweight":null,"maxwidth":null},"geometry":{"type":"LineString","coordinates":[[113.3286485,23.1273786],[113.3285067,23.1274067],[113.3283901,23.127435],[113.3282904,23.1274845],[113.3282524,23.1275145],[113.3282216,23.1275389],[113.3281891,23.1275849]]}},{"type":"Feature","id":541821716,"properties":{"id":"541821716","highway":"tertiary","name":null,"oneway":true,"lanes":null,"maxheight":null,"maxweight":null,"maxwidth":null},"geometry":{"type":"LineString","coordinates":[[113.3282047,23.1272056],[113.328236,23.1272622],[113.3282594,23.127299],[113.328282,23.1273279],[113.32832,23.1273569],[113.3283784,23.1273762],[113.3284693,23.1273891],[113.3286485,23.1273786]]}},{"type":"Feature","id":541821717,"properties":{"id":"541821717","highway":"tertiary","name":"海居路","oneway":false,"lanes":null,"maxheight":null,"maxweight":null,"maxwidth":null},"geometry":{"type":"LineString","coordinates":[[113.3314972,23.1254182],[113.331473,23.1256019],[113.3314506,23.1257528],[113.3314164,23.1259668],[113.3313824,23.1261671],[113.3312001,23.1272089],[113.3311489,23.1275198],[113.3310972,23.127816],[113.3310535,23.1280661],[113.331004,23.1283783],[113.3309721,23.1286742],[113.3309632,23.1288505],[113.3309576,23.1289622],[113.3309567,23.1289799],[113.3309567,23.1290948]]}},{"type":"Feature","id":541821718,"properties":{"id":"541821718","highway":"tertiary","name":null,"oneway":true,"lanes":null,"maxheight":null,"maxweight":null,"maxwidth":null},"geometry":{"type":"LineString","coordinates":[[113.3314972,23.1254182],[113.3314873,23.1253582],[113.3314675,23.1252964],[113.3314391,23.1252401],[113.3313999,23.1251869]]}},{"type":"Feature","id":541821719,"properties":{"id":"541821719","highway":"tertiary","name":null,"oneway":true,"lanes":null,"maxheight":null,"maxweight":null,"maxwidth":null},"geometry":{"type":"LineString","coordinates":[[113.3320666,23.1249654],[113.3317191,23.1250616],[113.3316501,23.1250957],[113.3316006,23.1251364],[113.3315688,23.1251738],[113.3315458,23.1252242],[113.3315175,23.125312],[113.3314972,23.1254182]]}},{"type":"Feature","id":541821720,"properties":{"id":"541821720","highway":"tertiary","name":"海安路","oneway":false,"lanes":null,"maxheight":null,"maxweight":null,"maxwidth":null},"geometry":{"type":"LineString","coordinates":[[113.3357173,23.126882],[113.3327994,23.1270921],[113.3327256,23.1270963],[113.3312001,23.1272089],[113.3310324,23.1272188]]}},{"type":"Feature","id":541821721,"properties":{"id":"541821721","highway":"tertiary","name":"海业路","oneway":false,"lanes":null,"maxheight":null,"maxweight":null,"maxwidth":null},"geometry":{"type":"LineString","coordinates":[[113.3357173,23.126882],[113.3357181,23.1267702],[113.3357208,23.1265876],[113.3357322,23.1263592],[113.3357384,23.1262303],[113.3357539,23.1256797],[113.3357602,23.1254034],[113.3357588,23.1251416],[113.335753,23.1249139],[113.3357514,23.1247709]]}},{"type":"Feature","id":541821722,"properties":{"id":"541821722","highway":"secondary","name":null,"oneway":true,"lanes":null,"maxheight":null,"maxweight":null,"maxwidth":null},"geometry":{"type":"LineString","coordinates":[[113.3358499,23.1287401],[113.3376337,23.1286069],[113.3377823,23.1285957],[113.3378349,23.1285918],[113.337951,23.1285832]]}},{"type":"Feature","id":543462683,"properties":{"id":"543462683","highway":"residential","name":null,"oneway":false,"lanes":"2","maxheight":null,"maxweight":null,"maxwidth":null},"geometry":{"type":"LineString","coordinates":[[113.3226605,23.1323515],[113.3225145,23.1323549],[113.3222829,23.1323602],[113.3221111,23.1323642],[113.3215333,23.1323775],[113.3214883,23.1317202],[113.3214787,23.1315358],[113.3214644,23.131259],[113.3214624,23.1312212]]}},{"type":"Feature","id":544809832,"properties":{"id":"544809832","highway":"unclassified","name":null,"oneway":true,"lanes":null,"maxheight":null,"maxweight":null,"maxwidth":null},"geometry":{"type":"LineString","coordinates":[[113.3119983,23.1230998],[113.3120008,23.1231242],[113.3120056,23.1231708],[113.3119877,23.1232403],[113.3119465,23.1233007],[113.3118864,23.1233458],[113.3118137,23.1233708],[113.3117443,23.1233804],[113.3116603,23.1233513],[113.3115963,23.1233079],[113.3115514,23.1232477],[113.3115306,23.1231772],[113.3115333,23.1231415],[113.3115361,23.1231043],[113.3115673,23.1230371],[113.3116208,23.1229831],[113.3116907,23.1229482],[113.3117533,23.1229389],[113.3117691,23.1229365],[113.3118456,23.1229485],[113.3119138,23.1229824],[113.3119666,23.1230347],[113.3119983,23.1230998]]}},{"type":"Feature","id":544809835,"properties":{"id":"544809835","highway":"unclassified","name":null,"oneway":false,"lanes":null,"maxheight":null,"maxweight":null,"maxwidth":null},"geometry":{"type":"LineString","coordinates":[[113.3120008,23.1231242],[113.3129405,23.1230617],[113.3130235,23.1230562]]}},{"type":"Feature","id":545221502,"properties":{"id":"545221502","highway":"living_street","name":null,"oneway":false,"lanes":null,"maxheight":null,"maxweight":null,"maxwidth":null},"geometry":{"type":"LineString","coordinates":[[113.3289504,23.1469549],[113.3290443,23.1471152],[113.3292026,23.147453],[113.3292964,23.1476972],[113.3292889,23.1478544],[113.3292299,23.1480739],[113.3292324,23.1480884],[113.3292943,23.1484414],[113.3294418,23.1489199],[113.3293307,23.1489642],[113.3289794,23.1491045],[113.3283836,23.1492988],[113.3277248,23.1495137],[113.327619,23.149546]]}},{"type":"Feature","id":545400758,"properties":{"id":"545400758","highway":"service","name":null,"oneway":true,"lanes":null,"maxheight":null,"maxweight":null,"maxwidth":null},"geometry":{"type":"LineString","coordinates":[[113.3583814,23.1400024],[113.3573053,23.1398804],[113.3573241,23.1397981],[113.3573806,23.1397245],[113.3575477,23.1396488],[113.3580405,23.1395712]]}},{"type":"Feature","id":545400762,"properties":{"id":"545400762","highway":"service","name":null,"oneway":false,"lanes":null,"maxheight":null,"maxweight":null,"maxwidth":null},"geometry":{"type":"LineString","coordinates":[[113.3573053,23.1398804],[113.3572679,23.1399577],[113.3572512,23.1400725],[113.3572152,23.14032],[113.3574785,23.1403471]]}},{"type":"Feature","id":545592429,"properties":{"id":"545592429","highway":"service","name":null,"oneway":false,"lanes":null,"maxheight":null,"maxweight":null,"maxwidth":null},"geometry":{"type":"LineString","coordinates":[[113.3175735,23.1195051],[113.3175737,23.1195657],[113.3175745,23.1197979]]}},{"type":"Feature","id":545592430,"properties":{"id":"545592430","highway":"service","name":null,"oneway":false,"lanes":null,"maxheight":null,"maxweight":null,"maxwidth":null},"geometry":{"type":"LineString","coordinates":[[113.3174084,23.1197973],[113.3175745,23.1197979],[113.3177594,23.1197987],[113.3177921,23.1198012],[113.3178242,23.1198142],[113.3178496,23.1198364],[113.3178655,23.1198652],[113.3178698,23.1198972],[113.3178621,23.1199287],[113.3178434,23.119956],[113.3178158,23.1199759],[113.3177825,23.119986],[113.3177661,23.1199859],[113.317415,23.1199845],[113.3173986,23.1199843],[113.3173676,23.1199744],[113.3173416,23.119956],[113.3173232,23.119931],[113.3173144,23.119902],[113.3173159,23.1198718],[113.3173278,23.1198437],[113.3173487,23.1198204],[113.3173765,23.1198044],[113.3174084,23.1197973]]}},{"type":"Feature","id":545592431,"properties":{"id":"545592431","highway":"service","name":null,"oneway":false,"lanes":null,"maxheight":null,"maxweight":null,"maxwidth":null},"geometry":{"type":"LineString","coordinates":[[113.3178698,23.1198972],[113.3183479,23.1199514],[113.3185153,23.1199704]]}},{"type":"Feature","id":545592441,"properties":{"id":"545592441","highway":"service","name":null,"oneway":true,"lanes":null,"maxheight":null,"maxweight":null,"maxwidth":null},"geometry":{"type":"LineString","coordinates":[[113.3240244,23.1413897],[113.3235395,23.1413938]]}},{"type":"Feature","id":545840833,"properties":{"id":"545840833","highway":"residential","name":null,"oneway":false,"lanes":null,"maxheight":null,"maxweight":null,"maxwidth":null},"geometry":{"type":"LineString","coordinates":[[113.3280047,23.1224706],[113.3279053,23.1224773],[113.3256914,23.1226276]]}},{"type":"Feature","id":547061391,"properties":{"id":"547061391","highway":"service","name":null,"oneway":false,"lanes":null,"maxheight":null,"maxweight":null,"maxwidth":null},"geometry":{"type":"LineString","coordinates":[[113.3132466,23.1293656],[113.3132959,23.1293613],[113.3145928,23.1292476]]}},{"type":"Feature","id":547061392,"properties":{"id":"547061392","highway":"service","name":null,"oneway":false,"lanes":null,"maxheight":null,"maxweight":null,"maxwidth":null},"geometry":{"type":"LineString","coordinates":[[113.3145928,23.1292476],[113.314641,23.1292599],[113.314665,23.1292968],[113.314673,23.1293386],[113.3146779,23.1294161]]}},{"type":"Feature","id":547065954,"properties":{"id":"547065954","highway":"tertiary_link","name":null,"oneway":true,"lanes":null,"maxheight":null,"maxweight":null,"maxwidth":null},"geometry":{"type":"LineString","coordinates":[[113.3253163,23.1216661],[113.3252281,23.1215222],[113.3251875,23.1214561],[113.3250466,23.121398]]}},{"type":"Feature","id":547065956,"properties":{"id":"547065956","highway":"tertiary_link","name":null,"oneway":true,"lanes":null,"maxheight":null,"maxweight":null,"maxwidth":null},"geometry":{"type":"LineString","coordinates":[[113.3255912,23.1213516],[113.3254797,23.1214065],[113.3254175,23.1214694],[113.3253957,23.1215118],[113.3253163,23.1216661]]}},{"type":"Feature","id":550008864,"properties":{"id":"550008864","highway":"primary","name":"花城大道","oneway":true,"lanes":"3","maxheight":null,"maxweight":null,"maxwidth":null},"geometry":{"type":"LineString","coordinates":[[113.3224454,23.1215668],[113.3220257,23.1215837]]}},{"type":"Feature","id":550008867,"properties":{"id":"550008867","highway":"secondary","name":"珠江东路","oneway":true,"lanes":null,"maxheight":null,"maxweight":null,"maxwidth":null},"geometry":{"type":"LineString","coordinates":[[113.3205658,23.1218848],[113.3206461,23.1222016],[113.3206649,23.1222823],[113.3206889,23.1223818],[113.3207652,23.1227675],[113.3207842,23.1228769],[113.320794,23.1229332],[113.3208051,23.1230245],[113.3208124,23.1231252],[113.3208214,23.1232948],[113.3208277,23.1234039],[113.3208314,23.1234684],[113.3208366,23.1235801],[113.3208356,23.1237395],[113.3208349,23.1237629],[113.3208248,23.1241188],[113.3208203,23.124193],[113.320819,23.1244714],[113.3208162,23.1247859],[113.3208073,23.1248316],[113.3207666,23.1250416],[113.3207592,23.1250797],[113.3207014,23.1254055],[113.3206674,23.1255647],[113.3206335,23.1256971],[113.3205837,23.1258564],[113.3205207,23.1260457],[113.3204528,23.1262349],[113.3203908,23.1263874]]}},{"type":"Feature","id":550008869,"properties":{"id":"550008869","highway":"primary","name":"花城大道","oneway":true,"lanes":"3","maxheight":null,"maxweight":null,"maxwidth":null},"geometry":{"type":"LineString","coordinates":[[113.3351781,23.1201763],[113.335281,23.1201646],[113.3355551,23.1201386]]}},{"type":"Feature","id":550008871,"properties":{"id":"550008871","highway":"tertiary","name":"海风路","oneway":true,"lanes":null,"maxheight":null,"maxweight":null,"maxwidth":null},"geometry":{"type":"LineString","coordinates":[[113.3353458,23.1185282],[113.3353526,23.1183924],[113.335374,23.1179663],[113.335384,23.1177414],[113.3353916,23.1174897],[113.3353929,23.1174477],[113.335396,23.1173197],[113.3354038,23.1169927],[113.3354131,23.1166459],[113.3354221,23.1163809],[113.3354261,23.1162934],[113.3354335,23.1161284],[113.3354349,23.1160985],[113.3354687,23.1153716],[113.3354751,23.1150751],[113.3354673,23.114988],[113.3354463,23.1149363],[113.3354009,23.1148793],[113.3353725,23.1148614],[113.3353477,23.1148425],[113.3352669,23.1148046]]}},{"type":"Feature","id":550008872,"properties":{"id":"550008872","highway":"residential","name":"海明路","oneway":true,"lanes":null,"maxheight":null,"maxweight":null,"maxwidth":null},"geometry":{"type":"LineString","coordinates":[[113.3353458,23.1185282],[113.3354218,23.1185285]]}},{"type":"Feature","id":553677895,"properties":{"id":"553677895","highway":"service","name":null,"oneway":false,"lanes":null,"maxheight":null,"maxweight":null,"maxwidth":null},"geometry":{"type":"LineString","coordinates":[[113.3349903,23.1291325],[113.3350039,23.1292482],[113.3351548,23.1305356]]}},{"type":"Feature","id":560851711,"properties":{"id":"560851711","highway":"service","name":null,"oneway":true,"lanes":null,"maxheight":null,"maxweight":null,"maxwidth":null},"geometry":{"type":"LineString","coordinates":[[113.3149589,23.1284038],[113.314964,23.1284552],[113.3149911,23.1287267],[113.3150342,23.1291593],[113.3157723,23.1290926],[113.3158371,23.1290867]]}},{"type":"Feature","id":561733160,"properties":{"id":"561733160","highway":"primary_link","name":null,"oneway":true,"lanes":null,"maxheight":null,"maxweight":null,"maxwidth":null},"geometry":{"type":"LineString","coordinates":[[113.3477179,23.1274165],[113.3480745,23.1271612],[113.3491434,23.1269606],[113.3504516,23.1267151],[113.3505696,23.126697],[113.3506643,23.1266898],[113.3507417,23.1266863],[113.3508906,23.1266965],[113.3510895,23.1267177]]}},{"type":"Feature","id":561733162,"properties":{"id":"561733162","highway":"residential","name":"员村山顶街","oneway":false,"lanes":null,"maxheight":null,"maxweight":null,"maxwidth":null},"geometry":{"type":"LineString","coordinates":[[113.3517932,23.1266525],[113.3516724,23.1262886],[113.3516007,23.1257125],[113.3515048,23.1252005],[113.3513219,23.1243674]]}},{"type":"Feature","id":572408452,"properties":{"id":"572408452","highway":"motorway","name":"华南快速","oneway":true,"lanes":"4","maxheight":null,"maxweight":null,"maxwidth":null},"geometry":{"type":"LineString","coordinates":[[113.3464477,23.1153565],[113.3464725,23.1161032],[113.3465276,23.1168033],[113.3465565,23.1172092],[113.346587,23.1176401],[113.3466435,23.1184115],[113.346663,23.118667]]}},{"type":"Feature","id":575538042,"properties":{"id":"575538042","highway":"unclassified","name":null,"oneway":false,"lanes":null,"maxheight":null,"maxweight":null,"maxwidth":null},"geometry":{"type":"LineString","coordinates":[[113.346331,23.1238733],[113.3434405,23.1238606]]}},{"type":"Feature","id":576335079,"properties":{"id":"576335079","highway":"service","name":null,"oneway":false,"lanes":null,"maxheight":null,"maxweight":null,"maxwidth":null},"geometry":{"type":"LineString","coordinates":[[113.3463724,23.1220443],[113.3463678,23.1221533],[113.3463559,23.1230525]]}},{"type":"Feature","id":576335086,"properties":{"id":"576335086","highway":"service","name":null,"oneway":false,"lanes":null,"maxheight":null,"maxweight":null,"maxwidth":null},"geometry":{"type":"LineString","coordinates":[[113.3465346,23.1221549],[113.3463678,23.1221533]]}},{"type":"Feature","id":576645467,"properties":{"id":"576645467","highway":"primary","name":"花城大道","oneway":true,"lanes":"3","maxheight":null,"maxweight":null,"maxwidth":null},"geometry":{"type":"LineString","coordinates":[[113.3416004,23.1197655],[113.342274,23.1197228]]}},{"type":"Feature","id":576645473,"properties":{"id":"576645473","highway":"primary","name":"花城大道","oneway":true,"lanes":"3","maxheight":null,"maxweight":null,"maxwidth":null},"geometry":{"type":"LineString","coordinates":[[113.3416365,23.1200054],[113.3414875,23.1200223],[113.3412286,23.1200503],[113.3410066,23.1200695],[113.3388166,23.1201966]]}},{"type":"Feature","id":576645478,"properties":{"id":"576645478","highway":"secondary","name":"马场路","oneway":true,"lanes":null,"maxheight":null,"maxweight":null,"maxwidth":null},"geometry":{"type":"LineString","coordinates":[[113.3381111,23.1267214],[113.3381086,23.1275872],[113.3381061,23.1283851],[113.338106,23.1284131],[113.3381059,23.1284411],[113.3381058,23.1285716]]}},{"type":"Feature","id":576645482,"properties":{"id":"576645482","highway":"trunk_link","name":null,"oneway":true,"lanes":null,"maxheight":null,"maxweight":null,"maxwidth":null},"geometry":{"type":"LineString","coordinates":[[113.328277,23.1281656],[113.3283505,23.1282418],[113.3284086,23.128301],[113.3284534,23.1283391],[113.3284788,23.1283607],[113.3285421,23.1284189],[113.3287895,23.128634],[113.3291847,23.1289467],[113.3292591,23.1290114],[113.3293406,23.129073],[113.3294113,23.129115],[113.3294804,23.1291397],[113.3295864,23.1291603],[113.3298565,23.1291702]]}},{"type":"Feature","id":576645486,"properties":{"id":"576645486","highway":"trunk_link","name":null,"oneway":true,"lanes":null,"maxheight":null,"maxweight":null,"maxwidth":null},"geometry":{"type":"LineString","coordinates":[[113.3281891,23.1275849],[113.3281789,23.1277991],[113.3281811,23.1278849],[113.3281919,23.1279627],[113.3282122,23.1280341],[113.3282437,23.1281061],[113.328277,23.1281656]]}},{"type":"Feature","id":576645490,"properties":{"id":"576645490","highway":"trunk_link","name":null,"oneway":true,"lanes":null,"maxheight":null,"maxweight":null,"maxwidth":null},"geometry":{"type":"LineString","coordinates":[[113.3277799,23.1284326],[113.3277932,23.1282839],[113.3278084,23.1280836],[113.3278157,23.1279775],[113.3278334,23.1276989],[113.3278337,23.1274625],[113.3278344,23.1268046],[113.3278567,23.1266501],[113.3278882,23.1264858],[113.3279279,23.126367],[113.3279577,23.1262489],[113.3279973,23.126035]]}},{"type":"Feature","id":576645493,"properties":{"id":"576645493","highway":"secondary","name":"华夏路","oneway":true,"lanes":null,"maxheight":null,"maxweight":null,"maxwidth":null},"geometry":{"type":"LineString","coordinates":[[113.3158235,23.1179881],[113.3158294,23.1185129],[113.3158307,23.1186257],[113.3158318,23.118693],[113.3158442,23.1194861]]}},{"type":"Feature","id":576645498,"properties":{"id":"576645498","highway":"trunk_link","name":null,"oneway":true,"lanes":null,"maxheight":null,"maxweight":null,"maxwidth":null},"geometry":{"type":"LineString","coordinates":[[113.3282047,23.1272056],[113.3281935,23.1274728],[113.3281891,23.1275849]]}},{"type":"Feature","id":576651576,"properties":{"id":"576651576","highway":"tertiary_link","name":null,"oneway":true,"lanes":null,"maxheight":null,"maxweight":null,"maxwidth":null},"geometry":{"type":"LineString","coordinates":[[113.3378998,23.1250128],[113.3380557,23.1250082]]}},{"type":"Feature","id":576651578,"properties":{"id":"576651578","highway":"secondary_link","name":null,"oneway":true,"lanes":null,"maxheight":null,"maxweight":null,"maxwidth":null},"geometry":{"type":"LineString","coordinates":[[113.3378927,23.1251449],[113.3378475,23.1249832],[113.3378213,23.1249294],[113.3377782,23.1248742],[113.3377381,23.1248345],[113.3376996,23.1248033],[113.3376426,23.1247693],[113.3375702,23.1247438],[113.3374778,23.1247211],[113.3373866,23.1247021]]}},{"type":"Feature","id":576651580,"properties":{"id":"576651580","highway":"secondary_link","name":null,"oneway":true,"lanes":null,"maxheight":null,"maxweight":null,"maxwidth":null},"geometry":{"type":"LineString","coordinates":[[113.3374174,23.1244201],[113.3376093,23.1243617],[113.3376944,23.1243243],[113.3377472,23.1242885],[113.3377951,23.1242442],[113.3378307,23.1241949],[113.3378563,23.124152],[113.337896,23.1240329]]}},{"type":"Feature","id":576651582,"properties":{"id":"576651582","highway":"tertiary_link","name":null,"oneway":true,"lanes":null,"maxheight":null,"maxweight":null,"maxwidth":null},"geometry":{"type":"LineString","coordinates":[[113.338035,23.1241076],[113.3378956,23.1241079]]}},{"type":"Feature","id":576651584,"properties":{"id":"576651584","highway":"unclassified","name":null,"oneway":true,"lanes":null,"maxheight":null,"maxweight":null,"maxwidth":null},"geometry":{"type":"LineString","coordinates":[[113.337859,23.12098],[113.3380352,23.1209735]]}},{"type":"Feature","id":576651588,"properties":{"id":"576651588","highway":"primary_link","name":null,"oneway":true,"lanes":null,"maxheight":null,"maxweight":null,"maxwidth":null},"geometry":{"type":"LineString","coordinates":[[113.3388166,23.1201966],[113.3387785,23.1201496],[113.338748,23.1200804],[113.3387439,23.1200206],[113.3387541,23.1199738],[113.3387719,23.1199295]]}},{"type":"Feature","id":577367243,"properties":{"id":"577367243","highway":"service","name":null,"oneway":false,"lanes":null,"maxheight":null,"maxweight":null,"maxwidth":null},"geometry":{"type":"LineString","coordinates":[[113.3617931,23.1222374],[113.361945,23.1222849],[113.3621313,23.1222433],[113.3622012,23.1224052]]}},{"type":"Feature","id":583078340,"properties":{"id":"583078340","highway":"service","name":null,"oneway":false,"lanes":null,"maxheight":null,"maxweight":null,"maxwidth":null},"geometry":{"type":"LineString","coordinates":[[113.3179724,23.1337108],[113.3179719,23.1336645],[113.3179706,23.1335433],[113.3179687,23.1333572],[113.3176231,23.133374]]}},{"type":"Feature","id":583112054,"properties":{"id":"583112054","highway":"service","name":null,"oneway":false,"lanes":null,"maxheight":null,"maxweight":null,"maxwidth":null},"geometry":{"type":"LineString","coordinates":[[113.3209661,23.1312487],[113.3208973,23.1312951],[113.3201151,23.131402],[113.3198512,23.1314381],[113.3197134,23.1313376]]}},{"type":"Feature","id":583112055,"properties":{"id":"583112055","highway":"residential","name":"六运一街","oneway":true,"lanes":null,"maxheight":null,"maxweight":null,"maxwidth":null},"geometry":{"type":"LineString","coordinates":[[113.3179509,23.1329893],[113.3172093,23.1330154],[113.3171341,23.1330233],[113.3171122,23.1331485],[113.3167963,23.1331648]]}},{"type":"Feature","id":583112057,"properties":{"id":"583112057","highway":"residential","name":null,"oneway":false,"lanes":null,"maxheight":null,"maxweight":null,"maxwidth":null},"geometry":{"type":"LineString","coordinates":[[113.3187236,23.1336761],[113.3187263,23.1336322],[113.3187277,23.1336088],[113.3187146,23.1332879],[113.3187081,23.1331242]]}},{"type":"Feature","id":583112061,"properties":{"id":"583112061","highway":"residential","name":null,"oneway":false,"lanes":null,"maxheight":null,"maxweight":null,"maxwidth":null},"geometry":{"type":"LineString","coordinates":[[113.3179509,23.1329893],[113.3179684,23.132922],[113.3179596,23.1325801],[113.3179514,23.1322631],[113.3179514,23.1321665]]}},{"type":"Feature","id":583112063,"properties":{"id":"583112063","highway":"residential","name":null,"oneway":true,"lanes":null,"maxheight":null,"maxweight":null,"maxwidth":null},"geometry":{"type":"LineString","coordinates":[[113.3167963,23.1331648],[113.316765,23.1325734],[113.3167649,23.1324619],[113.3167647,23.1323453],[113.3179514,23.1322631]]}},{"type":"Feature","id":583112067,"properties":{"id":"583112067","highway":"residential","name":null,"oneway":false,"lanes":null,"maxheight":null,"maxweight":null,"maxwidth":null},"geometry":{"type":"LineString","coordinates":[[113.315264,23.1315508],[113.3152738,23.131698],[113.3152836,23.1318451],[113.3152916,23.1319659],[113.3153032,23.1321394],[113.3153423,23.1327279]]}},{"type":"Feature","id":583112674,"properties":{"id":"583112674","highway":"service","name":null,"oneway":false,"lanes":null,"maxheight":null,"maxweight":null,"maxwidth":null},"geometry":{"type":"LineString","coordinates":[[113.3215214,23.133523],[113.3215245,23.1335852],[113.3215273,23.1336414],[113.3215342,23.1337807],[113.3214671,23.1338573],[113.3213757,23.1338816],[113.3212476,23.1338816]]}},{"type":"Feature","id":583112675,"properties":{"id":"583112675","highway":"service","name":null,"oneway":false,"lanes":null,"maxheight":null,"maxweight":null,"maxwidth":null},"geometry":{"type":"LineString","coordinates":[[113.321769,23.1335084],[113.321774,23.1335727],[113.3217784,23.1336287],[113.3217903,23.1337807],[113.3218249,23.1338368],[113.3218798,23.1338517],[113.3220709,23.1338405]]}},{"type":"Feature","id":585705496,"properties":{"id":"585705496","highway":"service","name":null,"oneway":false,"lanes":null,"maxheight":null,"maxweight":null,"maxwidth":null},"geometry":{"type":"LineString","coordinates":[[113.3224401,23.1202699],[113.3221836,23.1202639],[113.3214213,23.1202464]]}},{"type":"Feature","id":585709962,"properties":{"id":"585709962","highway":"service","name":null,"oneway":false,"lanes":null,"maxheight":null,"maxweight":null,"maxwidth":null},"geometry":{"type":"LineString","coordinates":[[113.3417508,23.1377304],[113.3417479,23.1375009],[113.3417511,23.1374103],[113.341742,23.1372632],[113.3417452,23.1371723],[113.3417298,23.1369841],[113.3417129,23.1367199],[113.3417022,23.1364803],[113.3416856,23.1360317],[113.3416769,23.135525],[113.3416729,23.1347096],[113.3416716,23.1334981]]}},{"type":"Feature","id":585709964,"properties":{"id":"585709964","highway":"service","name":null,"oneway":false,"lanes":null,"maxheight":null,"maxweight":null,"maxwidth":null},"geometry":{"type":"LineString","coordinates":[[113.3426021,23.1376963],[113.3423453,23.1377066],[113.342166,23.1377138],[113.3417508,23.1377304],[113.3415666,23.137748],[113.3413377,23.1377699],[113.3410456,23.1377978],[113.3405889,23.1378415],[113.3404692,23.1378529],[113.3400117,23.1378967]]}},{"type":"Feature","id":585709966,"properties":{"id":"585709966","highway":"service","name":null,"oneway":false,"lanes":null,"maxheight":null,"maxweight":null,"maxwidth":null},"geometry":{"type":"LineString","coordinates":[[113.3399202,23.1361052],[113.3405369,23.1360938],[113.3410991,23.1360805],[113.3416856,23.1360317],[113.3423699,23.1359927],[113.3429856,23.135951]]}},{"type":"Feature","id":585712859,"properties":{"id":"585712859","highway":"service","name":null,"oneway":false,"lanes":null,"maxheight":null,"maxweight":null,"maxwidth":null},"geometry":{"type":"LineString","coordinates":[[113.3491527,23.1340121],[113.3491026,23.1340862],[113.3487021,23.1346781],[113.3483962,23.1350447],[113.3480664,23.1354402],[113.3476834,23.136159],[113.3474882,23.1365254]]}},{"type":"Feature","id":585942442,"properties":{"id":"585942442","highway":"service","name":null,"oneway":false,"lanes":null,"maxheight":null,"maxweight":null,"maxwidth":null},"geometry":{"type":"LineString","coordinates":[[113.3310607,23.1191743],[113.3310202,23.1203938],[113.3310171,23.12049],[113.3310133,23.1206032]]}},{"type":"Feature","id":586026850,"properties":{"id":"586026850","highway":"unclassified","name":null,"oneway":false,"lanes":null,"maxheight":null,"maxweight":null,"maxwidth":null},"geometry":{"type":"LineString","coordinates":[[113.3169054,23.1194909],[113.3169057,23.1194003],[113.3169081,23.1186254],[113.3169083,23.1185446]]}},{"type":"Feature","id":587667683,"properties":{"id":"587667683","highway":"tertiary","name":"兴盛路","oneway":true,"lanes":null,"maxheight":null,"maxweight":null,"maxwidth":null},"geometry":{"type":"LineString","coordinates":[[113.3225058,23.124],[113.3224487,23.1238985],[113.3224066,23.1238404],[113.3223694,23.1238046],[113.322304,23.1237623],[113.3222509,23.1237346],[113.3222119,23.1237297],[113.3221389,23.1237205],[113.3211865,23.1237953],[113.3210741,23.1238266],[113.3209896,23.1238704],[113.3209277,23.1239381],[113.320881,23.1240338],[113.3208203,23.124193]]}},{"type":"Feature","id":589010845,"properties":{"id":"589010845","highway":"service","name":null,"oneway":false,"lanes":null,"maxheight":null,"maxweight":null,"maxwidth":null},"geometry":{"type":"LineString","coordinates":[[113.3604553,23.1198138],[113.359921,23.1193994],[113.3597321,23.1191376],[113.3596706,23.1186686],[113.359657,23.1185594],[113.3596396,23.118539],[113.3585452,23.1183561]]}},{"type":"Feature","id":589010848,"properties":{"id":"589010848","highway":"service","name":"员村三横路东巷","oneway":false,"lanes":null,"maxheight":null,"maxweight":null,"maxwidth":null},"geometry":{"type":"LineString","coordinates":[[113.3613141,23.1207369],[113.3614787,23.1207294],[113.3621729,23.120953],[113.362814,23.1209205],[113.3631544,23.1210343],[113.3633401,23.1212539],[113.3640277,23.1212474],[113.3643347,23.1213375],[113.3656684,23.1214116]]}},{"type":"Feature","id":589390785,"properties":{"id":"589390785","highway":"secondary","name":"华夏路","oneway":true,"lanes":null,"maxheight":null,"maxweight":null,"maxwidth":null},"geometry":{"type":"LineString","coordinates":[[113.3157358,23.1226265],[113.3157428,23.1224923],[113.3157478,23.1223717],[113.3157456,23.1223139],[113.3157426,23.1222358],[113.3157401,23.1221698]]}},{"type":"Feature","id":589539096,"properties":{"id":"589539096","highway":"residential","name":null,"oneway":true,"lanes":null,"maxheight":null,"maxweight":null,"maxwidth":null},"geometry":{"type":"LineString","coordinates":[[113.3126084,23.1434828],[113.3127017,23.1423761]]}},{"type":"Feature","id":589812460,"properties":{"id":"589812460","highway":"service","name":null,"oneway":false,"lanes":null,"maxheight":null,"maxweight":null,"maxwidth":null},"geometry":{"type":"LineString","coordinates":[[113.3341337,23.1393478],[113.333903,23.1393346]]}},{"type":"Feature","id":589812466,"properties":{"id":"589812466","highway":"service","name":null,"oneway":false,"lanes":null,"maxheight":null,"maxweight":null,"maxwidth":null},"geometry":{"type":"LineString","coordinates":[[113.3349699,23.1378971],[113.3348811,23.1380741],[113.335042,23.1381321],[113.3351206,23.1379481]]}},{"type":"Feature","id":595786397,"properties":{"id":"595786397","highway":"unclassified","name":null,"oneway":false,"lanes":null,"maxheight":null,"maxweight":null,"maxwidth":null},"geometry":{"type":"LineString","coordinates":[[113.3209076,23.1279742],[113.3209268,23.1287841],[113.3209934,23.1288119],[113.3224317,23.1287115],[113.3225183,23.1287054]]}},{"type":"Feature","id":595898968,"properties":{"id":"595898968","highway":"service","name":null,"oneway":false,"lanes":null,"maxheight":null,"maxweight":null,"maxwidth":null},"geometry":{"type":"LineString","coordinates":[[113.3376548,23.141206],[113.3377856,23.1413339],[113.3383411,23.1409563]]}},{"type":"Feature","id":599988693,"properties":{"id":"599988693","highway":"residential","name":null,"oneway":false,"lanes":null,"maxheight":null,"maxweight":null,"maxwidth":null},"geometry":{"type":"LineString","coordinates":[[113.3326437,23.1385078],[113.3325379,23.1388536]]}},{"type":"Feature","id":599988694,"properties":{"id":"599988694","highway":"residential","name":null,"oneway":false,"lanes":null,"maxheight":null,"maxweight":null,"maxwidth":null},"geometry":{"type":"LineString","coordinates":[[113.3329336,23.1383672],[113.332944,23.1383442]]}},{"type":"Feature","id":599988695,"properties":{"id":"599988695","highway":"residential","name":null,"oneway":false,"lanes":null,"maxheight":null,"maxweight":null,"maxwidth":null},"geometry":{"type":"LineString","coordinates":[[113.3326908,23.138288],[113.3329336,23.1383672],[113.3331216,23.1384245]]}},{"type":"Feature","id":599988696,"properties":{"id":"599988696","highway":"residential","name":null,"oneway":false,"lanes":null,"maxheight":null,"maxweight":null,"maxwidth":null},"geometry":{"type":"LineString","coordinates":[[113.33281,23.1377604],[113.3326908,23.138288],[113.3326437,23.1385078]]}},{"type":"Feature","id":599988698,"properties":{"id":"599988698","highway":"service","name":null,"oneway":false,"lanes":"1","maxheight":null,"maxweight":null,"maxwidth":null},"geometry":{"type":"LineString","coordinates":[[113.3329813,23.1382572],[113.332944,23.1383442]]}},{"type":"Feature","id":603106010,"properties":{"id":"603106010","highway":"residential","name":null,"oneway":false,"lanes":null,"maxheight":null,"maxweight":null,"maxwidth":null},"geometry":{"type":"LineString","coordinates":[[113.3451027,23.1480078],[113.3460429,23.1479608],[113.3460861,23.1480543],[113.3460591,23.1482517]]}},{"type":"Feature","id":603106011,"properties":{"id":"603106011","highway":"residential","name":null,"oneway":false,"lanes":null,"maxheight":null,"maxweight":null,"maxwidth":null},"geometry":{"type":"LineString","coordinates":[[113.3435274,23.148708],[113.3440154,23.148435],[113.3440933,23.1481031],[113.3445427,23.1481486],[113.3445923,23.1477333]]}},{"type":"Feature","id":603112102,"properties":{"id":"603112102","highway":"residential","name":"明湖北路","oneway":false,"lanes":null,"maxheight":null,"maxweight":null,"maxwidth":null},"geometry":{"type":"LineString","coordinates":[[113.3458671,23.134548],[113.3452323,23.1346085],[113.3447816,23.1345405],[113.3441541,23.1346521],[113.3431514,23.1346826],[113.3429794,23.1346483],[113.3423326,23.1346633],[113.3416729,23.1347096],[113.3410065,23.1347083],[113.3401911,23.1346891]]}},{"type":"Feature","id":603112103,"properties":{"id":"603112103","highway":"service","name":null,"oneway":false,"lanes":null,"maxheight":null,"maxweight":null,"maxwidth":null},"geometry":{"type":"LineString","coordinates":[[113.340442,23.1296694],[113.3414683,23.1296675]]}},{"type":"Feature","id":603112104,"properties":{"id":"603112104","highway":"residential","name":null,"oneway":false,"lanes":null,"maxheight":null,"maxweight":null,"maxwidth":null},"geometry":{"type":"LineString","coordinates":[[113.3398899,23.1346848],[113.3398987,23.1343582],[113.3399063,23.1340775]]}},{"type":"Feature","id":603112105,"properties":{"id":"603112105","highway":"unclassified","name":"新陶北街","oneway":true,"lanes":"2","maxheight":null,"maxweight":null,"maxwidth":null},"geometry":{"type":"LineString","coordinates":[[113.339205,23.1324983],[113.3383594,23.1324986],[113.3377527,23.1324989]]}},{"type":"Feature","id":603112106,"properties":{"id":"603112106","highway":"service","name":null,"oneway":false,"lanes":null,"maxheight":null,"maxweight":null,"maxwidth":null},"geometry":{"type":"LineString","coordinates":[[113.339205,23.1324983],[113.3391964,23.1332488],[113.3391869,23.1340773],[113.339826,23.1340775],[113.3399063,23.1340775],[113.3401658,23.1340781]]}},{"type":"Feature","id":603112107,"properties":{"id":"603112107","highway":"service","name":null,"oneway":false,"lanes":null,"maxheight":null,"maxweight":null,"maxwidth":null},"geometry":{"type":"LineString","coordinates":[[113.3391869,23.1340773],[113.3391787,23.1343046],[113.3398987,23.1343582]]}},{"type":"Feature","id":603112108,"properties":{"id":"603112108","highway":"residential","name":null,"oneway":false,"lanes":null,"maxheight":null,"maxweight":null,"maxwidth":null},"geometry":{"type":"LineString","coordinates":[[113.3433779,23.1286299],[113.3435295,23.1286174],[113.3436513,23.1285818],[113.3437971,23.1285232],[113.3439184,23.1285005],[113.3442532,23.1284403],[113.34492,23.1283406],[113.3451519,23.1283043],[113.3454726,23.128252]]}},{"type":"Feature","id":603112110,"properties":{"id":"603112110","highway":"service","name":null,"oneway":false,"lanes":null,"maxheight":null,"maxweight":null,"maxwidth":null},"geometry":{"type":"LineString","coordinates":[[113.339426,23.1383204],[113.3400329,23.1383122],[113.3406048,23.1382533],[113.3410643,23.138206],[113.3415979,23.138179],[113.34217,23.13815],[113.3426024,23.1381281]]}},{"type":"Feature","id":603112111,"properties":{"id":"603112111","highway":"residential","name":null,"oneway":false,"lanes":null,"maxheight":null,"maxweight":null,"maxwidth":null},"geometry":{"type":"LineString","coordinates":[[113.3426024,23.1381281],[113.3426023,23.137942],[113.3426021,23.1376963]]}},{"type":"Feature","id":603112112,"properties":{"id":"603112112","highway":"service","name":null,"oneway":false,"lanes":null,"maxheight":null,"maxweight":null,"maxwidth":null},"geometry":{"type":"LineString","coordinates":[[113.3410643,23.138206],[113.3410563,23.1380311],[113.3410456,23.1377978],[113.3410313,23.1374862],[113.3410206,23.1372536],[113.3410038,23.1369909]]}},{"type":"Feature","id":603112113,"properties":{"id":"603112113","highway":"residential","name":null,"oneway":false,"lanes":null,"maxheight":null,"maxweight":null,"maxwidth":null},"geometry":{"type":"LineString","coordinates":[[113.3423453,23.1377066],[113.3423615,23.1374003],[113.3423735,23.1371728],[113.3423699,23.1359927],[113.342351,23.1355299],[113.3423326,23.1346633],[113.3423095,23.1335125]]}},{"type":"Feature","id":603112114,"properties":{"id":"603112114","highway":"residential","name":"暨大明湖南路","oneway":false,"lanes":null,"maxheight":null,"maxweight":null,"maxwidth":null},"geometry":{"type":"LineString","coordinates":[[113.3402364,23.1334721],[113.3410246,23.13349],[113.3416716,23.1334981],[113.3419078,23.1334984],[113.3423095,23.1335125],[113.3429842,23.1335233],[113.3440837,23.1335687]]}},{"type":"Feature","id":603112115,"properties":{"id":"603112115","highway":"residential","name":null,"oneway":false,"lanes":null,"maxheight":null,"maxweight":null,"maxwidth":null},"geometry":{"type":"LineString","coordinates":[[113.3402239,23.1340057],[113.3410226,23.1340143]]}},{"type":"Feature","id":603112116,"properties":{"id":"603112116","highway":"residential","name":null,"oneway":false,"lanes":null,"maxheight":null,"maxweight":null,"maxwidth":null},"geometry":{"type":"LineString","coordinates":[[113.3402292,23.1337291],[113.341024,23.133733]]}},{"type":"Feature","id":603112117,"properties":{"id":"603112117","highway":"residential","name":null,"oneway":false,"lanes":null,"maxheight":null,"maxweight":null,"maxwidth":null},"geometry":{"type":"LineString","coordinates":[[113.3410367,23.1327906],[113.3410371,23.1322375],[113.3414817,23.1322406]]}},{"type":"Feature","id":603112118,"properties":{"id":"603112118","highway":"residential","name":null,"oneway":false,"lanes":null,"maxheight":null,"maxweight":null,"maxwidth":null},"geometry":{"type":"LineString","coordinates":[[113.3410367,23.1327906],[113.3402572,23.1327887]]}},{"type":"Feature","id":603112119,"properties":{"id":"603112119","highway":"residential","name":null,"oneway":false,"lanes":null,"maxheight":null,"maxweight":null,"maxwidth":null},"geometry":{"type":"LineString","coordinates":[[113.3402576,23.1329708],[113.3410388,23.1329766]]}},{"type":"Feature","id":603112120,"properties":{"id":"603112120","highway":"residential","name":null,"oneway":false,"lanes":null,"maxheight":null,"maxweight":null,"maxwidth":null},"geometry":{"type":"LineString","coordinates":[[113.3402467,23.1332158],[113.3410325,23.1332197]]}},{"type":"Feature","id":603112121,"properties":{"id":"603112121","highway":"service","name":null,"oneway":false,"lanes":null,"maxheight":null,"maxweight":null,"maxwidth":null},"geometry":{"type":"LineString","coordinates":[[113.3416769,23.135525],[113.342351,23.1355299],[113.3429888,23.1355257],[113.3441765,23.1354769],[113.3451321,23.135424],[113.3452323,23.1346085]]}},{"type":"Feature","id":603112122,"properties":{"id":"603112122","highway":"residential","name":null,"oneway":false,"lanes":null,"maxheight":null,"maxweight":null,"maxwidth":null},"geometry":{"type":"LineString","coordinates":[[113.3441591,23.1297238],[113.3443949,23.1297428],[113.3444299,23.1301989],[113.3456391,23.130295],[113.3461292,23.1302785]]}},{"type":"Feature","id":603112123,"properties":{"id":"603112123","highway":"residential","name":null,"oneway":false,"lanes":null,"maxheight":null,"maxweight":null,"maxwidth":null},"geometry":{"type":"LineString","coordinates":[[113.3441149,23.1324042],[113.3446939,23.1324612],[113.3453147,23.132504],[113.3460866,23.1325857]]}},{"type":"Feature","id":603112124,"properties":{"id":"603112124","highway":"service","name":null,"oneway":false,"lanes":null,"maxheight":null,"maxweight":null,"maxwidth":null},"geometry":{"type":"LineString","coordinates":[[113.3449916,23.1339609],[113.3450685,23.1335576],[113.3451542,23.1333354],[113.3451634,23.1331166],[113.3451979,23.1328794],[113.3452259,23.1326852],[113.3453147,23.132504],[113.3455135,23.1318437],[113.345625,23.1306574],[113.3456391,23.130295],[113.345694,23.1298388],[113.3457358,23.1287088],[113.3456604,23.1285483],[113.3455645,23.1285072],[113.3453231,23.1285145],[113.3452197,23.128495],[113.3450633,23.1285583],[113.3446452,23.1285818]]}},{"type":"Feature","id":603112125,"properties":{"id":"603112125","highway":"service","name":null,"oneway":false,"lanes":null,"maxheight":null,"maxweight":null,"maxwidth":null},"geometry":{"type":"LineString","coordinates":[[113.3452197,23.128495],[113.3451973,23.128432],[113.3451519,23.1283043]]}},{"type":"Feature","id":603112126,"properties":{"id":"603112126","highway":"residential","name":null,"oneway":false,"lanes":null,"maxheight":null,"maxweight":null,"maxwidth":null},"geometry":{"type":"LineString","coordinates":[[113.3440961,23.1338673],[113.3446772,23.1339242],[113.3449916,23.1339609],[113.3459111,23.1341542]]}},{"type":"Feature","id":603112127,"properties":{"id":"603112127","highway":"service","name":null,"oneway":false,"lanes":null,"maxheight":null,"maxweight":null,"maxwidth":null},"geometry":{"type":"LineString","coordinates":[[113.3446772,23.1339242],[113.3446776,23.1338866],[113.3446815,23.1335459],[113.3446839,23.1333364],[113.3446863,23.1331233],[113.3446891,23.1328784],[113.3446913,23.1326879],[113.3446939,23.1324612],[113.3447467,23.1320017],[113.3450089,23.1320223]]}},{"type":"Feature","id":603112128,"properties":{"id":"603112128","highway":"service","name":null,"oneway":false,"lanes":null,"maxheight":null,"maxweight":null,"maxwidth":null},"geometry":{"type":"LineString","coordinates":[[113.3441487,23.1326767],[113.3446913,23.1326879],[113.3452259,23.1326852]]}},{"type":"Feature","id":603112129,"properties":{"id":"603112129","highway":"service","name":null,"oneway":false,"lanes":null,"maxheight":null,"maxweight":null,"maxwidth":null},"geometry":{"type":"LineString","coordinates":[[113.3441495,23.1328802],[113.3446891,23.1328784],[113.3451979,23.1328794]]}},{"type":"Feature","id":603112130,"properties":{"id":"603112130","highway":"service","name":null,"oneway":false,"lanes":null,"maxheight":null,"maxweight":null,"maxwidth":null},"geometry":{"type":"LineString","coordinates":[[113.3441504,23.1331083],[113.3446863,23.1331233],[113.3451634,23.1331166]]}},{"type":"Feature","id":603112131,"properties":{"id":"603112131","highway":"service","name":null,"oneway":false,"lanes":null,"maxheight":null,"maxweight":null,"maxwidth":null},"geometry":{"type":"LineString","coordinates":[[113.3441512,23.1333328],[113.3446839,23.1333364],[113.3451542,23.1333354]]}},{"type":"Feature","id":603112132,"properties":{"id":"603112132","highway":"service","name":null,"oneway":false,"lanes":null,"maxheight":null,"maxweight":null,"maxwidth":null},"geometry":{"type":"LineString","coordinates":[[113.3441521,23.1335486],[113.3446815,23.1335459],[113.3450685,23.1335576]]}},{"type":"Feature","id":603112133,"properties":{"id":"603112133","highway":"residential","name":null,"oneway":false,"lanes":null,"maxheight":null,"maxweight":null,"maxwidth":null},"geometry":{"type":"LineString","coordinates":[[113.3419078,23.1334984],[113.3419093,23.133108],[113.3422148,23.1331072],[113.3422173,23.1327921]]}},{"type":"Feature","id":603112134,"properties":{"id":"603112134","highway":"service","name":null,"oneway":false,"lanes":null,"maxheight":null,"maxweight":null,"maxwidth":null},"geometry":{"type":"LineString","coordinates":[[113.3417511,23.1374103],[113.3423615,23.1374003]]}},{"type":"Feature","id":603112135,"properties":{"id":"603112135","highway":"service","name":null,"oneway":false,"lanes":null,"maxheight":null,"maxweight":null,"maxwidth":null},"geometry":{"type":"LineString","coordinates":[[113.3417452,23.1371723],[113.3423735,23.1371728]]}},{"type":"Feature","id":603112136,"properties":{"id":"603112136","highway":"service","name":null,"oneway":false,"lanes":null,"maxheight":null,"maxweight":null,"maxwidth":null},"geometry":{"type":"LineString","coordinates":[[113.3417479,23.1375009],[113.3413523,23.1374876],[113.3410313,23.1374862],[113.3405498,23.1374827],[113.3399903,23.1374786]]}},{"type":"Feature","id":603112137,"properties":{"id":"603112137","highway":"service","name":null,"oneway":false,"lanes":null,"maxheight":null,"maxweight":null,"maxwidth":null},"geometry":{"type":"LineString","coordinates":[[113.3399789,23.1372541],[113.3405221,23.1372566],[113.3410206,23.1372536],[113.3413492,23.1372474],[113.341742,23.1372632]]}},{"type":"Feature","id":603112138,"properties":{"id":"603112138","highway":"service","name":null,"oneway":false,"lanes":null,"maxheight":null,"maxweight":null,"maxwidth":null},"geometry":{"type":"LineString","coordinates":[[113.3417298,23.1369841],[113.3413402,23.1369861],[113.3411407,23.1369825],[113.3410038,23.1369909],[113.3407237,23.1369943],[113.3405098,23.1370031],[113.3399651,23.1369853]]}},{"type":"Feature","id":603112139,"properties":{"id":"603112139","highway":"service","name":null,"oneway":false,"lanes":null,"maxheight":null,"maxweight":null,"maxwidth":null},"geometry":{"type":"LineString","coordinates":[[113.3413377,23.1377699],[113.3413523,23.1374876],[113.3413492,23.1372474],[113.3413402,23.1369861]]}},{"type":"Feature","id":603112140,"properties":{"id":"603112140","highway":"service","name":null,"oneway":false,"lanes":null,"maxheight":null,"maxweight":null,"maxwidth":null},"geometry":{"type":"LineString","coordinates":[[113.3406048,23.1382533],[113.3405968,23.1380465],[113.3405889,23.1378415],[113.3405659,23.1376278],[113.3405498,23.1374827],[113.3405221,23.1372566],[113.3405098,23.1370031]]}},{"type":"Feature","id":603112141,"properties":{"id":"603112141","highway":"service","name":null,"oneway":false,"lanes":null,"maxheight":null,"maxweight":null,"maxwidth":null},"geometry":{"type":"LineString","coordinates":[[113.340022,23.1380989],[113.3405968,23.1380465],[113.3410563,23.1380311]]}},{"type":"Feature","id":603112142,"properties":{"id":"603112142","highway":"service","name":null,"oneway":false,"lanes":null,"maxheight":null,"maxweight":null,"maxwidth":null},"geometry":{"type":"LineString","coordinates":[[113.341602,23.138413],[113.3415979,23.138179],[113.3415845,23.1379948],[113.3415666,23.137748]]}},{"type":"Feature","id":603112143,"properties":{"id":"603112143","highway":"service","name":null,"oneway":false,"lanes":null,"maxheight":null,"maxweight":null,"maxwidth":null},"geometry":{"type":"LineString","coordinates":[[113.3415845,23.1379948],[113.3421649,23.1379647],[113.3426023,23.137942]]}},{"type":"Feature","id":603112144,"properties":{"id":"603112144","highway":"service","name":null,"oneway":false,"lanes":null,"maxheight":null,"maxweight":null,"maxwidth":null},"geometry":{"type":"LineString","coordinates":[[113.3421878,23.1383563],[113.34217,23.13815],[113.3421649,23.1379647],[113.342166,23.1377138]]}},{"type":"Feature","id":603112145,"properties":{"id":"603112145","highway":"service","name":null,"oneway":false,"lanes":null,"maxheight":null,"maxweight":null,"maxwidth":null},"geometry":{"type":"LineString","coordinates":[[113.3411407,23.1369825],[113.3411261,23.1367121],[113.3411078,23.1364871],[113.3410991,23.1360805]]}},{"type":"Feature","id":603112146,"properties":{"id":"603112146","highway":"service","name":null,"oneway":false,"lanes":null,"maxheight":null,"maxweight":null,"maxwidth":null},"geometry":{"type":"LineString","coordinates":[[113.3407237,23.1369943],[113.3407143,23.1368037],[113.3407102,23.1367195]]}},{"type":"Feature","id":603112147,"properties":{"id":"603112147","highway":"service","name":null,"oneway":false,"lanes":null,"maxheight":null,"maxweight":null,"maxwidth":null},"geometry":{"type":"LineString","coordinates":[[113.3399474,23.1367243],[113.340619,23.1367209],[113.3407102,23.1367195],[113.3411261,23.1367121],[113.3417129,23.1367199]]}},{"type":"Feature","id":603112148,"properties":{"id":"603112148","highway":"service","name":null,"oneway":false,"lanes":null,"maxheight":null,"maxweight":null,"maxwidth":null},"geometry":{"type":"LineString","coordinates":[[113.3399368,23.1365047],[113.3405449,23.1364933],[113.3406211,23.1364915],[113.3411078,23.1364871],[113.3417022,23.1364803]]}},{"type":"Feature","id":603112149,"properties":{"id":"603112149","highway":"service","name":null,"oneway":false,"lanes":null,"maxheight":null,"maxweight":null,"maxwidth":null},"geometry":{"type":"LineString","coordinates":[[113.3429828,23.1361311],[113.3441908,23.1361504]]}},{"type":"Feature","id":603486754,"properties":{"id":"603486754","highway":"secondary","name":null,"oneway":true,"lanes":null,"maxheight":null,"maxweight":null,"maxwidth":null},"geometry":{"type":"LineString","coordinates":[[113.3191601,23.1164699],[113.3191662,23.1166355],[113.3192451,23.1187943],[113.3192485,23.1188885]]}},{"type":"Feature","id":603486755,"properties":{"id":"603486755","highway":"secondary_link","name":null,"oneway":true,"lanes":null,"maxheight":null,"maxweight":null,"maxwidth":null},"geometry":{"type":"LineString","coordinates":[[113.3187893,23.1195256],[113.3188998,23.1191264]]}},{"type":"Feature","id":603486756,"properties":{"id":"603486756","highway":"secondary","name":null,"oneway":false,"lanes":null,"maxheight":null,"maxweight":null,"maxwidth":null},"geometry":{"type":"LineString","coordinates":[[113.3193215,23.1189315],[113.3193744,23.1189946],[113.319401,23.1190705],[113.3193981,23.1191502],[113.3193699,23.1192182],[113.3193203,23.1192749],[113.319254,23.1193146],[113.3191776,23.1193335],[113.3190985,23.1193298],[113.3190246,23.1193037],[113.3189632,23.1192578],[113.3189202,23.1191967],[113.3188998,23.1191264],[113.3189059,23.1190469],[113.3189409,23.1189739],[113.3190006,23.1189162],[113.319078,23.1188804],[113.3191641,23.1188708],[113.3192485,23.1188885],[113.3193215,23.1189315]]}},{"type":"Feature","id":603486757,"properties":{"id":"603486757","highway":"secondary","name":null,"oneway":true,"lanes":null,"maxheight":null,"maxweight":null,"maxwidth":null},"geometry":{"type":"LineString","coordinates":[[113.319078,23.1188804],[113.319076,23.1187891],[113.3190282,23.1166358],[113.3190244,23.1164636]]}},{"type":"Feature","id":603486758,"properties":{"id":"603486758","highway":"secondary_link","name":null,"oneway":true,"lanes":null,"maxheight":null,"maxweight":null,"maxwidth":null},"geometry":{"type":"LineString","coordinates":[[113.3193981,23.1191502],[113.3196016,23.1195712]]}},{"type":"Feature","id":605092940,"properties":{"id":"605092940","highway":"unclassified","name":null,"oneway":false,"lanes":null,"maxheight":null,"maxweight":null,"maxwidth":null},"geometry":{"type":"LineString","coordinates":[[113.3107696,23.1481685],[113.3113268,23.147928],[113.3121074,23.1476925],[113.3124326,23.1475019],[113.3126887,23.1471617],[113.3127497,23.1469636],[113.3127538,23.1466421],[113.3126527,23.1464308]]}},{"type":"Feature","id":605092941,"properties":{"id":"605092941","highway":"unclassified","name":null,"oneway":false,"lanes":null,"maxheight":null,"maxweight":null,"maxwidth":null},"geometry":{"type":"LineString","coordinates":[[113.3127017,23.1423761],[113.311154,23.1422665]]}},{"type":"Feature","id":606399970,"properties":{"id":"606399970","highway":"tertiary","name":"翰景路","oneway":true,"lanes":null,"maxheight":null,"maxweight":null,"maxwidth":null},"geometry":{"type":"LineString","coordinates":[[113.3537902,23.1451326],[113.3537972,23.1450727],[113.3538059,23.145025],[113.353817,23.1449643],[113.3538439,23.1448677],[113.3538742,23.1447829],[113.3538919,23.1447526],[113.3539215,23.1447015],[113.3539653,23.1446272],[113.3540377,23.1445424],[113.3541042,23.1444812],[113.3541929,23.1444007],[113.3542735,23.144332],[113.3543611,23.1442751],[113.354472,23.1442128],[113.3545619,23.144172],[113.3546518,23.1441431],[113.3546887,23.1441322],[113.3547631,23.1441103]]}},{"type":"Feature","id":619497687,"properties":{"id":"619497687","highway":"tertiary","name":"龙口中路","oneway":false,"lanes":null,"maxheight":null,"maxweight":null,"maxwidth":null},"geometry":{"type":"LineString","coordinates":[[113.3345703,23.1423352],[113.3339266,23.142366],[113.3335297,23.142388],[113.3334708,23.1423913],[113.3333887,23.1423896],[113.3329471,23.1424233],[113.3318309,23.1424835]]}},{"type":"Feature","id":619497688,"properties":{"id":"619497688","highway":"secondary","name":"五山路","oneway":true,"lanes":"2","maxheight":null,"maxweight":null,"maxwidth":null},"geometry":{"type":"LineString","coordinates":[[113.3395199,23.1425192],[113.3388119,23.1416299]]}},{"type":"Feature","id":619497689,"properties":{"id":"619497689","highway":"secondary","name":"五山路","oneway":true,"lanes":null,"maxheight":null,"maxweight":null,"maxwidth":null},"geometry":{"type":"LineString","coordinates":[[113.3405453,23.1443417],[113.3405183,23.1440722]]}},{"type":"Feature","id":619497691,"properties":{"id":"619497691","highway":"secondary_link","name":"天河北路","oneway":true,"lanes":null,"maxheight":null,"maxweight":null,"maxwidth":null},"geometry":{"type":"LineString","coordinates":[[113.3405453,23.1443417],[113.3404996,23.1442629],[113.3404626,23.1442162],[113.340418,23.1441921],[113.3403536,23.1441853],[113.3402597,23.1441835]]}},{"type":"Feature","id":619676922,"properties":{"id":"619676922","highway":"tertiary","name":"龙口中路","oneway":true,"lanes":null,"maxheight":null,"maxweight":null,"maxwidth":null},"geometry":{"type":"LineString","coordinates":[[113.338128,23.1421075],[113.3388119,23.1416299]]}},{"type":"Feature","id":619676924,"properties":{"id":"619676924","highway":"tertiary","name":"龙口中路","oneway":true,"lanes":"2","maxheight":null,"maxweight":null,"maxwidth":null},"geometry":{"type":"LineString","coordinates":[[113.3388119,23.1416299],[113.3388646,23.1415864]]}},{"type":"Feature","id":619676926,"properties":{"id":"619676926","highway":"secondary","name":"五山路","oneway":true,"lanes":null,"maxheight":null,"maxweight":null,"maxwidth":null},"geometry":{"type":"LineString","coordinates":[[113.3388119,23.1416299],[113.3383411,23.1409563],[113.3383108,23.1409149],[113.3382102,23.1407834],[113.338135,23.1406799],[113.3380684,23.1405876],[113.3380083,23.1404971],[113.3379551,23.1404105],[113.3379135,23.1403309],[113.3378791,23.1402483],[113.3378348,23.1401363],[113.3377784,23.1399966],[113.3377233,23.1398663],[113.3376785,23.139762],[113.3376477,23.1396903],[113.3376035,23.1396058],[113.3375519,23.139519],[113.3374869,23.1394175],[113.3372719,23.1390862],[113.3371632,23.1389298],[113.3370675,23.138778]]}},{"type":"Feature","id":619676929,"properties":{"id":"619676929","highway":"secondary","name":"五山路","oneway":true,"lanes":"2","maxheight":null,"maxweight":null,"maxwidth":null},"geometry":{"type":"LineString","coordinates":[[113.3388646,23.1415864],[113.3395819,23.1424861]]}},{"type":"Feature","id":619724075,"properties":{"id":"619724075","highway":"secondary","name":"五山路","oneway":true,"lanes":null,"maxheight":null,"maxweight":null,"maxwidth":null},"geometry":{"type":"LineString","coordinates":[[113.3405183,23.1440722],[113.3405027,23.1439498],[113.3404435,23.1437827],[113.3403559,23.1435912],[113.3399251,23.1430133],[113.3397323,23.1427732],[113.3395199,23.1425192]]}},{"type":"Feature","id":624720024,"properties":{"id":"624720024","highway":"secondary","name":"华夏路","oneway":true,"lanes":null,"maxheight":null,"maxweight":null,"maxwidth":null},"geometry":{"type":"LineString","coordinates":[[113.3159165,23.1234679],[113.3159188,23.1237562],[113.3159418,23.1245806],[113.3159425,23.1246005],[113.3159498,23.1248306]]}},{"type":"Feature","id":624720025,"properties":{"id":"624720025","highway":"secondary","name":"华夏路","oneway":true,"lanes":null,"maxheight":null,"maxweight":null,"maxwidth":null},"geometry":{"type":"LineString","coordinates":[[113.3159498,23.1248306],[113.3159502,23.1252436],[113.3159466,23.1255799],[113.3159461,23.1256343],[113.3159449,23.1256686],[113.3159431,23.12575],[113.3159437,23.1258455],[113.3159462,23.1259214],[113.3159586,23.1259706],[113.3159915,23.1260242],[113.3160374,23.1260679]]}},{"type":"Feature","id":624720026,"properties":{"id":"624720026","highway":"tertiary","name":"华明路","oneway":false,"lanes":null,"maxheight":null,"maxweight":null,"maxwidth":null},"geometry":{"type":"LineString","coordinates":[[113.3159498,23.1248306],[113.3157739,23.1248425]]}},{"type":"Feature","id":624720027,"properties":{"id":"624720027","highway":"tertiary","name":"华穗路","oneway":true,"lanes":null,"maxheight":null,"maxweight":null,"maxwidth":null},"geometry":{"type":"LineString","coordinates":[[113.3131707,23.1250633],[113.3131716,23.125108],[113.3131744,23.1252457],[113.3131782,23.1254364],[113.3131915,23.1259818],[113.3131982,23.1262011],[113.3132047,23.1264156]]}},{"type":"Feature","id":624720029,"properties":{"id":"624720029","highway":"secondary","name":"华夏路","oneway":true,"lanes":null,"maxheight":null,"maxweight":null,"maxwidth":null},"geometry":{"type":"LineString","coordinates":[[113.3157175,23.121395],[113.3157016,23.1210389],[113.31568,23.1203451],[113.3156781,23.1202839],[113.3156766,23.1201606],[113.3156594,23.1187815],[113.3156584,23.1186973],[113.3156577,23.1186437]]}},{"type":"Feature","id":624728710,"properties":{"id":"624728710","highway":"secondary","name":"马场路","oneway":true,"lanes":null,"maxheight":null,"maxweight":null,"maxwidth":null},"geometry":{"type":"LineString","coordinates":[[113.3380397,23.1212822],[113.3380355,23.1216017],[113.3380319,23.1218698],[113.3380373,23.1223977],[113.338048,23.1227356],[113.3380641,23.1232438],[113.3380614,23.123557],[113.3380549,23.1239343],[113.3380522,23.1239917],[113.3380479,23.1240392],[113.338035,23.1241076],[113.3380302,23.1241564],[113.338026,23.1242558],[113.3380299,23.1243956],[113.3380402,23.1246614]]}},{"type":"Feature","id":624728711,"properties":{"id":"624728711","highway":"secondary","name":"马场路","oneway":true,"lanes":null,"maxheight":null,"maxweight":null,"maxwidth":null},"geometry":{"type":"LineString","coordinates":[[113.3381058,23.1285716],[113.3379821,23.1289516]]}},{"type":"Feature","id":624728712,"properties":{"id":"624728712","highway":"secondary","name":null,"oneway":true,"lanes":null,"maxheight":null,"maxweight":null,"maxwidth":null},"geometry":{"type":"LineString","coordinates":[[113.3395621,23.1284809],[113.3397081,23.1284707],[113.339925,23.128455],[113.3401061,23.1284425],[113.3403128,23.1284297],[113.3405175,23.1284192],[113.3406806,23.1284137],[113.3408279,23.1284078],[113.3410527,23.1283973],[113.3413635,23.1283722],[113.3415407,23.1283573],[113.3417318,23.1283399],[113.3418564,23.1283269],[113.3419797,23.1283054],[113.3421797,23.1282654],[113.3423238,23.1282411],[113.3424068,23.1282302],[113.3424963,23.1282203]]}},{"type":"Feature","id":624728714,"properties":{"id":"624728714","highway":"secondary","name":"冼村路","oneway":true,"lanes":null,"maxheight":null,"maxweight":null,"maxwidth":null},"geometry":{"type":"LineString","coordinates":[[113.3224454,23.1215668],[113.3224495,23.121302]]}},{"type":"Feature","id":624728718,"properties":{"id":"624728718","highway":"secondary","name":"金穗路","oneway":true,"lanes":null,"maxheight":null,"maxweight":null,"maxwidth":null},"geometry":{"type":"LineString","coordinates":[[113.3374174,23.1244201],[113.3375564,23.124415],[113.3378939,23.1244026]]}},{"type":"Feature","id":624728719,"properties":{"id":"624728719","highway":"secondary","name":"马场路","oneway":false,"lanes":null,"maxheight":null,"maxweight":null,"maxwidth":null},"geometry":{"type":"LineString","coordinates":[[113.337896,23.1240329],[113.3378956,23.1241079],[113.3378939,23.1244026],[113.3379066,23.1246692],[113.3379055,23.1248373],[113.3379008,23.1249952],[113.3378998,23.1250128],[113.3378927,23.1251449],[113.3378883,23.1252256],[113.3378936,23.1255169],[113.3378993,23.1256965],[113.3379133,23.1261353],[113.3379259,23.1264904],[113.3379337,23.12673]]}},{"type":"Feature","id":624728720,"properties":{"id":"624728720","highway":"secondary","name":"马场路","oneway":true,"lanes":null,"maxheight":null,"maxweight":null,"maxwidth":null},"geometry":{"type":"LineString","coordinates":[[113.337896,23.1240329],[113.3378969,23.1238798],[113.3378947,23.1235356],[113.3378942,23.1234604],[113.3378917,23.1232596],[113.3378611,23.1223839],[113.3378608,23.1220747],[113.3378593,23.1213007],[113.3378589,23.121096],[113.3378603,23.1210173],[113.337859,23.12098]]}},{"type":"Feature","id":624728721,"properties":{"id":"624728721","highway":"secondary","name":"马场路","oneway":true,"lanes":null,"maxheight":null,"maxweight":null,"maxwidth":null},"geometry":{"type":"LineString","coordinates":[[113.3380352,23.1209735],[113.3380397,23.1212822]]}},{"type":"Feature","id":630680768,"properties":{"id":"630680768","highway":"trunk","name":"广园快速路","oneway":true,"lanes":"4","maxheight":null,"maxweight":null,"maxwidth":null},"geometry":{"type":"LineString","coordinates":[[113.3602098,23.1455508],[113.3604593,23.1454751],[113.3607088,23.1453976],[113.3609569,23.1453106],[113.3612162,23.1452175],[113.3619025,23.1449715],[113.3626275,23.1446791]]}},{"type":"Feature","id":630680769,"properties":{"id":"630680769","highway":"trunk","name":"广园快速路","oneway":true,"lanes":"4","maxheight":null,"maxweight":null,"maxwidth":null},"geometry":{"type":"LineString","coordinates":[[113.3573419,23.1465553],[113.3567129,23.1467316],[113.3563157,23.146847]]}},{"type":"Feature","id":636359873,"properties":{"id":"636359873","highway":"secondary_link","name":null,"oneway":true,"lanes":null,"maxheight":null,"maxweight":null,"maxwidth":null},"geometry":{"type":"LineString","coordinates":[[113.3160212,23.1296808],[113.3159991,23.1297153],[113.3159749,23.1297289],[113.3159468,23.1297351],[113.3159105,23.1297339],[113.3158797,23.1297228],[113.3158493,23.1297002],[113.3158347,23.1296842]]}},{"type":"Feature","id":636359875,"properties":{"id":"636359875","highway":"secondary","name":"华夏路","oneway":true,"lanes":null,"maxheight":null,"maxweight":null,"maxwidth":null},"geometry":{"type":"LineString","coordinates":[[113.3160212,23.1296808],[113.3160264,23.1297515],[113.3160342,23.1297963],[113.3160583,23.1298579],[113.3161012,23.1299097],[113.3161508,23.1299538],[113.3161529,23.129956],[113.3162273,23.1300059],[113.3163062,23.1300431],[113.3164057,23.1300893]]}},{"type":"Feature","id":644949753,"properties":{"id":"644949753","highway":"tertiary","name":"东方二路","oneway":false,"lanes":"4","maxheight":null,"maxweight":null,"maxwidth":null},"geometry":{"type":"LineString","coordinates":[[113.355215,23.1333676],[113.3552225,23.1339621]]}},{"type":"Feature","id":644949754,"properties":{"id":"644949754","highway":"tertiary","name":"东方三路","oneway":false,"lanes":"4","maxheight":null,"maxweight":null,"maxwidth":null},"geometry":{"type":"LineString","coordinates":[[113.357284,23.1313924],[113.3571103,23.1313927],[113.3560639,23.1313944],[113.3554058,23.1313955],[113.355196,23.1313958]]}},{"type":"Feature","id":644949755,"properties":{"id":"644949755","highway":"secondary","name":"天府路","oneway":true,"lanes":null,"maxheight":null,"maxweight":null,"maxwidth":null},"geometry":{"type":"LineString","coordinates":[[113.357284,23.1313924],[113.3572828,23.1311656],[113.3572739,23.1310374],[113.3572599,23.1309349],[113.357248,23.130864],[113.3572328,23.1307994],[113.3570951,23.1303106],[113.3570629,23.1301866],[113.3570388,23.1300673],[113.3570222,23.1299601],[113.3570048,23.1298492],[113.3569838,23.1296899],[113.3569037,23.1289304],[113.3568899,23.1288004],[113.3568379,23.1282942],[113.3567618,23.1275544],[113.3566138,23.1261153],[113.3565993,23.1259807]]}},{"type":"Feature","id":646262288,"properties":{"id":"646262288","highway":"unclassified","name":null,"oneway":true,"lanes":null,"maxheight":null,"maxweight":null,"maxwidth":null},"geometry":{"type":"LineString","coordinates":[[113.3162344,23.1336446],[113.3162411,23.1337848]]}},{"type":"Feature","id":646262289,"properties":{"id":"646262289","highway":"unclassified","name":null,"oneway":true,"lanes":null,"maxheight":null,"maxweight":null,"maxwidth":null},"geometry":{"type":"LineString","coordinates":[[113.3162411,23.1337848],[113.3162621,23.1341296],[113.3162746,23.1343523],[113.3162923,23.1346701],[113.3162928,23.1347259],[113.3163005,23.1348614],[113.3163134,23.1349813],[113.3163174,23.1350185],[113.3163356,23.135194],[113.3163579,23.1354099],[113.3163651,23.1354764],[113.3163796,23.1356551],[113.3163954,23.1358525],[113.316404,23.1359571],[113.3164083,23.1359925],[113.3164163,23.1360237],[113.3164302,23.1360453],[113.3164504,23.1360713],[113.316478,23.1360981],[113.3165144,23.1361247],[113.3165786,23.136156]]}},{"type":"Feature","id":646262290,"properties":{"id":"646262290","highway":"tertiary","name":"天河南一路","oneway":true,"lanes":null,"maxheight":null,"maxweight":null,"maxwidth":null},"geometry":{"type":"LineString","coordinates":[[113.3162411,23.1337848],[113.3162823,23.1337824],[113.3163155,23.1337809],[113.3179724,23.1337108],[113.3180907,23.1337051],[113.3187236,23.1336761],[113.3190449,23.1336632],[113.3195713,23.1336401],[113.3202235,23.1336111],[113.3204168,23.1336025]]}},{"type":"Feature","id":646262291,"properties":{"id":"646262291","highway":"secondary","name":"体育西路","oneway":true,"lanes":null,"maxheight":null,"maxweight":null,"maxwidth":null},"geometry":{"type":"LineString","coordinates":[[113.3161595,23.1337891],[113.3161783,23.1340976],[113.3161917,23.1343382],[113.3162084,23.1347349],[113.3162157,23.1348655],[113.3162347,23.1352023],[113.3162353,23.1352128],[113.3162429,23.1353565],[113.3162472,23.1354914],[113.3162541,23.1356191],[113.3162656,23.1357266],[113.3162824,23.1358389]]}},{"type":"Feature","id":646262292,"properties":{"id":"646262292","highway":"secondary_link","name":null,"oneway":true,"lanes":null,"maxheight":null,"maxweight":null,"maxwidth":null},"geometry":{"type":"LineString","coordinates":[[113.3161704,23.1360717],[113.3161875,23.1358639]]}},{"type":"Feature","id":646262293,"properties":{"id":"646262293","highway":"secondary","name":"马场路","oneway":true,"lanes":null,"maxheight":null,"maxweight":null,"maxwidth":null},"geometry":{"type":"LineString","coordinates":[[113.3379721,23.1185258],[113.3379905,23.1190391],[113.3379943,23.1193315],[113.3380014,23.1196481]]}},{"type":"Feature","id":646262294,"properties":{"id":"646262294","highway":"secondary","name":"马场路","oneway":true,"lanes":null,"maxheight":null,"maxweight":null,"maxwidth":null},"geometry":{"type":"LineString","coordinates":[[113.3378027,23.1185305],[113.3377895,23.1179443],[113.3377874,23.117852],[113.3377803,23.1175452],[113.3377727,23.1172021]]}},{"type":"Feature","id":646262295,"properties":{"id":"646262295","highway":"residential","name":null,"oneway":false,"lanes":null,"maxheight":null,"maxweight":null,"maxwidth":null},"geometry":{"type":"LineString","coordinates":[[113.3379721,23.1185258],[113.3378027,23.1185305]]}},{"type":"Feature","id":652450104,"properties":{"id":"652450104","highway":"service","name":null,"oneway":false,"lanes":null,"maxheight":null,"maxweight":null,"maxwidth":null},"geometry":{"type":"LineString","coordinates":[[113.3577287,23.1465369],[113.3579301,23.1465736],[113.3584123,23.146483],[113.3586055,23.1464284],[113.3586939,23.1464513],[113.3587527,23.1465098],[113.3587525,23.1465992],[113.3587219,23.1466985],[113.3587418,23.146852],[113.3588343,23.1472664],[113.3588744,23.1473505],[113.3589456,23.1473917],[113.3609023,23.1470283],[113.3609216,23.1469074]]}},{"type":"Feature","id":652450106,"properties":{"id":"652450106","highway":"service","name":null,"oneway":true,"lanes":null,"maxheight":null,"maxweight":null,"maxwidth":null},"geometry":{"type":"LineString","coordinates":[[113.3585139,23.1467522],[113.3586567,23.1471972],[113.3581164,23.1473439],[113.3579736,23.1468988]]}},{"type":"Feature","id":652450107,"properties":{"id":"652450107","highway":"service","name":null,"oneway":false,"lanes":null,"maxheight":null,"maxweight":null,"maxwidth":null},"geometry":{"type":"LineString","coordinates":[[113.3577695,23.1466204],[113.357714,23.1467391],[113.3578033,23.1468263],[113.3580318,23.1475158],[113.3584368,23.1474467],[113.3584743,23.1481225],[113.3582646,23.1481241],[113.3578279,23.1481274],[113.3577957,23.1476021],[113.3580318,23.1475158]]}},{"type":"Feature","id":662685557,"properties":{"id":"662685557","highway":"residential","name":null,"oneway":false,"lanes":null,"maxheight":null,"maxweight":null,"maxwidth":null},"geometry":{"type":"LineString","coordinates":[[113.3394698,23.118339],[113.3395678,23.119628],[113.3395873,23.1198844]]}},{"type":"Feature","id":679038001,"properties":{"id":"679038001","highway":"service","name":null,"oneway":true,"lanes":null,"maxheight":null,"maxweight":null,"maxwidth":null},"geometry":{"type":"LineString","coordinates":[[113.3181424,23.1347578],[113.3182269,23.1347558],[113.3184142,23.1347515],[113.3184947,23.1347691]]}},{"type":"Feature","id":679038002,"properties":{"id":"679038002","highway":"service","name":null,"oneway":false,"lanes":null,"maxheight":null,"maxweight":null,"maxwidth":null},"geometry":{"type":"LineString","coordinates":[[113.3183716,23.1350934],[113.318377,23.1354317]]}},{"type":"Feature","id":679038003,"properties":{"id":"679038003","highway":"service","name":null,"oneway":true,"lanes":null,"maxheight":null,"maxweight":null,"maxwidth":null},"geometry":{"type":"LineString","coordinates":[[113.3184422,23.1350826],[113.3184053,23.1350916],[113.3183716,23.1350934],[113.3182441,23.135102],[113.3181579,23.1351078]]}},{"type":"Feature","id":679038004,"properties":{"id":"679038004","highway":"service","name":null,"oneway":true,"lanes":null,"maxheight":null,"maxweight":null,"maxwidth":null},"geometry":{"type":"LineString","coordinates":[[113.3184947,23.1347691],[113.3185513,23.1348898],[113.3185468,23.1349713],[113.3184422,23.1350826]]}},{"type":"Feature","id":679043230,"properties":{"id":"679043230","highway":"unclassified","name":"悦新街","oneway":false,"lanes":null,"maxheight":null,"maxweight":null,"maxwidth":null},"geometry":{"type":"LineString","coordinates":[[113.314734,23.1379222],[113.3153907,23.1379142],[113.3159876,23.1379201],[113.3161246,23.1379215]]}},{"type":"Feature","id":680345342,"properties":{"id":"680345342","highway":"service","name":null,"oneway":false,"lanes":null,"maxheight":null,"maxweight":null,"maxwidth":null},"geometry":{"type":"LineString","coordinates":[[113.3407132,23.1470558],[113.3406775,23.1470902],[113.3404411,23.1471794],[113.3389653,23.1474841],[113.3380682,23.1475953],[113.3374532,23.1477108]]}},{"type":"Feature","id":680352635,"properties":{"id":"680352635","highway":"trunk_link","name":null,"oneway":true,"lanes":null,"maxheight":null,"maxweight":null,"maxwidth":null},"geometry":{"type":"LineString","coordinates":[[113.3482158,23.1477576],[113.3479577,23.1477286],[113.3466064,23.1475767],[113.3461931,23.1475048]]}},{"type":"Feature","id":680352638,"properties":{"id":"680352638","highway":"unclassified","name":null,"oneway":false,"lanes":null,"maxheight":null,"maxweight":null,"maxwidth":null},"geometry":{"type":"LineString","coordinates":[[113.3514732,23.1480973],[113.351456,23.1479355],[113.3514559,23.1478603]]}},{"type":"Feature","id":680352652,"properties":{"id":"680352652","highway":"unclassified","name":null,"oneway":false,"lanes":null,"maxheight":null,"maxweight":null,"maxwidth":null},"geometry":{"type":"LineString","coordinates":[[113.3499949,23.145908],[113.3500602,23.1464976]]}},{"type":"Feature","id":681162217,"properties":{"id":"681162217","highway":"service","name":null,"oneway":false,"lanes":null,"maxheight":null,"maxweight":null,"maxwidth":null},"geometry":{"type":"LineString","coordinates":[[113.3494802,23.1332231],[113.3479747,23.1333973]]}},{"type":"Feature","id":681162219,"properties":{"id":"681162219","highway":"service","name":"翠湖街","oneway":false,"lanes":null,"maxheight":null,"maxweight":null,"maxwidth":null},"geometry":{"type":"LineString","coordinates":[[113.3468781,23.1279592],[113.3469121,23.1281948],[113.3468639,23.1290578],[113.3467706,23.1304561],[113.3468355,23.1306911],[113.3469876,23.1308721],[113.3471885,23.1310418],[113.3474055,23.1311202],[113.3476631,23.1311575],[113.3479207,23.1311146],[113.3481398,23.1310101],[113.3483102,23.1308572],[113.3484298,23.130693],[113.3485029,23.1304766],[113.3485176,23.1302246],[113.3485319,23.1300182]]}},{"type":"Feature","id":681163429,"properties":{"id":"681163429","highway":"service","name":"绿荷南横路","oneway":false,"lanes":null,"maxheight":null,"maxweight":null,"maxwidth":null},"geometry":{"type":"LineString","coordinates":[[113.3356307,23.1303865],[113.335624,23.1304767],[113.3355105,23.1304909],[113.335407,23.1305039],[113.3351548,23.1305356],[113.335134,23.1305386],[113.3348472,23.1305805],[113.3342662,23.1306653]]}},{"type":"Feature","id":681163430,"properties":{"id":"681163430","highway":"service","name":"绿荷西大街","oneway":false,"lanes":null,"maxheight":null,"maxweight":null,"maxwidth":null},"geometry":{"type":"LineString","coordinates":[[113.3340752,23.1291548],[113.3340972,23.1293288],[113.3342662,23.1306653],[113.3342508,23.1309133],[113.3342666,23.1310593],[113.3343814,23.131407],[113.3343309,23.1315203],[113.3340901,23.1318504]]}},{"type":"Feature","id":681164620,"properties":{"id":"681164620","highway":"residential","name":null,"oneway":false,"lanes":null,"maxheight":null,"maxweight":null,"maxwidth":null},"geometry":{"type":"LineString","coordinates":[[113.3145122,23.1304939],[113.3145298,23.130742],[113.3145892,23.1315805]]}},{"type":"Feature","id":684901405,"properties":{"id":"684901405","highway":"service","name":null,"oneway":false,"lanes":null,"maxheight":"2.2","maxweight":null,"maxwidth":null},"geometry":{"type":"LineString","coordinates":[[113.3174133,23.1184876],[113.3210873,23.1181932]]}},{"type":"Feature","id":684956754,"properties":{"id":"684956754","highway":"service","name":null,"oneway":false,"lanes":null,"maxheight":null,"maxweight":null,"maxwidth":null},"geometry":{"type":"LineString","coordinates":[[113.3529447,23.1183619],[113.3509718,23.1185771]]}},{"type":"Feature","id":684956756,"properties":{"id":"684956756","highway":"service","name":null,"oneway":false,"lanes":null,"maxheight":null,"maxweight":null,"maxwidth":null},"geometry":{"type":"LineString","coordinates":[[113.3511185,23.1193116],[113.3512586,23.119312],[113.3525145,23.1192731],[113.3531486,23.1188774],[113.3534545,23.1186304],[113.3535341,23.1186121]]}},{"type":"Feature","id":684962747,"properties":{"id":"684962747","highway":"residential","name":"真如东路","oneway":false,"lanes":null,"maxheight":null,"maxweight":null,"maxwidth":null},"geometry":{"type":"LineString","coordinates":[[113.3454726,23.128252],[113.3456039,23.1282856],[113.3457339,23.1283394],[113.3458891,23.1284457],[113.3459938,23.1285636],[113.3460877,23.128668],[113.34612,23.1287924],[113.3461295,23.1301368],[113.3461292,23.1302785],[113.3462142,23.1303643],[113.3461317,23.1321824],[113.3460866,23.1325857],[113.3459111,23.1341542],[113.3458671,23.134548],[113.3456233,23.1360385],[113.3455203,23.1367362],[113.3453005,23.1377223],[113.3452419,23.1378063],[113.3442457,23.137944]]}},{"type":"Feature","id":684962748,"properties":{"id":"684962748","highway":"residential","name":"真如路","oneway":false,"lanes":"2","maxheight":null,"maxweight":null,"maxwidth":null},"geometry":{"type":"LineString","coordinates":[[113.3442457,23.137944],[113.3442356,23.1381096],[113.3442374,23.1381718]]}},{"type":"Feature","id":684962749,"properties":{"id":"684962749","highway":"service","name":null,"oneway":false,"lanes":null,"maxheight":null,"maxweight":null,"maxwidth":null},"geometry":{"type":"LineString","coordinates":[[113.3442457,23.137944],[113.3437149,23.1380557],[113.343286,23.1380809],[113.3429371,23.1381057],[113.3426024,23.1381281],[113.3425867,23.1383177],[113.3421878,23.1383563],[113.341602,23.138413],[113.3410783,23.1384637],[113.3410643,23.138206]]}},{"type":"Feature","id":684962751,"properties":{"id":"684962751","highway":"service","name":null,"oneway":false,"lanes":null,"maxheight":null,"maxweight":null,"maxwidth":null},"geometry":{"type":"LineString","coordinates":[[113.3451973,23.128432],[113.3454813,23.1283976],[113.3455777,23.1284073],[113.3456659,23.1284376],[113.3457165,23.1284776],[113.3458576,23.1286247]]}},{"type":"Feature","id":685720990,"properties":{"id":"685720990","highway":"trunk_link","name":null,"oneway":true,"lanes":null,"maxheight":null,"maxweight":null,"maxwidth":null},"geometry":{"type":"LineString","coordinates":[[113.3435374,23.1475241],[113.342165,23.147752]]}},{"type":"Feature","id":685986979,"properties":{"id":"685986979","highway":"unclassified","name":"体育东路辅路","oneway":true,"lanes":null,"maxheight":null,"maxweight":null,"maxwidth":null},"geometry":{"type":"LineString","coordinates":[[113.3225937,23.131154],[113.3225836,23.1310314],[113.3225713,23.1309221],[113.3225561,23.1307991],[113.3225448,23.1307093],[113.322535,23.1305901],[113.3225287,23.1304844],[113.3225101,23.1301964]]}},{"type":"Feature","id":686143525,"properties":{"id":"686143525","highway":"trunk_link","name":"猎德大道","oneway":true,"lanes":null,"maxheight":null,"maxweight":null,"maxwidth":null},"geometry":{"type":"LineString","coordinates":[[113.3281608,23.1185616],[113.3281853,23.117895]]}},{"type":"Feature","id":686143526,"properties":{"id":"686143526","highway":"trunk","name":"花城大道隧道","oneway":true,"lanes":null,"maxheight":null,"maxweight":null,"maxwidth":null},"geometry":{"type":"LineString","coordinates":[[113.3284014,23.1181063],[113.328386,23.1187847]]}},{"type":"Feature","id":686143527,"properties":{"id":"686143527","highway":"trunk","name":"花城大道隧道","oneway":true,"lanes":null,"maxheight":null,"maxweight":null,"maxwidth":null},"geometry":{"type":"LineString","coordinates":[[113.3282524,23.1186498],[113.328284,23.1179691]]}},{"type":"Feature","id":686143528,"properties":{"id":"686143528","highway":"trunk","name":"花城大道隧道","oneway":true,"lanes":null,"maxheight":null,"maxweight":null,"maxwidth":null},"geometry":{"type":"LineString","coordinates":[[113.3284281,23.1176379],[113.3284014,23.1181063]]}},{"type":"Feature","id":688292104,"properties":{"id":"688292104","highway":"service","name":null,"oneway":true,"lanes":null,"maxheight":null,"maxweight":null,"maxwidth":null},"geometry":{"type":"LineString","coordinates":[[113.3166647,23.1232694],[113.3166671,23.1232494],[113.3166778,23.1232166],[113.3166934,23.1231949],[113.3167256,23.1231755],[113.3167673,23.1231586],[113.3168214,23.1231496],[113.3168885,23.1231431],[113.3169582,23.1231406],[113.3170177,23.1231396],[113.3170975,23.1231425],[113.3171468,23.1231487],[113.3171798,23.1231594],[113.3172064,23.1231823],[113.3172134,23.1232049]]}},{"type":"Feature","id":688292105,"properties":{"id":"688292105","highway":"service","name":null,"oneway":true,"lanes":null,"maxheight":null,"maxweight":null,"maxwidth":null},"geometry":{"type":"LineString","coordinates":[[113.3172227,23.1232351],[113.3172278,23.1232551],[113.3172383,23.1232872],[113.3172621,23.1233238],[113.3173085,23.1233612]]}},{"type":"Feature","id":691466405,"properties":{"id":"691466405","highway":"unclassified","name":null,"oneway":true,"lanes":null,"maxheight":null,"maxweight":null,"maxwidth":null},"geometry":{"type":"LineString","coordinates":[[113.3270279,23.1349391],[113.3270094,23.1342573],[113.3270086,23.1342287]]}},{"type":"Feature","id":693763679,"properties":{"id":"693763679","highway":"tertiary","name":"华成路","oneway":false,"lanes":null,"maxheight":null,"maxweight":null,"maxwidth":null},"geometry":{"type":"LineString","coordinates":[[113.3166502,23.1234154],[113.3173085,23.1233612]]}},{"type":"Feature","id":693764958,"properties":{"id":"693764958","highway":"secondary","name":"冼村路","oneway":true,"lanes":null,"maxheight":null,"maxweight":null,"maxwidth":null},"geometry":{"type":"LineString","coordinates":[[113.3225907,23.1197051],[113.3226154,23.1208381]]}},{"type":"Feature","id":693765746,"properties":{"id":"693765746","highway":"secondary","name":"珠江西路","oneway":true,"lanes":null,"maxheight":null,"maxweight":null,"maxwidth":null},"geometry":{"type":"LineString","coordinates":[[113.3175381,23.1236095],[113.3175721,23.1231165]]}},{"type":"Feature","id":696143929,"properties":{"id":"696143929","highway":"tertiary","name":null,"oneway":false,"lanes":null,"maxheight":null,"maxweight":null,"maxwidth":null},"geometry":{"type":"LineString","coordinates":[[113.3562214,23.128866],[113.3567513,23.1288151],[113.3568899,23.1288004],[113.3569573,23.1287944]]}},{"type":"Feature","id":697670358,"properties":{"id":"697670358","highway":"tertiary_link","name":null,"oneway":true,"lanes":null,"maxheight":null,"maxweight":null,"maxwidth":null},"geometry":{"type":"LineString","coordinates":[[113.3134389,23.1307102],[113.3132371,23.1308234],[113.3130514,23.1309194],[113.3128382,23.1310242],[113.3127492,23.1310669],[113.3124681,23.1312018],[113.312228,23.1313165],[113.3116419,23.1315928],[113.3111913,23.1318098],[113.3109473,23.1319258],[113.3108112,23.1319939],[113.310705,23.1320525],[113.3106422,23.1320932],[113.3106112,23.1321162],[113.3105546,23.1321713],[113.3105206,23.1322204]]}},{"type":"Feature","id":697672669,"properties":{"id":"697672669","highway":"tertiary_link","name":null,"oneway":true,"lanes":null,"maxheight":null,"maxweight":null,"maxwidth":null},"geometry":{"type":"LineString","coordinates":[[113.3103014,23.1317158],[113.3103312,23.1317219],[113.310368,23.1317218],[113.3104318,23.1317091],[113.3104919,23.1316913],[113.3105428,23.1316704],[113.3115263,23.1312035],[113.3116998,23.1311211],[113.3118927,23.1310219],[113.3123183,23.1308045],[113.3123838,23.130771],[113.3126355,23.130639],[113.3128662,23.1305193],[113.3131055,23.1303965],[113.3131401,23.1303787],[113.3132166,23.130343]]}},{"type":"Feature","id":698009162,"properties":{"id":"698009162","highway":"tertiary","name":"天河南一路","oneway":true,"lanes":null,"maxheight":null,"maxweight":null,"maxwidth":null},"geometry":{"type":"LineString","coordinates":[[113.3204168,23.1336025],[113.3205409,23.133572],[113.3205725,23.1335701],[113.3215214,23.133523],[113.321769,23.1335084],[113.3225902,23.1334735],[113.3227188,23.1334679],[113.3228249,23.1334652]]}},{"type":"Feature","id":698009163,"properties":{"id":"698009163","highway":"tertiary","name":null,"oneway":true,"lanes":null,"maxheight":null,"maxweight":null,"maxwidth":null},"geometry":{"type":"LineString","coordinates":[[113.322829,23.133531],[113.322722,23.1335344],[113.3225927,23.1335377],[113.3225726,23.1335382],[113.322083,23.1335582],[113.321774,23.1335727],[113.3215245,23.1335852],[113.320576,23.1336275],[113.3205582,23.1336283],[113.3204168,23.1336025]]}},{"type":"Feature","id":698569222,"properties":{"id":"698569222","highway":"trunk","name":"天河路","oneway":true,"lanes":null,"maxheight":null,"maxweight":null,"maxwidth":null},"geometry":{"type":"LineString","coordinates":[[113.3280693,23.1356986],[113.3284572,23.1357032],[113.3285348,23.1357041],[113.3286632,23.1357087]]}},{"type":"Feature","id":698569223,"properties":{"id":"698569223","highway":"trunk_link","name":"天河东路","oneway":true,"lanes":null,"maxheight":null,"maxweight":null,"maxwidth":null},"geometry":{"type":"LineString","coordinates":[[113.3286445,23.1353088],[113.3286124,23.1351323]]}},{"type":"Feature","id":698569228,"properties":{"id":"698569228","highway":"trunk_link","name":"天河东路","oneway":true,"lanes":null,"maxheight":null,"maxweight":null,"maxwidth":null},"geometry":{"type":"LineString","coordinates":[[113.328954,23.1359304],[113.3289447,23.1360899],[113.328913,23.1363914]]}},{"type":"Feature","id":698569229,"properties":{"id":"698569229","highway":"trunk","name":"天河路","oneway":true,"lanes":null,"maxheight":null,"maxweight":null,"maxwidth":null},"geometry":{"type":"LineString","coordinates":[[113.328954,23.1359304],[113.3286652,23.1359128]]}},{"type":"Feature","id":698569231,"properties":{"id":"698569231","highway":"trunk_link","name":null,"oneway":true,"lanes":null,"maxheight":null,"maxweight":null,"maxwidth":null},"geometry":{"type":"LineString","coordinates":[[113.3116883,23.1364155],[113.312042,23.1363918],[113.3121416,23.1363851],[113.3127164,23.1363573],[113.3134997,23.1363192],[113.3137441,23.13631]]}},{"type":"Feature","id":698693987,"properties":{"id":"698693987","highway":"tertiary","name":"天河南二路","oneway":true,"lanes":null,"maxheight":null,"maxweight":null,"maxwidth":null},"geometry":{"type":"LineString","coordinates":[[113.3229698,23.1343281],[113.3230381,23.1343285],[113.3231351,23.1343248],[113.3232228,23.1343215],[113.3237574,23.1343005],[113.3244817,23.1342721],[113.3248657,23.134257],[113.3252525,23.1342418],[113.3254083,23.1342365],[113.3254869,23.1342338],[113.3256788,23.1342272]]}},{"type":"Feature","id":698693988,"properties":{"id":"698693988","highway":"tertiary","name":"天河南二路","oneway":true,"lanes":null,"maxheight":null,"maxweight":null,"maxwidth":null},"geometry":{"type":"LineString","coordinates":[[113.3256788,23.1342272],[113.3257875,23.1342228],[113.3259881,23.134215],[113.3269069,23.1341793],[113.3270068,23.1341754],[113.3270972,23.1341708],[113.3272258,23.1341642],[113.327354,23.1341576],[113.3277447,23.1341376],[113.3279313,23.134128],[113.3282218,23.1341131],[113.3282978,23.1341009],[113.3283547,23.1340766],[113.3283893,23.1340467],[113.3284278,23.1340062],[113.3284519,23.1339485]]}},{"type":"Feature","id":698693989,"properties":{"id":"698693989","highway":"service","name":null,"oneway":true,"lanes":null,"maxheight":null,"maxweight":null,"maxwidth":null},"geometry":{"type":"LineString","coordinates":[[113.3256817,23.1342827],[113.3256788,23.1342272]]}},{"type":"Feature","id":698693990,"properties":{"id":"698693990","highway":"service","name":"创汇街","oneway":true,"lanes":null,"maxheight":null,"maxweight":null,"maxwidth":null},"geometry":{"type":"LineString","coordinates":[[113.3230372,23.1351381],[113.3231147,23.1351334],[113.3246319,23.1350654],[113.3254525,23.1350197],[113.3257954,23.134998],[113.3263648,23.1349699],[113.3264083,23.1349678],[113.3270279,23.1349391]]}},{"type":"Feature","id":698693991,"properties":{"id":"698693991","highway":"unclassified","name":null,"oneway":false,"lanes":null,"maxheight":null,"maxweight":null,"maxwidth":null},"geometry":{"type":"LineString","coordinates":[[113.3264083,23.1349678],[113.3264499,23.1356779],[113.3264492,23.1357188]]}},{"type":"Feature","id":698854093,"properties":{"id":"698854093","highway":"trunk_link","name":"猎德大道","oneway":true,"lanes":null,"maxheight":null,"maxweight":null,"maxwidth":null},"geometry":{"type":"LineString","coordinates":[[113.3285206,23.1189249],[113.328483,23.1192572]]}},{"type":"Feature","id":698854094,"properties":{"id":"698854094","highway":"trunk_link","name":"猎德大道","oneway":true,"lanes":null,"maxheight":null,"maxweight":null,"maxwidth":null},"geometry":{"type":"LineString","coordinates":[[113.3285371,23.1182157],[113.3285206,23.1189249]]}},{"type":"Feature","id":698854095,"properties":{"id":"698854095","highway":"trunk_link","name":null,"oneway":true,"lanes":null,"maxheight":null,"maxweight":null,"maxwidth":null},"geometry":{"type":"LineString","coordinates":[[113.3284468,23.1181655],[113.3284592,23.1188673]]}},{"type":"Feature","id":698854096,"properties":{"id":"698854096","highway":"trunk_link","name":null,"oneway":true,"lanes":null,"maxheight":null,"maxweight":null,"maxwidth":null},"geometry":{"type":"LineString","coordinates":[[113.3284592,23.1188673],[113.328483,23.1192572]]}},{"type":"Feature","id":699363075,"properties":{"id":"699363075","highway":"secondary","name":"体育东路","oneway":true,"lanes":null,"maxheight":null,"maxweight":null,"maxwidth":null},"geometry":{"type":"LineString","coordinates":[[113.3230515,23.1359167],[113.3230525,23.1359302]]}},{"type":"Feature","id":699363076,"properties":{"id":"699363076","highway":"unclassified","name":"体育东路辅路","oneway":true,"lanes":null,"maxheight":null,"maxweight":null,"maxwidth":null},"geometry":{"type":"LineString","coordinates":[[113.3230369,23.1361409],[113.3230821,23.1362026],[113.3230938,23.1362275],[113.3231043,23.1362567],[113.3231105,23.1362888],[113.3231147,23.1363279],[113.3231172,23.1364325],[113.3231181,23.1368699],[113.3231197,23.1376279]]}},{"type":"Feature","id":699363077,"properties":{"id":"699363077","highway":"secondary","name":"体育东路","oneway":true,"lanes":null,"maxheight":null,"maxweight":null,"maxwidth":null},"geometry":{"type":"LineString","coordinates":[[113.3230369,23.1361409],[113.3230253,23.1363319],[113.3230227,23.1364774],[113.3230211,23.1373523],[113.3230206,23.1376291]]}},{"type":"Feature","id":699517993,"properties":{"id":"699517993","highway":"residential","name":"华文街","oneway":false,"lanes":null,"maxheight":null,"maxweight":null,"maxwidth":null},"geometry":{"type":"LineString","coordinates":[[113.324073,23.1376235],[113.3255787,23.1376219],[113.3265448,23.1376347],[113.3267039,23.1376368],[113.3282393,23.1376328],[113.3283503,23.1376325]]}},{"type":"Feature","id":699517994,"properties":{"id":"699517994","highway":"residential","name":"华阳街","oneway":true,"lanes":null,"maxheight":null,"maxweight":null,"maxwidth":null},"geometry":{"type":"LineString","coordinates":[[113.324073,23.1376235],[113.3240443,23.1362654],[113.3240388,23.1361027]]}},{"type":"Feature","id":699944682,"properties":{"id":"699944682","highway":"secondary","name":"黄埔大道西","oneway":true,"lanes":null,"maxheight":null,"maxweight":null,"maxwidth":null},"geometry":{"type":"LineString","coordinates":[[113.3225511,23.1296708],[113.3226901,23.1296613]]}},{"type":"Feature","id":700516358,"properties":{"id":"700516358","highway":"secondary","name":null,"oneway":true,"lanes":null,"maxheight":null,"maxweight":null,"maxwidth":null},"geometry":{"type":"LineString","coordinates":[[113.3112781,23.1363727],[113.3113196,23.13637],[113.3120354,23.1363232],[113.3121411,23.1363156],[113.3123399,23.1363059],[113.3127654,23.1362799],[113.3132126,23.1362537],[113.3135012,23.1362407],[113.3137388,23.1362318]]}},{"type":"Feature","id":700778175,"properties":{"id":"700778175","highway":"secondary_link","name":null,"oneway":true,"lanes":null,"maxheight":"4.8","maxweight":null,"maxwidth":null},"geometry":{"type":"LineString","coordinates":[[113.336438,23.1380466],[113.3364514,23.1380889],[113.3364609,23.1381243],[113.3364642,23.1381562],[113.3364592,23.1381857],[113.3364485,23.1382131],[113.336429,23.1382445],[113.3364065,23.138274]]}},{"type":"Feature","id":701326797,"properties":{"id":"701326797","highway":"trunk_link","name":null,"oneway":true,"lanes":null,"maxheight":null,"maxweight":null,"maxwidth":null},"geometry":{"type":"LineString","coordinates":[[113.3412048,23.1479116],[113.3410402,23.1479401],[113.3405173,23.1480244],[113.3403368,23.1480515]]}},{"type":"Feature","id":702261073,"properties":{"id":"702261073","highway":"service","name":null,"oneway":false,"lanes":null,"maxheight":null,"maxweight":null,"maxwidth":null},"geometry":{"type":"LineString","coordinates":[[113.3301641,23.1353381],[113.3299883,23.1353285],[113.32951,23.1350269],[113.329485,23.134939],[113.3294212,23.1348719],[113.3293233,23.1341949]]}},{"type":"Feature","id":702261074,"properties":{"id":"702261074","highway":"residential","name":"德欣街","oneway":true,"lanes":null,"maxheight":null,"maxweight":null,"maxwidth":null},"geometry":{"type":"LineString","coordinates":[[113.3288125,23.1341725],[113.328889,23.1341672],[113.3293169,23.1341376],[113.3293912,23.1341286],[113.3295246,23.1341155],[113.329569,23.1340811],[113.329597,23.134036],[113.3295808,23.1339044],[113.3294449,23.1327991],[113.3297469,23.1327817],[113.3297264,23.133743],[113.3297168,23.1338807],[113.3297049,23.1340533],[113.3296663,23.1341284],[113.329603,23.1341654],[113.3293233,23.1341949],[113.3288971,23.1342317],[113.3288215,23.1342382]]}},{"type":"Feature","id":702261076,"properties":{"id":"702261076","highway":"service","name":null,"oneway":false,"lanes":null,"maxheight":null,"maxweight":null,"maxwidth":null},"geometry":{"type":"LineString","coordinates":[[113.3295808,23.1339044],[113.3297168,23.1338807]]}},{"type":"Feature","id":702261077,"properties":{"id":"702261077","highway":"service","name":null,"oneway":false,"lanes":null,"maxheight":null,"maxweight":null,"maxwidth":null},"geometry":{"type":"LineString","coordinates":[[113.3294449,23.1327991],[113.329412,23.1327576],[113.329396,23.1326109],[113.3287723,23.1326267]]}},{"type":"Feature","id":702262769,"properties":{"id":"702262769","highway":"service","name":null,"oneway":false,"lanes":null,"maxheight":null,"maxweight":null,"maxwidth":null},"geometry":{"type":"LineString","coordinates":[[113.3302588,23.1360151],[113.3303028,23.1358538],[113.3304128,23.1354564],[113.3307257,23.1354792]]}},{"type":"Feature","id":702262772,"properties":{"id":"702262772","highway":"residential","name":null,"oneway":false,"lanes":null,"maxheight":null,"maxweight":null,"maxwidth":null},"geometry":{"type":"LineString","coordinates":[[113.3313123,23.1346821],[113.3319217,23.1347456],[113.3325006,23.1347535]]}},{"type":"Feature","id":717926122,"properties":{"id":"717926122","highway":"primary_link","name":null,"oneway":true,"lanes":null,"maxheight":null,"maxweight":null,"maxwidth":null},"geometry":{"type":"LineString","coordinates":[[113.3136276,23.1223172],[113.3135277,23.1222789],[113.3134764,23.122214],[113.3134699,23.1221356],[113.3135146,23.1220739],[113.313592,23.1220324]]}},{"type":"Feature","id":717926157,"properties":{"id":"717926157","highway":"primary_link","name":null,"oneway":true,"lanes":null,"maxheight":null,"maxweight":null,"maxwidth":null},"geometry":{"type":"LineString","coordinates":[[113.3125152,23.1221053],[113.3125975,23.1221552],[113.3126443,23.122215],[113.3126496,23.1222945],[113.312615,23.1223589],[113.312526,23.1223931]]}},{"type":"Feature","id":717939811,"properties":{"id":"717939811","highway":"service","name":null,"oneway":false,"lanes":null,"maxheight":null,"maxweight":null,"maxwidth":null},"geometry":{"type":"LineString","coordinates":[[113.313343,23.1192187],[113.3133432,23.1193488],[113.3135954,23.1193484],[113.3135951,23.1192186],[113.3135944,23.1188123],[113.3133422,23.1188127],[113.313343,23.1192187]]}},{"type":"Feature","id":717939812,"properties":{"id":"717939812","highway":"service","name":null,"oneway":false,"lanes":null,"maxheight":null,"maxweight":null,"maxwidth":null},"geometry":{"type":"LineString","coordinates":[[113.313343,23.1192187],[113.3135951,23.1192186]]}},{"type":"Feature","id":717941982,"properties":{"id":"717941982","highway":"service","name":null,"oneway":true,"lanes":null,"maxheight":null,"maxweight":null,"maxwidth":null},"geometry":{"type":"LineString","coordinates":[[113.3181217,23.1212479],[113.318012,23.1211254],[113.3177717,23.1208477],[113.3179804,23.1206147],[113.3181896,23.1206022],[113.3183349,23.1205935]]}},{"type":"Feature","id":718992878,"properties":{"id":"718992878","highway":"service","name":null,"oneway":true,"lanes":null,"maxheight":null,"maxweight":null,"maxwidth":null},"geometry":{"type":"LineString","coordinates":[[113.3182089,23.1360709],[113.3182612,23.1360011],[113.3182896,23.1359722],[113.3183147,23.1359503],[113.3183431,23.1359308],[113.3183718,23.1359174],[113.3184109,23.1359069],[113.3184578,23.1358996],[113.3185058,23.1358948],[113.3185622,23.1358905],[113.3186612,23.1358866]]}},{"type":"Feature","id":718992879,"properties":{"id":"718992879","highway":"service","name":null,"oneway":true,"lanes":null,"maxheight":null,"maxweight":null,"maxwidth":null},"geometry":{"type":"LineString","coordinates":[[113.3182089,23.1360709],[113.3182321,23.1360173],[113.3182551,23.135978],[113.3182731,23.1359528],[113.3182987,23.135925],[113.3183321,23.1358946],[113.3183613,23.1358777],[113.3183993,23.1358659],[113.3184555,23.1358552],[113.3185026,23.1358498],[113.3185587,23.1358457],[113.3186575,23.1358404]]}},{"type":"Feature","id":718992880,"properties":{"id":"718992880","highway":"service","name":null,"oneway":true,"lanes":null,"maxheight":null,"maxweight":null,"maxwidth":null},"geometry":{"type":"LineString","coordinates":[[113.3182089,23.1360709],[113.3182779,23.1360369],[113.3183248,23.136017],[113.318369,23.1360027],[113.3184171,23.1359925],[113.3184615,23.1359865],[113.3185172,23.1359805],[113.3186632,23.1359729]]}},{"type":"Feature","id":719556535,"properties":{"id":"719556535","highway":"tertiary","name":"平川横街","oneway":false,"lanes":null,"maxheight":null,"maxweight":null,"maxwidth":null},"geometry":{"type":"LineString","coordinates":[[113.3381086,23.1275872],[113.3401016,23.1275657]]}},{"type":"Feature","id":727189211,"properties":{"id":"727189211","highway":"primary_link","name":null,"oneway":true,"lanes":null,"maxheight":null,"maxweight":null,"maxwidth":null},"geometry":{"type":"LineString","coordinates":[[113.3157572,23.1436317],[113.315748,23.1437663]]}},{"type":"Feature","id":727985661,"properties":{"id":"727985661","highway":"tertiary","name":"平云路","oneway":true,"lanes":null,"maxheight":null,"maxweight":null,"maxwidth":null},"geometry":{"type":"LineString","coordinates":[[113.3464702,23.1202994],[113.3464474,23.1200506],[113.3464117,23.1199815],[113.3463728,23.1199288],[113.3462576,23.1198408]]}},{"type":"Feature","id":727985662,"properties":{"id":"727985662","highway":"tertiary","name":"员村一横路","oneway":true,"lanes":null,"maxheight":null,"maxweight":null,"maxwidth":null},"geometry":{"type":"LineString","coordinates":[[113.3472322,23.120656],[113.3472669,23.1208749],[113.3472864,23.1215524],[113.3472865,23.1218728],[113.3472825,23.1220147],[113.3472661,23.1221933],[113.347243,23.1224179]]}},{"type":"Feature","id":731235499,"properties":{"id":"731235499","highway":"tertiary","name":"员村新街","oneway":false,"lanes":null,"maxheight":null,"maxweight":null,"maxwidth":null},"geometry":{"type":"LineString","coordinates":[[113.3576798,23.1213862],[113.3582022,23.1214988],[113.3583614,23.1215395],[113.3584986,23.1215824],[113.3586289,23.1216322],[113.3587347,23.1216827],[113.3588398,23.121736],[113.3589428,23.1217945],[113.3590877,23.1218814],[113.3596037,23.1221894],[113.3596872,23.1222367],[113.3597551,23.1222752],[113.3598838,23.12234],[113.3600108,23.1223964]]}},{"type":"Feature","id":731817124,"properties":{"id":"731817124","highway":"primary","name":"花城大道","oneway":true,"lanes":"3","maxheight":null,"maxweight":null,"maxwidth":null},"geometry":{"type":"LineString","coordinates":[[113.3280421,23.1211465],[113.3278727,23.1211621],[113.3275409,23.1211925]]}},{"type":"Feature","id":731817125,"properties":{"id":"731817125","highway":"trunk_link","name":"猎德大道","oneway":true,"lanes":null,"maxheight":null,"maxweight":null,"maxwidth":null},"geometry":{"type":"LineString","coordinates":[[113.3280421,23.1211465],[113.3280526,23.1208849],[113.3280586,23.1207232],[113.328071,23.1203853]]}},{"type":"Feature","id":734144749,"properties":{"id":"734144749","highway":"tertiary","name":"华穗路","oneway":true,"lanes":null,"maxheight":null,"maxweight":null,"maxwidth":null},"geometry":{"type":"LineString","coordinates":[[113.3130181,23.121109],[113.3130222,23.1213939],[113.3130395,23.1219269],[113.3130492,23.1220664]]}},{"type":"Feature","id":734144750,"properties":{"id":"734144750","highway":"tertiary","name":"华穗路","oneway":true,"lanes":null,"maxheight":null,"maxweight":null,"maxwidth":null},"geometry":{"type":"LineString","coordinates":[[113.3129333,23.1211128],[113.3129249,23.1204301],[113.3129245,23.1202897],[113.3129242,23.120175],[113.3129221,23.1194531],[113.3129219,23.1193861],[113.3129218,23.1193388]]}},{"type":"Feature","id":734144751,"properties":{"id":"734144751","highway":"unclassified","name":"华利北横街","oneway":false,"lanes":null,"maxheight":null,"maxweight":null,"maxwidth":null},"geometry":{"type":"LineString","coordinates":[[113.3129333,23.1211128],[113.3128849,23.1211136],[113.3110257,23.1211452],[113.3108694,23.1211479]]}},{"type":"Feature","id":734144752,"properties":{"id":"734144752","highway":"unclassified","name":null,"oneway":true,"lanes":null,"maxheight":null,"maxweight":null,"maxwidth":null},"geometry":{"type":"LineString","coordinates":[[113.31385,23.1202878],[113.3138513,23.1203645],[113.3138637,23.1210869]]}},{"type":"Feature","id":737483575,"properties":{"id":"737483575","highway":"motorway_link","name":null,"oneway":true,"lanes":null,"maxheight":null,"maxweight":null,"maxwidth":null},"geometry":{"type":"LineString","coordinates":[[113.3427884,23.1282158],[113.3428362,23.1281873],[113.3428695,23.1281695],[113.3429646,23.1281379],[113.3430803,23.128102],[113.3432398,23.1280594],[113.3434363,23.1280153],[113.3436555,23.1279729],[113.3438989,23.1279309],[113.34456,23.1278112]]}},{"type":"Feature","id":737631342,"properties":{"id":"737631342","highway":"secondary","name":"珠江西路","oneway":true,"lanes":null,"maxheight":null,"maxweight":null,"maxwidth":null},"geometry":{"type":"LineString","coordinates":[[113.3180779,23.1213709],[113.3181217,23.1212479],[113.3182332,23.1209348],[113.3183237,23.1206311],[113.3183349,23.1205935],[113.31847,23.1201404],[113.3185153,23.1199704],[113.3185244,23.1199363],[113.3185425,23.119866],[113.3185514,23.1198086],[113.3185479,23.119755],[113.3185399,23.1197056],[113.3185192,23.1196581],[113.318487,23.1196137],[113.3184441,23.1195718],[113.3184012,23.1195471],[113.3183422,23.1195348],[113.3182573,23.1195215],[113.318143,23.1195171],[113.3175735,23.1195051],[113.3169972,23.1194929],[113.3169054,23.1194909]]}},{"type":"Feature","id":737631346,"properties":{"id":"737631346","highway":"secondary","name":"马场路","oneway":true,"lanes":null,"maxheight":null,"maxweight":null,"maxwidth":null},"geometry":{"type":"LineString","coordinates":[[113.337859,23.12098],[113.3378532,23.1206744]]}},{"type":"Feature","id":737631347,"properties":{"id":"737631347","highway":"primary","name":"花城大道","oneway":true,"lanes":"3","maxheight":null,"maxweight":null,"maxwidth":null},"geometry":{"type":"LineString","coordinates":[[113.3375292,23.1202767],[113.3365602,23.1203529],[113.3364914,23.1203594],[113.3353259,23.1204689],[113.3351427,23.1204867],[113.3347777,23.1205222],[113.3335843,23.1206409],[113.332418,23.120764],[113.3312119,23.1208748],[113.330052,23.1209726],[113.3295823,23.1210122],[113.3294471,23.1210205]]}},{"type":"Feature","id":738714271,"properties":{"id":"738714271","highway":"trunk_link","name":null,"oneway":true,"lanes":null,"maxheight":null,"maxweight":null,"maxwidth":null},"geometry":{"type":"LineString","coordinates":[[113.3274264,23.1442712],[113.3273793,23.1445493]]}},{"type":"Feature","id":738714272,"properties":{"id":"738714272","highway":"secondary","name":"天河北路","oneway":true,"lanes":null,"maxheight":null,"maxweight":null,"maxwidth":null},"geometry":{"type":"LineString","coordinates":[[113.3274264,23.1442712],[113.327121,23.1442652]]}},{"type":"Feature","id":738714273,"properties":{"id":"738714273","highway":"trunk_link","name":null,"oneway":true,"lanes":null,"maxheight":null,"maxweight":null,"maxwidth":null},"geometry":{"type":"LineString","coordinates":[[113.3274486,23.1441441],[113.3274264,23.1442712]]}},{"type":"Feature","id":738715329,"properties":{"id":"738715329","highway":"trunk_link","name":null,"oneway":true,"lanes":null,"maxheight":null,"maxweight":null,"maxwidth":null},"geometry":{"type":"LineString","coordinates":[[113.3610846,23.146849],[113.3610756,23.1466671],[113.3610555,23.1465458],[113.3610153,23.1464156],[113.3609538,23.1462908],[113.360913,23.1462359],[113.3608785,23.1461906]]}},{"type":"Feature","id":738715330,"properties":{"id":"738715330","highway":"residential","name":"汇景路","oneway":true,"lanes":null,"maxheight":null,"maxweight":null,"maxwidth":null},"geometry":{"type":"LineString","coordinates":[[113.3611695,23.1468553],[113.3612207,23.1472777],[113.3612314,23.1474676],[113.3612314,23.1477291],[113.3612223,23.1483115],[113.3612326,23.1486051],[113.3612572,23.1491944],[113.3612731,23.1493868],[113.3612824,23.1494998],[113.3613135,23.1496827],[113.3613788,23.1499262],[113.3614192,23.1500769],[113.3615318,23.1504099],[113.3615644,23.1504911]]}},{"type":"Feature","id":739478021,"properties":{"id":"739478021","highway":"tertiary","name":"花城大道","oneway":true,"lanes":"3","maxheight":null,"maxweight":null,"maxwidth":null},"geometry":{"type":"LineString","coordinates":[[113.3436027,23.1196458],[113.3439907,23.1196312],[113.3444478,23.1196303],[113.3447863,23.1196363],[113.3451486,23.119645],[113.3455217,23.1196428]]}},{"type":"Feature","id":739478022,"properties":{"id":"739478022","highway":"motorway_link","name":null,"oneway":true,"lanes":null,"maxheight":null,"maxweight":null,"maxwidth":null},"geometry":{"type":"LineString","coordinates":[[113.3473046,23.1190597],[113.3473126,23.1195607],[113.3472634,23.1197266],[113.3471778,23.1198606]]}},{"type":"Feature","id":739478023,"properties":{"id":"739478023","highway":"primary","name":"花城大道","oneway":true,"lanes":null,"maxheight":null,"maxweight":null,"maxwidth":null},"geometry":{"type":"LineString","coordinates":[[113.3471778,23.1198606],[113.3469527,23.119864],[113.3466876,23.1198574],[113.3462576,23.1198408]]}},{"type":"Feature","id":739478027,"properties":{"id":"739478027","highway":"tertiary_link","name":null,"oneway":true,"lanes":null,"maxheight":null,"maxweight":null,"maxwidth":null},"geometry":{"type":"LineString","coordinates":[[113.3460649,23.1195475],[113.3463442,23.1197471],[113.3465532,23.1197925],[113.3466616,23.1198026],[113.3470567,23.1198212],[113.3471778,23.1198606]]}},{"type":"Feature","id":742778600,"properties":{"id":"742778600","highway":"unclassified","name":null,"oneway":true,"lanes":null,"maxheight":null,"maxweight":null,"maxwidth":null},"geometry":{"type":"LineString","coordinates":[[113.3116942,23.1260578],[113.3116282,23.1259935],[113.3115895,23.1259126],[113.3115826,23.1258244],[113.3115874,23.1258082],[113.3116083,23.1257392],[113.3116636,23.1256669],[113.3117421,23.1256159],[113.3118347,23.1255921],[113.3119244,23.1255969],[113.312008,23.1256275],[113.3120769,23.1256807],[113.312124,23.1257511],[113.3121334,23.1257877],[113.3121447,23.1258316],[113.3121367,23.1259139],[113.312101,23.1259898],[113.3120412,23.1260515],[113.3119632,23.1260928],[113.3118751,23.1261094],[113.3118379,23.1261049],[113.3117798,23.126098],[113.3116942,23.1260578]]}},{"type":"Feature","id":742778603,"properties":{"id":"742778603","highway":"unclassified","name":"华明北橫街","oneway":false,"lanes":null,"maxheight":null,"maxweight":null,"maxwidth":null},"geometry":{"type":"LineString","coordinates":[[113.3121334,23.1257877],[113.3128958,23.1257303],[113.3130191,23.125721],[113.3131039,23.1257146]]}},{"type":"Feature","id":746307807,"properties":{"id":"746307807","highway":"tertiary","name":"员村新街","oneway":false,"lanes":null,"maxheight":null,"maxweight":null,"maxwidth":null},"geometry":{"type":"LineString","coordinates":[[113.3600108,23.1223964],[113.3601191,23.122437],[113.3602294,23.1224738],[113.3603308,23.1225064],[113.3604829,23.1225469],[113.3605724,23.1225634],[113.360659,23.1225666],[113.3607658,23.1225587],[113.3608933,23.1225323],[113.3610095,23.1224991],[113.3613805,23.1223739]]}},{"type":"Feature","id":758142936,"properties":{"id":"758142936","highway":"service","name":null,"oneway":false,"lanes":null,"maxheight":null,"maxweight":null,"maxwidth":null},"geometry":{"type":"LineString","coordinates":[[113.3614663,23.1274054],[113.3619403,23.1274243],[113.3619206,23.1277289],[113.3619688,23.127857]]}},{"type":"Feature","id":758142937,"properties":{"id":"758142937","highway":"service","name":null,"oneway":false,"lanes":null,"maxheight":null,"maxweight":null,"maxwidth":null},"geometry":{"type":"LineString","coordinates":[[113.3614775,23.1278395],[113.3619688,23.127857],[113.3622398,23.127868],[113.3623937,23.1280845],[113.362993,23.1281378]]}},{"type":"Feature","id":758358520,"properties":{"id":"758358520","highway":"service","name":null,"oneway":false,"lanes":null,"maxheight":null,"maxweight":null,"maxwidth":null},"geometry":{"type":"LineString","coordinates":[[113.3140397,23.1408189],[113.3148667,23.1408462],[113.3148478,23.1413731]]}},{"type":"Feature","id":759548583,"properties":{"id":"759548583","highway":"residential","name":null,"oneway":false,"lanes":null,"maxheight":null,"maxweight":null,"maxwidth":null},"geometry":{"type":"LineString","coordinates":[[113.3362924,23.1299902],[113.336427,23.1300087],[113.3365093,23.1300201],[113.3366528,23.1300399],[113.3367141,23.1300483],[113.3367929,23.1300616],[113.3369343,23.1300854],[113.3370705,23.1301084],[113.3370952,23.130112],[113.3372397,23.1301333],[113.3374133,23.1301457],[113.3375086,23.1301541],[113.3377133,23.1301686],[113.3379493,23.1301787]]}},{"type":"Feature","id":759548593,"properties":{"id":"759548593","highway":"residential","name":null,"oneway":false,"lanes":null,"maxheight":null,"maxweight":null,"maxwidth":null},"geometry":{"type":"LineString","coordinates":[[113.3375756,23.1341522],[113.3373475,23.1341362]]}},{"type":"Feature","id":759851921,"properties":{"id":"759851921","highway":"secondary","name":"华夏路","oneway":true,"lanes":null,"maxheight":null,"maxweight":null,"maxwidth":null},"geometry":{"type":"LineString","coordinates":[[113.3156577,23.1186437],[113.3156393,23.1177745],[113.3156248,23.1172681]]}},{"type":"Feature","id":759851922,"properties":{"id":"759851922","highway":"tertiary","name":"华就路","oneway":false,"lanes":null,"maxheight":null,"maxweight":null,"maxwidth":null},"geometry":{"type":"LineString","coordinates":[[113.3111741,23.1186493],[113.3112599,23.1186492],[113.3121199,23.1186481]]}},{"type":"Feature","id":759851923,"properties":{"id":"759851923","highway":"tertiary","name":"华穗路","oneway":true,"lanes":null,"maxheight":null,"maxweight":null,"maxwidth":null},"geometry":{"type":"LineString","coordinates":[[113.3129146,23.1181483],[113.3129166,23.1180039],[113.3129193,23.1178168],[113.3129221,23.1176509],[113.3129278,23.1173088],[113.3129204,23.1171597],[113.3128947,23.1170779],[113.3128558,23.1170205],[113.3127718,23.1169456],[113.3126842,23.116896]]}},{"type":"Feature","id":770525096,"properties":{"id":"770525096","highway":"service","name":null,"oneway":false,"lanes":null,"maxheight":null,"maxweight":null,"maxwidth":null},"geometry":{"type":"LineString","coordinates":[[113.3135944,23.1188123],[113.3136611,23.1187431],[113.3136617,23.1187007],[113.3136624,23.1186461]]}},{"type":"Feature","id":771832529,"properties":{"id":"771832529","highway":"tertiary_link","name":null,"oneway":true,"lanes":null,"maxheight":null,"maxweight":null,"maxwidth":null},"geometry":{"type":"LineString","coordinates":[[113.3161376,23.1261541],[113.3163797,23.126134],[113.3166215,23.1261132],[113.3172003,23.1260632],[113.3173041,23.1260542],[113.3174347,23.1260451],[113.317516,23.1260271],[113.3175796,23.1260056],[113.3176421,23.1259605],[113.3176788,23.1259094],[113.317711,23.1258552],[113.3177298,23.1258083],[113.3177386,23.1257559],[113.3177386,23.125709],[113.3177043,23.1252973]]}},{"type":"Feature","id":771832530,"properties":{"id":"771832530","highway":"secondary_link","name":null,"oneway":true,"lanes":null,"maxheight":null,"maxweight":null,"maxwidth":null},"geometry":{"type":"LineString","coordinates":[[113.3158259,23.1268968],[113.3159552,23.1268913]]}},{"type":"Feature","id":771832531,"properties":{"id":"771832531","highway":"tertiary_link","name":null,"oneway":true,"lanes":null,"maxheight":null,"maxweight":null,"maxwidth":null},"geometry":{"type":"LineString","coordinates":[[113.3150205,23.1262738],[113.3151854,23.126208],[113.3152647,23.1261884],[113.3153656,23.1261666],[113.3154444,23.1261352],[113.3155082,23.1260915],[113.3155706,23.1260478],[113.315633,23.1259918],[113.3156612,23.1259542],[113.3156864,23.1259167],[113.315728,23.125832],[113.3157562,23.1257487],[113.3157918,23.1256257]]}},{"type":"Feature","id":771832532,"properties":{"id":"771832532","highway":"tertiary_link","name":null,"oneway":true,"lanes":null,"maxheight":null,"maxweight":null,"maxwidth":null},"geometry":{"type":"LineString","coordinates":[[113.3159461,23.1256343],[113.3159805,23.125772],[113.3160073,23.1258394],[113.3160378,23.1259006],[113.3160736,23.1259555],[113.3161151,23.1259915],[113.3161567,23.1260216],[113.3162116,23.1260502],[113.3162814,23.1260748],[113.3163557,23.1260912],[113.3164596,23.1261035],[113.3166215,23.1261132]]}},{"type":"Feature","id":771832533,"properties":{"id":"771832533","highway":"tertiary_link","name":null,"oneway":true,"lanes":null,"maxheight":null,"maxweight":null,"maxwidth":null},"geometry":{"type":"LineString","coordinates":[[113.3170632,23.1263618],[113.3169628,23.1263755],[113.3165027,23.1264381],[113.3164091,23.1264586],[113.3163334,23.1264845],[113.3162725,23.1265132],[113.316222,23.126546],[113.316173,23.1265842],[113.3161225,23.1266443],[113.3160765,23.1267221],[113.3160468,23.1267891],[113.316023,23.1268765],[113.3160141,23.1269529],[113.3160022,23.1270854],[113.3159798,23.1273319]]}},{"type":"Feature","id":771906755,"properties":{"id":"771906755","highway":"tertiary_link","name":null,"oneway":true,"lanes":null,"maxheight":null,"maxweight":null,"maxwidth":null},"geometry":{"type":"LineString","coordinates":[[113.3375564,23.124415],[113.337595,23.1244517],[113.3376312,23.1244922],[113.3376537,23.1245293],[113.337661,23.1245719],[113.3376566,23.1246123],[113.3376454,23.1246482],[113.3376282,23.1246868]]}},{"type":"Feature","id":771906756,"properties":{"id":"771906756","highway":"secondary_link","name":"金穗路","oneway":true,"lanes":null,"maxheight":null,"maxweight":null,"maxwidth":null},"geometry":{"type":"LineString","coordinates":[[113.3309686,23.1251255],[113.3308762,23.1251392],[113.33013,23.1252349],[113.3295131,23.1253122],[113.3292609,23.1253443],[113.3290943,23.1253691],[113.3289272,23.125394],[113.3287024,23.1254282],[113.3285247,23.1254528],[113.3284187,23.1254751],[113.3283625,23.1255013],[113.3283036,23.1255464],[113.3282584,23.1256213],[113.328225,23.1256962],[113.3281378,23.1259225]]}},{"type":"Feature","id":771906757,"properties":{"id":"771906757","highway":"secondary_link","name":"金穗路","oneway":true,"lanes":null,"maxheight":null,"maxweight":null,"maxwidth":null},"geometry":{"type":"LineString","coordinates":[[113.3313937,23.1250628],[113.3311331,23.1251013],[113.3309686,23.1251255]]}},{"type":"Feature","id":771906758,"properties":{"id":"771906758","highway":"tertiary","name":null,"oneway":true,"lanes":null,"maxheight":null,"maxweight":null,"maxwidth":null},"geometry":{"type":"LineString","coordinates":[[113.3313999,23.1251869],[113.3313336,23.1251482],[113.3312571,23.1251269],[113.3311331,23.1251013]]}},{"type":"Feature","id":771906759,"properties":{"id":"771906759","highway":"secondary","name":"猎德大道-金穗路隧道","oneway":true,"lanes":null,"maxheight":null,"maxweight":null,"maxwidth":null},"geometry":{"type":"LineString","coordinates":[[113.3313926,23.1249741],[113.3312238,23.1249852],[113.3309877,23.1250037]]}},{"type":"Feature","id":771906760,"properties":{"id":"771906760","highway":"secondary","name":"猎德大道-金穗路隧道","oneway":true,"lanes":null,"maxheight":null,"maxweight":null,"maxwidth":null},"geometry":{"type":"LineString","coordinates":[[113.3309877,23.1250037],[113.3307956,23.1250222],[113.3305814,23.1250503],[113.3303327,23.1250828],[113.3299291,23.1251343],[113.3288909,23.1252576]]}},{"type":"Feature","id":771906761,"properties":{"id":"771906761","highway":"secondary","name":"猎德大道-金穗路隧道","oneway":true,"lanes":null,"maxheight":null,"maxweight":null,"maxwidth":null},"geometry":{"type":"LineString","coordinates":[[113.3310034,23.1249008],[113.3310568,23.1248915],[113.3312237,23.1248577],[113.3314111,23.1248192]]}},{"type":"Feature","id":771906762,"properties":{"id":"771906762","highway":"secondary","name":"猎德大道-金穗路隧道","oneway":true,"lanes":null,"maxheight":null,"maxweight":null,"maxwidth":null},"geometry":{"type":"LineString","coordinates":[[113.3314111,23.1248192],[113.3316846,23.1247589],[113.3321534,23.1246529]]}},{"type":"Feature","id":771906763,"properties":{"id":"771906763","highway":"secondary_link","name":"金穗路","oneway":true,"lanes":null,"maxheight":null,"maxweight":null,"maxwidth":null},"geometry":{"type":"LineString","coordinates":[[113.3310259,23.1247744],[113.331271,23.1247429],[113.3314321,23.1247249]]}},{"type":"Feature","id":771906764,"properties":{"id":"771906764","highway":"secondary_link","name":"金穗路","oneway":true,"lanes":null,"maxheight":null,"maxweight":null,"maxwidth":null},"geometry":{"type":"LineString","coordinates":[[113.3314321,23.1247249],[113.33148,23.1247196],[113.3321534,23.1246529]]}},{"type":"Feature","id":780444471,"properties":{"id":"780444471","highway":"residential","name":null,"oneway":false,"lanes":null,"maxheight":null,"maxweight":null,"maxwidth":null},"geometry":{"type":"LineString","coordinates":[[113.3514294,23.1507811],[113.3514272,23.150466],[113.3513442,23.1499527],[113.3513298,23.149769],[113.3514556,23.1488399],[113.3513966,23.1486808],[113.3511366,23.1484155],[113.350102,23.1479143],[113.3493659,23.1478143],[113.3482158,23.1477576],[113.3481149,23.1478362],[113.3480477,23.1478887],[113.3480193,23.1479108],[113.3476772,23.1482181],[113.3474374,23.1487423],[113.3472722,23.1490894],[113.3471075,23.149194],[113.346972,23.1491695],[113.3467432,23.1491259],[113.3466495,23.1490571]]}},{"type":"Feature","id":804674086,"properties":{"id":"804674086","highway":"motorway_link","name":null,"oneway":true,"lanes":null,"maxheight":null,"maxweight":null,"maxwidth":null},"geometry":{"type":"LineString","coordinates":[[113.3464857,23.1305234],[113.3463401,23.1311376],[113.3462619,23.131577],[113.3461807,23.1322419],[113.3460782,23.1326442]]}},{"type":"Feature","id":804674467,"properties":{"id":"804674467","highway":"secondary","name":null,"oneway":true,"lanes":null,"maxheight":null,"maxweight":null,"maxwidth":null},"geometry":{"type":"LineString","coordinates":[[113.3506653,23.1390331],[113.3511355,23.1394603]]}},{"type":"Feature","id":810489616,"properties":{"id":"810489616","highway":"service","name":null,"oneway":false,"lanes":null,"maxheight":null,"maxweight":null,"maxwidth":null},"geometry":{"type":"LineString","coordinates":[[113.3568954,23.1282075],[113.3570063,23.1281902],[113.3572498,23.1281496],[113.3578992,23.1280425]]}},{"type":"Feature","id":813567049,"properties":{"id":"813567049","highway":"secondary","name":null,"oneway":true,"lanes":null,"maxheight":null,"maxweight":null,"maxwidth":null},"geometry":{"type":"LineString","coordinates":[[113.347274,23.1377577],[113.3473532,23.1377572],[113.3474793,23.1377675],[113.3475631,23.1377802],[113.3479404,23.1378781],[113.3484122,23.1379146],[113.3487821,23.1379639],[113.3489182,23.1379888],[113.3490347,23.1380185],[113.3491766,23.1380634],[113.3495917,23.1382096],[113.3499235,23.1384456],[113.350212,23.1386952],[113.3506653,23.1390331]]}},{"type":"Feature","id":813567050,"properties":{"id":"813567050","highway":"secondary_link","name":null,"oneway":true,"lanes":null,"maxheight":null,"maxweight":null,"maxwidth":null},"geometry":{"type":"LineString","coordinates":[[113.3469638,23.137696],[113.3470145,23.1377152],[113.3470521,23.1377404],[113.3470704,23.1377638],[113.3470897,23.1378002],[113.3470937,23.1378245],[113.3470866,23.1378628],[113.3470754,23.137904],[113.3470485,23.1379501]]}},{"type":"Feature","id":813579995,"properties":{"id":"813579995","highway":"service","name":null,"oneway":false,"lanes":null,"maxheight":null,"maxweight":null,"maxwidth":null},"geometry":{"type":"LineString","coordinates":[[113.3490465,23.1379601],[113.3472399,23.1377007]]}},{"type":"Feature","id":813579996,"properties":{"id":"813579996","highway":"tertiary_link","name":null,"oneway":true,"lanes":null,"maxheight":null,"maxweight":null,"maxwidth":null},"geometry":{"type":"LineString","coordinates":[[113.3498815,23.1370939],[113.3503756,23.1370281],[113.3504753,23.1370042],[113.3506329,23.1369401],[113.3507539,23.1369025],[113.3508921,23.1368786],[113.3510266,23.1368616],[113.3511516,23.1368584],[113.351257,23.1368687],[113.351382,23.1368929],[113.3514889,23.136912],[113.3515379,23.1369208],[113.3516704,23.1369335],[113.3518616,23.1369323],[113.3518955,23.1369321],[113.3521483,23.1369306]]}},{"type":"Feature","id":813579997,"properties":{"id":"813579997","highway":"tertiary","name":"华景路","oneway":true,"lanes":null,"maxheight":null,"maxweight":null,"maxwidth":null},"geometry":{"type":"LineString","coordinates":[[113.3521882,23.1372641],[113.3521722,23.1372345],[113.3521473,23.1372024],[113.3521186,23.137174],[113.3520791,23.1371457]]}},{"type":"Feature","id":813579998,"properties":{"id":"813579998","highway":"unclassified","name":null,"oneway":true,"lanes":null,"maxheight":null,"maxweight":null,"maxwidth":null},"geometry":{"type":"LineString","coordinates":[[113.3521882,23.1372641],[113.3520646,23.1372933],[113.3510415,23.1374969],[113.3503804,23.1376208],[113.3503134,23.137637],[113.3502249,23.1376618],[113.3500674,23.1377126],[113.3500328,23.1376971]]}},{"type":"Feature","id":813579999,"properties":{"id":"813579999","highway":"trunk","name":"中山大道西","oneway":true,"lanes":null,"maxheight":null,"maxweight":null,"maxwidth":null},"geometry":{"type":"LineString","coordinates":[[113.3525906,23.1371078],[113.3524652,23.1371169],[113.3523053,23.1371287],[113.3520791,23.1371457]]}},{"type":"Feature","id":813580000,"properties":{"id":"813580000","highway":"secondary","name":"天府路","oneway":true,"lanes":null,"maxheight":null,"maxweight":null,"maxwidth":null},"geometry":{"type":"LineString","coordinates":[[113.3567398,23.1361546],[113.3567532,23.1360378],[113.3568619,23.1350917],[113.3569694,23.1341556],[113.3569904,23.1339724]]}},{"type":"Feature","id":813580001,"properties":{"id":"813580001","highway":"trunk","name":"中山大道西","oneway":true,"lanes":null,"maxheight":null,"maxweight":null,"maxwidth":null},"geometry":{"type":"LineString","coordinates":[[113.3567398,23.1361546],[113.3568154,23.1361359]]}},{"type":"Feature","id":813580002,"properties":{"id":"813580002","highway":"service","name":"广州快速公交系统GBRT专用道","oneway":true,"lanes":null,"maxheight":null,"maxweight":null,"maxwidth":null},"geometry":{"type":"LineString","coordinates":[[113.3567358,23.1362577],[113.3566419,23.1362852],[113.3565634,23.1363063],[113.3564485,23.1363372],[113.3563297,23.1363666],[113.3560428,23.1364322],[113.3558424,23.1364762],[113.3556256,23.1365226],[113.3554195,23.136568],[113.3552627,23.1366001],[113.355105,23.1366253],[113.3549431,23.1366511],[113.3546416,23.1366958],[113.3545515,23.1367093],[113.3542244,23.1367582],[113.3540376,23.1367875],[113.353859,23.1368156],[113.3535339,23.136864],[113.3530893,23.1369302],[113.3525618,23.137002],[113.3521821,23.1370581],[113.3520116,23.1370826],[113.3518185,23.1371125],[113.3512091,23.1372199]]}},{"type":"Feature","id":813580003,"properties":{"id":"813580003","highway":"secondary","name":"天府路","oneway":true,"lanes":null,"maxheight":null,"maxweight":null,"maxwidth":null},"geometry":{"type":"LineString","coordinates":[[113.3567358,23.1362577],[113.3567366,23.1362312],[113.3567372,23.1362099]]}},{"type":"Feature","id":813580004,"properties":{"id":"813580004","highway":"service","name":"广州快速公交系统GBRT专用道","oneway":true,"lanes":null,"maxheight":null,"maxweight":null,"maxwidth":null},"geometry":{"type":"LineString","coordinates":[[113.3567372,23.1362099],[113.3568111,23.1361915]]}},{"type":"Feature","id":813580005,"properties":{"id":"813580005","highway":"secondary","name":"天府路","oneway":true,"lanes":null,"maxheight":null,"maxweight":null,"maxwidth":null},"geometry":{"type":"LineString","coordinates":[[113.3567372,23.1362099],[113.3567398,23.1361546]]}},{"type":"Feature","id":813580006,"properties":{"id":"813580006","highway":"secondary","name":"天府路","oneway":true,"lanes":null,"maxheight":null,"maxweight":null,"maxwidth":null},"geometry":{"type":"LineString","coordinates":[[113.3568154,23.1361359],[113.3568111,23.1361915]]}},{"type":"Feature","id":813580007,"properties":{"id":"813580007","highway":"trunk","name":"中山大道西","oneway":true,"lanes":null,"maxheight":null,"maxweight":null,"maxwidth":null},"geometry":{"type":"LineString","coordinates":[[113.3568154,23.1361359],[113.3570726,23.1360566],[113.357259,23.1359991],[113.3576931,23.1358518],[113.3579442,23.135768],[113.358271,23.1356457],[113.3585499,23.1355405],[113.3587608,23.1354596],[113.3589991,23.1353646],[113.3591473,23.1353003],[113.359319,23.1352109],[113.3595115,23.1351062],[113.3596763,23.1350262],[113.3597858,23.1349777],[113.3599196,23.1349258],[113.360211,23.1348088],[113.3605887,23.1346626],[113.3606348,23.1346456],[113.3607383,23.1346075],[113.3610907,23.134463],[113.361312,23.1343722],[113.361355,23.1343541],[113.3614995,23.1342932],[113.3617127,23.134198],[113.361863,23.1341347],[113.3619787,23.1340912],[113.362129,23.1340372],[113.3622734,23.1339939],[113.3623692,23.1339593],[113.3624833,23.1339086],[113.3627159,23.1337943],[113.3629186,23.1336885],[113.3631523,23.1335647],[113.3634698,23.1333892],[113.3638061,23.1331926],[113.364073,23.1330291],[113.3644291,23.1328098],[113.3647765,23.1325947]]}},{"type":"Feature","id":851964097,"properties":{"id":"851964097","highway":"trunk_link","name":"天河东路","oneway":true,"lanes":null,"maxheight":null,"maxweight":null,"maxwidth":null},"geometry":{"type":"LineString","coordinates":[[113.3283503,23.1376325],[113.3284088,23.1373336],[113.3284439,23.1371544],[113.3284501,23.1371228],[113.3285453,23.1366052],[113.3285687,23.1364782]]}},{"type":"Feature","id":851964098,"properties":{"id":"851964098","highway":"trunk_link","name":"天河东路","oneway":true,"lanes":null,"maxheight":null,"maxweight":null,"maxwidth":null},"geometry":{"type":"LineString","coordinates":[[113.3285687,23.1364782],[113.3286489,23.1361134],[113.3286561,23.1360647],[113.3286652,23.1359128]]}},{"type":"Feature","id":851964099,"properties":{"id":"851964099","highway":"trunk_link","name":"天河东路","oneway":true,"lanes":null,"maxheight":null,"maxweight":null,"maxwidth":null},"geometry":{"type":"LineString","coordinates":[[113.3288921,23.1365134],[113.3288556,23.1367206],[113.3287573,23.1372802],[113.3286731,23.1377024],[113.3286427,23.1378603],[113.3286221,23.1379531],[113.3286114,23.1380014],[113.3285672,23.1381692],[113.3284955,23.1383936],[113.3284669,23.1384696],[113.3284226,23.138577]]}},{"type":"Feature","id":851964101,"properties":{"id":"851964101","highway":"trunk","name":"天河路","oneway":true,"lanes":null,"maxheight":null,"maxweight":null,"maxwidth":null},"geometry":{"type":"LineString","coordinates":[[113.327943,23.1359465],[113.3273692,23.135992],[113.3270058,23.1360108],[113.3255186,23.1360705],[113.3251597,23.1360815],[113.3251213,23.1360827],[113.3244813,23.1360948],[113.3243071,23.1360978],[113.3240388,23.1361027],[113.3237258,23.1361051],[113.323374,23.1361159],[113.3232684,23.1361203],[113.3231664,23.1361271],[113.3230369,23.1361409]]}},{"type":"Feature","id":858600102,"properties":{"id":"858600102","highway":"service","name":"珠江西一街","oneway":false,"lanes":null,"maxheight":null,"maxweight":null,"maxwidth":null},"geometry":{"type":"LineString","coordinates":[[113.3160125,23.1290161],[113.3160562,23.1290146],[113.3168812,23.1289854]]}},{"type":"Feature","id":858600103,"properties":{"id":"858600103","highway":"service","name":"珠江西二街","oneway":false,"lanes":null,"maxheight":null,"maxweight":null,"maxwidth":null},"geometry":{"type":"LineString","coordinates":[[113.3176322,23.1281705],[113.317916,23.128151],[113.3184228,23.1281147],[113.3185458,23.1280896],[113.3186769,23.1280629]]}},{"type":"Feature","id":858600104,"properties":{"id":"858600104","highway":"service","name":null,"oneway":false,"lanes":null,"maxheight":null,"maxweight":null,"maxwidth":null},"geometry":{"type":"LineString","coordinates":[[113.3168812,23.1289854],[113.3173981,23.1289638],[113.3176823,23.1289519],[113.3176322,23.1281705]]}},{"type":"Feature","id":858600105,"properties":{"id":"858600105","highway":"unclassified","name":null,"oneway":false,"lanes":null,"maxheight":null,"maxweight":null,"maxwidth":null},"geometry":{"type":"LineString","coordinates":[[113.3168782,23.1274198],[113.3160372,23.1274357],[113.3159824,23.1274367]]}},{"type":"Feature","id":858600106,"properties":{"id":"858600106","highway":"service","name":null,"oneway":false,"lanes":null,"maxheight":null,"maxweight":null,"maxwidth":null},"geometry":{"type":"LineString","coordinates":[[113.3176322,23.1281705],[113.3175943,23.1273779],[113.3169809,23.1274138],[113.3168782,23.1274198]]}},{"type":"Feature","id":858600107,"properties":{"id":"858600107","highway":"unclassified","name":"珠江西三街","oneway":false,"lanes":null,"maxheight":null,"maxweight":null,"maxwidth":null},"geometry":{"type":"LineString","coordinates":[[113.3169628,23.1263755],[113.3169651,23.1265441],[113.3169754,23.1273131]]}},{"type":"Feature","id":858600108,"properties":{"id":"858600108","highway":"service","name":null,"oneway":false,"lanes":null,"maxheight":null,"maxweight":null,"maxwidth":null},"geometry":{"type":"LineString","coordinates":[[113.3168782,23.1274198],[113.3169251,23.1273552],[113.3169754,23.1273131]]}},{"type":"Feature","id":858600109,"properties":{"id":"858600109","highway":"service","name":null,"oneway":false,"lanes":null,"maxheight":null,"maxweight":null,"maxwidth":null},"geometry":{"type":"LineString","coordinates":[[113.3169754,23.1273131],[113.3169809,23.1274138]]}},{"type":"Feature","id":859602025,"properties":{"id":"859602025","highway":"trunk","name":"天河路","oneway":true,"lanes":null,"maxheight":null,"maxweight":null,"maxwidth":null},"geometry":{"type":"LineString","coordinates":[[113.3226378,23.1361715],[113.321526,23.136224],[113.3211919,23.1362362],[113.3207698,23.1362514],[113.320563,23.1362609],[113.3203326,23.1362714],[113.3200646,23.1362867],[113.3198389,23.136302],[113.3196023,23.1363179],[113.319371,23.1363338],[113.3191204,23.1363478],[113.3188458,23.1363607],[113.3185883,23.1363708],[113.3182041,23.1363869],[113.3177747,23.1364049],[113.3173793,23.1364257],[113.3172877,23.1364305],[113.3171806,23.1364362],[113.3169708,23.1364474],[113.316778,23.1364538],[113.3165741,23.1364446]]}},{"type":"Feature","id":860062296,"properties":{"id":"860062296","highway":"residential","name":null,"oneway":false,"lanes":null,"maxheight":null,"maxweight":null,"maxwidth":null},"geometry":{"type":"LineString","coordinates":[[113.3282082,23.1267794],[113.3282591,23.1267762],[113.3289253,23.1267339],[113.3290416,23.1267267],[113.3297214,23.1266846],[113.3298309,23.1266767],[113.3298357,23.1272968]]}},{"type":"Feature","id":860062297,"properties":{"id":"860062297","highway":"service","name":null,"oneway":false,"lanes":null,"maxheight":null,"maxweight":null,"maxwidth":null},"geometry":{"type":"LineString","coordinates":[[113.3298309,23.1266767],[113.3301357,23.1266405],[113.3301635,23.1266372],[113.3302146,23.12663],[113.3303308,23.1266135]]}},{"type":"Feature","id":860062299,"properties":{"id":"860062299","highway":"residential","name":null,"oneway":false,"lanes":null,"maxheight":null,"maxweight":null,"maxwidth":null},"geometry":{"type":"LineString","coordinates":[[113.3290416,23.1267267],[113.3290709,23.1259719],[113.3290943,23.1253691]]}},{"type":"Feature","id":860062300,"properties":{"id":"860062300","highway":"residential","name":null,"oneway":false,"lanes":null,"maxheight":null,"maxweight":null,"maxwidth":null},"geometry":{"type":"LineString","coordinates":[[113.3290709,23.1259719],[113.3300689,23.1258739],[113.3301527,23.1258656],[113.3302064,23.1258597],[113.3302146,23.12663]]}},{"type":"Feature","id":861358847,"properties":{"id":"861358847","highway":"trunk","name":"天河路","oneway":true,"lanes":null,"maxheight":null,"maxweight":null,"maxwidth":null},"geometry":{"type":"LineString","coordinates":[[113.3165741,23.1364446],[113.3162951,23.1364222],[113.3160593,23.1364112],[113.3158139,23.1364032]]}},{"type":"Feature","id":861358848,"properties":{"id":"861358848","highway":"tertiary","name":null,"oneway":true,"lanes":null,"maxheight":null,"maxweight":null,"maxwidth":null},"geometry":{"type":"LineString","coordinates":[[113.3163955,23.1365611],[113.3163672,23.1365877],[113.3163336,23.1366255],[113.3163043,23.1366815],[113.3162835,23.1367523]]}},{"type":"Feature","id":861358849,"properties":{"id":"861358849","highway":"primary","name":"天河北路","oneway":true,"lanes":null,"maxheight":null,"maxweight":null,"maxwidth":null},"geometry":{"type":"LineString","coordinates":[[113.3165871,23.1436577],[113.3166155,23.1436583],[113.3167157,23.1436604],[113.3168555,23.1436666],[113.3169573,23.1436714],[113.3170855,23.1436785],[113.3172824,23.1436919],[113.3176509,23.143717],[113.317733,23.1437215],[113.3178241,23.1437259],[113.3180674,23.1437354],[113.3181407,23.1437383],[113.3182956,23.1437444],[113.3184319,23.1437506]]}},{"type":"Feature","id":875648669,"properties":{"id":"875648669","highway":"service","name":null,"oneway":false,"lanes":null,"maxheight":null,"maxweight":null,"maxwidth":null},"geometry":{"type":"LineString","coordinates":[[113.3535636,23.1407924],[113.3538276,23.1407473],[113.3554707,23.1411667]]}},{"type":"Feature","id":886374780,"properties":{"id":"886374780","highway":"unclassified","name":"悦新街","oneway":false,"lanes":null,"maxheight":null,"maxweight":null,"maxwidth":null},"geometry":{"type":"LineString","coordinates":[[113.3147784,23.1365451],[113.3147768,23.1366729],[113.3147808,23.1373362],[113.3147747,23.1374121],[113.314734,23.1379222]]}},{"type":"Feature","id":893859233,"properties":{"id":"893859233","highway":"trunk_link","name":"天河东路","oneway":true,"lanes":null,"maxheight":null,"maxweight":null,"maxwidth":null},"geometry":{"type":"LineString","coordinates":[[113.3286652,23.1359128],[113.3286644,23.1358293]]}},{"type":"Feature","id":893859234,"properties":{"id":"893859234","highway":"trunk_link","name":"天河东路","oneway":true,"lanes":null,"maxheight":null,"maxweight":null,"maxwidth":null},"geometry":{"type":"LineString","coordinates":[[113.3286632,23.1357087],[113.3286563,23.1355921],[113.3286519,23.1354637],[113.3286445,23.1353088]]}},{"type":"Feature","id":893859235,"properties":{"id":"893859235","highway":"trunk","name":"天河路","oneway":true,"lanes":null,"maxheight":null,"maxweight":null,"maxwidth":null},"geometry":{"type":"LineString","coordinates":[[113.3286632,23.1357087],[113.3289514,23.1357283]]}},{"type":"Feature","id":893859236,"properties":{"id":"893859236","highway":"trunk","name":"天河路","oneway":true,"lanes":null,"maxheight":null,"maxweight":null,"maxwidth":null},"geometry":{"type":"LineString","coordinates":[[113.3302314,23.1360093],[113.3302588,23.1360151],[113.3304601,23.1360677],[113.3306821,23.1361162],[113.3307747,23.1361341],[113.3308717,23.1361528],[113.3309675,23.1361677],[113.3310476,23.1361772],[113.3311497,23.1361903],[113.3311677,23.1361926],[113.331245,23.136205],[113.3313191,23.1362185],[113.3313872,23.136232],[113.3314204,23.1362385],[113.331508,23.1362576],[113.3316354,23.1362895],[113.3317678,23.1363248],[113.3319243,23.1363657],[113.3321075,23.1364183],[113.332246,23.1364607],[113.332367,23.1365046],[113.3324423,23.1365335],[113.3326094,23.1366037],[113.3327938,23.1366839],[113.3329792,23.1367644],[113.3332429,23.1368691],[113.333671,23.1370497],[113.3340537,23.137212],[113.3342958,23.1373106],[113.3344198,23.137367],[113.3344822,23.1373968],[113.3345414,23.137425],[113.3346107,23.1374617],[113.3346695,23.137495],[113.3347538,23.1375471],[113.3348436,23.1376081],[113.3349597,23.137685],[113.3350495,23.1377364],[113.3353592,23.1378671]]}},{"type":"Feature","id":893859238,"properties":{"id":"893859238","highway":"service","name":"广州快速公交系统GBRT专用道","oneway":true,"lanes":null,"maxheight":null,"maxweight":null,"maxwidth":null},"geometry":{"type":"LineString","coordinates":[[113.3300919,23.1360874],[113.3297615,23.1360068],[113.3295412,23.1359541],[113.3293094,23.1359036],[113.3291851,23.1358799],[113.3290704,23.1358609],[113.3290378,23.1358556],[113.3289529,23.1358442]]}},{"type":"Feature","id":893859239,"properties":{"id":"893859239","highway":"service","name":"广州快速公交系统GBRT专用道","oneway":true,"lanes":null,"maxheight":null,"maxweight":null,"maxwidth":null},"geometry":{"type":"LineString","coordinates":[[113.3301492,23.1361014],[113.3300919,23.1360874]]}},{"type":"Feature","id":893859240,"properties":{"id":"893859240","highway":"service","name":"广州快速公交系统GBRT专用道","oneway":true,"lanes":null,"maxheight":null,"maxweight":null,"maxwidth":null},"geometry":{"type":"LineString","coordinates":[[113.3286639,23.1357761],[113.3287499,23.1357805],[113.3288479,23.1357864],[113.3288539,23.1357868],[113.3289273,23.1357925],[113.3289522,23.1357953]]}},{"type":"Feature","id":893859241,"properties":{"id":"893859241","highway":"service","name":"广州快速公交系统GBRT专用道","oneway":true,"lanes":null,"maxheight":null,"maxweight":null,"maxwidth":null},"geometry":{"type":"LineString","coordinates":[[113.3300986,23.136043],[113.3301603,23.1360581]]}},{"type":"Feature","id":893859242,"properties":{"id":"893859242","highway":"trunk_link","name":"天河东路","oneway":true,"lanes":null,"maxheight":null,"maxweight":null,"maxwidth":null},"geometry":{"type":"LineString","coordinates":[[113.3286644,23.1358293],[113.3286639,23.1357761]]}},{"type":"Feature","id":893859243,"properties":{"id":"893859243","highway":"service","name":"广州快速公交系统GBRT专用道","oneway":true,"lanes":null,"maxheight":null,"maxweight":null,"maxwidth":null},"geometry":{"type":"LineString","coordinates":[[113.3286644,23.1358293],[113.3286382,23.1358287],[113.328533,23.1358278],[113.3284385,23.1358277],[113.3282748,23.1358294],[113.3280614,23.1358319]]}},{"type":"Feature","id":893859244,"properties":{"id":"893859244","highway":"service","name":"广州快速公交系统GBRT专用道","oneway":true,"lanes":null,"maxheight":null,"maxweight":null,"maxwidth":null},"geometry":{"type":"LineString","coordinates":[[113.3289529,23.1358442],[113.328915,23.1358398],[113.3288402,23.1358344],[113.3287544,23.1358312],[113.3286644,23.1358293]]}},{"type":"Feature","id":893859245,"properties":{"id":"893859245","highway":"trunk_link","name":"天河东路","oneway":true,"lanes":null,"maxheight":null,"maxweight":null,"maxwidth":null},"geometry":{"type":"LineString","coordinates":[[113.3289529,23.1358442],[113.328954,23.1359304]]}},{"type":"Feature","id":893859246,"properties":{"id":"893859246","highway":"trunk_link","name":"天河东路","oneway":true,"lanes":null,"maxheight":null,"maxweight":null,"maxwidth":null},"geometry":{"type":"LineString","coordinates":[[113.3289522,23.1357953],[113.3289529,23.1358442]]}},{"type":"Feature","id":893859247,"properties":{"id":"893859247","highway":"service","name":"广州快速公交系统GBRT专用道","oneway":true,"lanes":null,"maxheight":null,"maxweight":null,"maxwidth":null},"geometry":{"type":"LineString","coordinates":[[113.3289522,23.1357953],[113.3290419,23.1358079],[113.3291941,23.1358368],[113.3292439,23.1358468],[113.3293423,23.1358678],[113.3294725,23.1358962],[113.3297718,23.1359647],[113.3298999,23.1359944],[113.3300443,23.1360298],[113.3300986,23.136043]]}},{"type":"Feature","id":893859248,"properties":{"id":"893859248","highway":"trunk_link","name":"天河东路","oneway":true,"lanes":null,"maxheight":null,"maxweight":null,"maxwidth":null},"geometry":{"type":"LineString","coordinates":[[113.3289514,23.1357283],[113.3289522,23.1357953]]}},{"type":"Feature","id":893859249,"properties":{"id":"893859249","highway":"trunk","name":"天河路","oneway":true,"lanes":null,"maxheight":null,"maxweight":null,"maxwidth":null},"geometry":{"type":"LineString","coordinates":[[113.3289514,23.1357283],[113.3290475,23.1357418],[113.3292076,23.1357716],[113.3294143,23.1358137],[113.3295744,23.1358488]]}},{"type":"Feature","id":893859254,"properties":{"id":"893859254","highway":"service","name":null,"oneway":true,"lanes":null,"maxheight":null,"maxweight":null,"maxwidth":null},"geometry":{"type":"LineString","coordinates":[[113.3230525,23.1359302],[113.3232613,23.1359573]]}},{"type":"Feature","id":893859255,"properties":{"id":"893859255","highway":"secondary","name":"体育东路","oneway":true,"lanes":null,"maxheight":null,"maxweight":null,"maxwidth":null},"geometry":{"type":"LineString","coordinates":[[113.3230525,23.1359302],[113.323052,23.135938],[113.3230488,23.1359861]]}},{"type":"Feature","id":893859256,"properties":{"id":"893859256","highway":"service","name":"广州快速公交系统GBRT专用道","oneway":true,"lanes":null,"maxheight":null,"maxweight":null,"maxwidth":null},"geometry":{"type":"LineString","coordinates":[[113.3230451,23.1360347],[113.3230092,23.1360433],[113.3229604,23.1360548],[113.3229242,23.1360632]]}},{"type":"Feature","id":893859257,"properties":{"id":"893859257","highway":"secondary","name":"体育东路","oneway":true,"lanes":null,"maxheight":null,"maxweight":null,"maxwidth":null},"geometry":{"type":"LineString","coordinates":[[113.3230451,23.1360347],[113.3230411,23.136082],[113.3230369,23.1361409]]}},{"type":"Feature","id":893859258,"properties":{"id":"893859258","highway":"service","name":"广州快速公交系统GBRT专用道","oneway":true,"lanes":null,"maxheight":null,"maxweight":null,"maxwidth":null},"geometry":{"type":"LineString","coordinates":[[113.3230488,23.1359861],[113.3231218,23.1359729],[113.3232613,23.1359573]]}},{"type":"Feature","id":893859259,"properties":{"id":"893859259","highway":"secondary","name":"体育东路","oneway":true,"lanes":null,"maxheight":null,"maxweight":null,"maxwidth":null},"geometry":{"type":"LineString","coordinates":[[113.3230488,23.1359861],[113.3230472,23.1360099],[113.3230451,23.1360347]]}},{"type":"Feature","id":893859260,"properties":{"id":"893859260","highway":"secondary","name":"体育东路","oneway":true,"lanes":null,"maxheight":null,"maxweight":null,"maxwidth":null},"geometry":{"type":"LineString","coordinates":[[113.3229236,23.136013],[113.3229234,23.1359964],[113.3229233,23.1359249]]}},{"type":"Feature","id":893859261,"properties":{"id":"893859261","highway":"service","name":"广州快速公交系统GBRT专用道","oneway":true,"lanes":null,"maxheight":null,"maxweight":null,"maxwidth":null},"geometry":{"type":"LineString","coordinates":[[113.3229236,23.136013],[113.3229371,23.1360103],[113.3229813,23.1360011],[113.3230488,23.1359861]]}},{"type":"Feature","id":893859262,"properties":{"id":"893859262","highway":"secondary","name":"体育东路","oneway":true,"lanes":null,"maxheight":null,"maxweight":null,"maxwidth":null},"geometry":{"type":"LineString","coordinates":[[113.3229242,23.1360632],[113.3229236,23.136013]]}},{"type":"Feature","id":893859263,"properties":{"id":"893859263","highway":"service","name":"广州快速公交系统GBRT专用道","oneway":true,"lanes":null,"maxheight":null,"maxweight":null,"maxwidth":null},"geometry":{"type":"LineString","coordinates":[[113.3229242,23.1360632],[113.3228962,23.1360697],[113.3228303,23.1360791],[113.3227605,23.1360858],[113.322698,23.1360899],[113.3226881,23.1360906],[113.3225644,23.1360964],[113.3223407,23.136105],[113.3216622,23.1361317],[113.3211512,23.1361524],[113.3206695,23.1361757],[113.3202658,23.136196],[113.32003,23.1362065],[113.3197867,23.1362145],[113.3195262,23.1362216],[113.3187171,23.1362437]]}},{"type":"Feature","id":893859264,"properties":{"id":"893859264","highway":"secondary","name":"五山路","oneway":true,"lanes":null,"maxheight":null,"maxweight":null,"maxwidth":null},"geometry":{"type":"LineString","coordinates":[[113.3368477,23.138373],[113.3368735,23.1382699],[113.3368963,23.1381993],[113.3369154,23.1381542]]}},{"type":"Feature","id":893859265,"properties":{"id":"893859265","highway":"secondary","name":null,"oneway":true,"lanes":null,"maxheight":null,"maxweight":null,"maxwidth":null},"geometry":{"type":"LineString","coordinates":[[113.3368477,23.138373],[113.3364065,23.138274]]}},{"type":"Feature","id":893859266,"properties":{"id":"893859266","highway":"secondary","name":null,"oneway":true,"lanes":null,"maxheight":null,"maxweight":null,"maxwidth":null},"geometry":{"type":"LineString","coordinates":[[113.3369901,23.1384046],[113.3368477,23.138373]]}},{"type":"Feature","id":893859267,"properties":{"id":"893859267","highway":"secondary","name":"五山路","oneway":true,"lanes":null,"maxheight":null,"maxweight":null,"maxwidth":null},"geometry":{"type":"LineString","coordinates":[[113.3369901,23.1384046],[113.3370129,23.1383588],[113.3370422,23.1383207],[113.3370837,23.1382881],[113.3371276,23.1382701],[113.3371916,23.1382588],[113.337305,23.1382458]]}},{"type":"Feature","id":893859268,"properties":{"id":"893859268","highway":"secondary","name":null,"oneway":true,"lanes":null,"maxheight":null,"maxweight":null,"maxwidth":null},"geometry":{"type":"LineString","coordinates":[[113.3364065,23.138274],[113.336288,23.1382479]]}},{"type":"Feature","id":893859269,"properties":{"id":"893859269","highway":"secondary","name":null,"oneway":true,"lanes":null,"maxheight":null,"maxweight":null,"maxwidth":null},"geometry":{"type":"LineString","coordinates":[[113.3369154,23.1381542],[113.337305,23.1382458]]}},{"type":"Feature","id":907947400,"properties":{"id":"907947400","highway":"residential","name":null,"oneway":false,"lanes":null,"maxheight":null,"maxweight":null,"maxwidth":null},"geometry":{"type":"LineString","coordinates":[[113.3332698,23.1457889],[113.3332783,23.1458728],[113.3330182,23.1458827],[113.3330236,23.1459728]]}},{"type":"Feature","id":914308016,"properties":{"id":"914308016","highway":"secondary","name":"天河北路","oneway":true,"lanes":null,"maxheight":null,"maxweight":"15","maxwidth":null},"geometry":{"type":"LineString","coordinates":[[113.3287593,23.1442463],[113.3285187,23.1442478]]}},{"type":"Feature","id":914308017,"properties":{"id":"914308017","highway":"secondary","name":"天河北路","oneway":true,"lanes":null,"maxheight":null,"maxweight":null,"maxwidth":null},"geometry":{"type":"LineString","coordinates":[[113.3288388,23.1442432],[113.3287593,23.1442463]]}},{"type":"Feature","id":914308018,"properties":{"id":"914308018","highway":"secondary","name":"天河北路","oneway":true,"lanes":null,"maxheight":null,"maxweight":null,"maxwidth":null},"geometry":{"type":"LineString","coordinates":[[113.3278208,23.1441534],[113.3285612,23.1441428]]}},{"type":"Feature","id":914308019,"properties":{"id":"914308019","highway":"secondary","name":"天河北路","oneway":true,"lanes":null,"maxheight":null,"maxweight":"15","maxwidth":null},"geometry":{"type":"LineString","coordinates":[[113.3285612,23.1441428],[113.328767,23.1441366]]}},{"type":"Feature","id":914308020,"properties":{"id":"914308020","highway":"unclassified","name":null,"oneway":true,"lanes":null,"maxheight":null,"maxweight":null,"maxwidth":null},"geometry":{"type":"LineString","coordinates":[[113.3270086,23.1342287],[113.3270068,23.1341754]]}},{"type":"Feature","id":922085902,"properties":{"id":"922085902","highway":"tertiary","name":"平云路","oneway":true,"lanes":null,"maxheight":null,"maxweight":null,"maxwidth":null},"geometry":{"type":"LineString","coordinates":[[113.3455328,23.1275037],[113.3455847,23.1274873],[113.3457222,23.1274148],[113.3458204,23.1273551],[113.3458993,23.1272943],[113.3460171,23.127165],[113.3461489,23.1269408],[113.3461974,23.1268003],[113.3461724,23.1266864]]}},{"type":"Feature","id":922857770,"properties":{"id":"922857770","highway":"service","name":null,"oneway":true,"lanes":null,"maxheight":null,"maxweight":null,"maxwidth":null},"geometry":{"type":"LineString","coordinates":[[113.3201835,23.1357751],[113.3202606,23.1357725],[113.3203022,23.1357732],[113.3203431,23.1357769],[113.3203853,23.1357818],[113.3204128,23.1357892],[113.320445,23.1358058],[113.3204752,23.1358268],[113.3205255,23.1358737],[113.3205825,23.1359298],[113.3206227,23.1359606],[113.3206556,23.1359779],[113.3206924,23.1359939],[113.3207508,23.1360144]]}},{"type":"Feature","id":922857771,"properties":{"id":"922857771","highway":"service","name":null,"oneway":true,"lanes":null,"maxheight":null,"maxweight":null,"maxwidth":null},"geometry":{"type":"LineString","coordinates":[[113.3201819,23.1358675],[113.3202857,23.1358672],[113.3203424,23.13587],[113.3204008,23.1358774],[113.3204396,23.1358891],[113.3204886,23.1359131],[113.3205295,23.1359384],[113.3205647,23.1359588],[113.3206053,23.1359797],[113.3206422,23.1359958],[113.320679,23.1360056],[113.3207508,23.1360144]]}},{"type":"Feature","id":922857772,"properties":{"id":"922857772","highway":"service","name":null,"oneway":true,"lanes":null,"maxheight":null,"maxweight":null,"maxwidth":null},"geometry":{"type":"LineString","coordinates":[[113.3201861,23.1358236],[113.3202899,23.1358234],[113.3203529,23.1358253],[113.320382,23.1358298],[113.3204097,23.1358368],[113.3204431,23.1358509],[113.3204706,23.1358669],[113.3204984,23.1358862],[113.3205303,23.1359115],[113.320567,23.1359394],[113.3205977,23.1359614],[113.3206292,23.1359781],[113.3206622,23.1359908],[113.3207508,23.1360144]]}},{"type":"Feature","id":922857773,"properties":{"id":"922857773","highway":"service","name":null,"oneway":true,"lanes":null,"maxheight":null,"maxweight":null,"maxwidth":null},"geometry":{"type":"LineString","coordinates":[[113.3197391,23.1360474],[113.319756,23.1359962],[113.3197712,23.1359535],[113.3197882,23.1359252],[113.3198211,23.1358824],[113.3198613,23.1358458],[113.3198966,23.1358232],[113.3199416,23.1358051],[113.3199785,23.135795],[113.3200239,23.1357851],[113.3200778,23.1357808],[113.3201835,23.1357751]]}},{"type":"Feature","id":922857774,"properties":{"id":"922857774","highway":"service","name":null,"oneway":true,"lanes":null,"maxheight":null,"maxweight":null,"maxwidth":null},"geometry":{"type":"LineString","coordinates":[[113.3197391,23.1360474],[113.3198112,23.1359697],[113.3198455,23.1359369],[113.3198696,23.1359195],[113.3198966,23.135906],[113.3199312,23.1358912],[113.3199829,23.1358791],[113.3200252,23.1358735],[113.320073,23.1358699],[113.3201343,23.1358685],[113.3201819,23.1358675]]}},{"type":"Feature","id":922857775,"properties":{"id":"922857775","highway":"service","name":null,"oneway":true,"lanes":null,"maxheight":null,"maxweight":null,"maxwidth":null},"geometry":{"type":"LineString","coordinates":[[113.3197391,23.1360474],[113.3197836,23.1359718],[113.319804,23.1359374],[113.319825,23.135911],[113.3198544,23.1358861],[113.3198824,23.1358698],[113.3199188,23.135853],[113.3199566,23.1358425],[113.3199924,23.1358359],[113.3200355,23.1358307],[113.3200807,23.1358266],[113.3201385,23.1358247],[113.3201861,23.1358236]]}},{"type":"Feature","id":922857776,"properties":{"id":"922857776","highway":"service","name":null,"oneway":true,"lanes":null,"maxheight":null,"maxweight":null,"maxwidth":null},"geometry":{"type":"LineString","coordinates":[[113.3186575,23.1358404],[113.3187024,23.1358414],[113.3187376,23.1358438],[113.3187709,23.135849],[113.3188003,23.1358558],[113.3188314,23.1358671],[113.3188563,23.1358821],[113.3188846,23.1359049],[113.3190285,23.1360398]]}},{"type":"Feature","id":922857777,"properties":{"id":"922857777","highway":"service","name":null,"oneway":true,"lanes":null,"maxheight":null,"maxweight":null,"maxwidth":null},"geometry":{"type":"LineString","coordinates":[[113.3186612,23.1358866],[113.3187403,23.1358863],[113.3187844,23.1358876],[113.3188177,23.135892],[113.3188458,23.1359007],[113.3188707,23.1359146],[113.3188966,23.1359321],[113.3189244,23.1359551],[113.3190285,23.1360398]]}},{"type":"Feature","id":922857778,"properties":{"id":"922857778","highway":"service","name":null,"oneway":true,"lanes":null,"maxheight":null,"maxweight":null,"maxwidth":null},"geometry":{"type":"LineString","coordinates":[[113.3186632,23.1359729],[113.3187638,23.1359705],[113.3188187,23.135972],[113.3188629,23.1359767],[113.3189012,23.1359846],[113.3189324,23.135995],[113.3189683,23.1360106],[113.3190285,23.1360398]]}},{"type":"Feature","id":930586682,"properties":{"id":"930586682","highway":"motorway_link","name":null,"oneway":true,"lanes":null,"maxheight":null,"maxweight":null,"maxwidth":null},"geometry":{"type":"LineString","coordinates":[[113.3464253,23.1241809],[113.3464409,23.1240068]]}},{"type":"Feature","id":930586686,"properties":{"id":"930586686","highway":"motorway_link","name":null,"oneway":true,"lanes":null,"maxheight":null,"maxweight":null,"maxwidth":null},"geometry":{"type":"LineString","coordinates":[[113.3470126,23.1221539],[113.3470081,23.1223237]]}},{"type":"Feature","id":930586692,"properties":{"id":"930586692","highway":"motorway_link","name":null,"oneway":true,"lanes":null,"maxheight":null,"maxweight":null,"maxwidth":null},"geometry":{"type":"LineString","coordinates":[[113.3473105,23.1188629],[113.3473071,23.1189755],[113.3473046,23.1190597]]}},{"type":"Feature","id":930702277,"properties":{"id":"930702277","highway":"trunk","name":"广园快速路","oneway":true,"lanes":"4","maxheight":null,"maxweight":null,"maxwidth":null},"geometry":{"type":"LineString","coordinates":[[113.3585084,23.1460422],[113.3602098,23.1455508]]}},{"type":"Feature","id":930891267,"properties":{"id":"930891267","highway":"trunk_link","name":null,"oneway":true,"lanes":null,"maxheight":null,"maxweight":null,"maxwidth":null},"geometry":{"type":"LineString","coordinates":[[113.3577287,23.1465369],[113.3576635,23.1465467],[113.3575867,23.1465522],[113.3574787,23.1465549],[113.3573419,23.1465553]]}},{"type":"Feature","id":932534386,"properties":{"id":"932534386","highway":"service","name":null,"oneway":true,"lanes":null,"maxheight":null,"maxweight":null,"maxwidth":null},"geometry":{"type":"LineString","coordinates":[[113.3169054,23.1194909],[113.3169635,23.1194425],[113.3169975,23.1194431],[113.3181912,23.1194637],[113.3182573,23.1195215]]}},{"type":"Feature","id":932534387,"properties":{"id":"932534387","highway":"service","name":null,"oneway":false,"lanes":null,"maxheight":null,"maxweight":null,"maxwidth":null},"geometry":{"type":"LineString","coordinates":[[113.3181912,23.1194637],[113.3181912,23.1194054]]}},{"type":"Feature","id":932534388,"properties":{"id":"932534388","highway":"secondary","name":"珠江西路","oneway":true,"lanes":null,"maxheight":null,"maxweight":null,"maxwidth":null},"geometry":{"type":"LineString","coordinates":[[113.3169054,23.1194909],[113.3168374,23.1194906],[113.3159873,23.1194867],[113.3158442,23.1194861]]}},{"type":"Feature","id":942939379,"properties":{"id":"942939379","highway":"unclassified","name":null,"oneway":false,"lanes":null,"maxheight":null,"maxweight":null,"maxwidth":null},"geometry":{"type":"LineString","coordinates":[[113.3145388,23.1351295],[113.3145481,23.1354006],[113.3145525,23.1355281],[113.314554,23.1355726],[113.3145741,23.1361585],[113.314576,23.1362147]]}},{"type":"Feature","id":942939406,"properties":{"id":"942939406","highway":"unclassified","name":null,"oneway":false,"lanes":null,"maxheight":null,"maxweight":null,"maxwidth":null},"geometry":{"type":"LineString","coordinates":[[113.3151645,23.1355128],[113.3147818,23.1355224],[113.3145525,23.1355281]]}},{"type":"Feature","id":949326937,"properties":{"id":"949326937","highway":"tertiary","name":"天润路","oneway":false,"lanes":null,"maxheight":null,"maxweight":null,"maxwidth":null},"geometry":{"type":"LineString","coordinates":[[113.340457,23.1452015],[113.3396954,23.1451594],[113.3390913,23.1451713],[113.3385295,23.14524],[113.3380813,23.1453416],[113.3376558,23.1454461],[113.3373278,23.1455267]]}},{"type":"Feature","id":962352943,"properties":{"id":"962352943","highway":"trunk","name":"广园快速路","oneway":true,"lanes":"4","maxheight":null,"maxweight":null,"maxwidth":null},"geometry":{"type":"LineString","coordinates":[[113.3461931,23.1475048],[113.3459057,23.1474955],[113.3454835,23.1474802],[113.3450261,23.14748],[113.3444898,23.1474875],[113.3439525,23.1475013],[113.3435374,23.1475241]]}},{"type":"Feature","id":962352953,"properties":{"id":"962352953","highway":"trunk","name":"广园快速路","oneway":true,"lanes":"4","maxheight":null,"maxweight":null,"maxwidth":null},"geometry":{"type":"LineString","coordinates":[[113.3543284,23.1474472],[113.3534468,23.147663],[113.3531531,23.1477221],[113.3527914,23.1477711],[113.3524518,23.147811],[113.3521951,23.1478317],[113.351811,23.1478528],[113.3514559,23.1478603]]}},{"type":"Feature","id":962491191,"properties":{"id":"962491191","highway":"unclassified","name":null,"oneway":false,"lanes":null,"maxheight":null,"maxweight":null,"maxwidth":null},"geometry":{"type":"LineString","coordinates":[[113.3543703,23.1476955],[113.3538865,23.1478418],[113.3536097,23.1478483]]}},{"type":"Feature","id":962491192,"properties":{"id":"962491192","highway":"service","name":null,"oneway":false,"lanes":null,"maxheight":null,"maxweight":null,"maxwidth":null},"geometry":{"type":"LineString","coordinates":[[113.3538865,23.1478418],[113.3539474,23.1483194],[113.3539572,23.1486453],[113.3538359,23.148882]]}},{"type":"Feature","id":962491193,"properties":{"id":"962491193","highway":"service","name":null,"oneway":false,"lanes":null,"maxheight":null,"maxweight":null,"maxwidth":null},"geometry":{"type":"LineString","coordinates":[[113.3536097,23.1478483],[113.3535766,23.1479471],[113.3537017,23.148574],[113.3523344,23.1488232],[113.3522879,23.1488122],[113.3522508,23.1487878],[113.3522216,23.1487183],[113.3522203,23.1486671],[113.352776,23.1480122]]}},{"type":"Feature","id":962491194,"properties":{"id":"962491194","highway":"service","name":null,"oneway":false,"lanes":null,"maxheight":null,"maxweight":null,"maxwidth":null},"geometry":{"type":"LineString","coordinates":[[113.3534912,23.1478904],[113.3535043,23.1479585],[113.3535706,23.1483083]]}},{"type":"Feature","id":962527420,"properties":{"id":"962527420","highway":"tertiary","name":"天润路","oneway":true,"lanes":null,"maxheight":null,"maxweight":null,"maxwidth":null},"geometry":{"type":"LineString","coordinates":[[113.3271702,23.1457147],[113.3271756,23.145814],[113.3272145,23.1458856],[113.3272453,23.1459178],[113.3272782,23.1459523],[113.3273526,23.1459897],[113.3274304,23.1460076],[113.3275469,23.14601],[113.32766,23.1460082],[113.3277397,23.146007],[113.3281146,23.1459985],[113.3282001,23.1459966],[113.3282807,23.1459963]]}},{"type":"Feature","id":962527421,"properties":{"id":"962527421","highway":"tertiary","name":"天润路","oneway":true,"lanes":null,"maxheight":null,"maxweight":null,"maxwidth":null},"geometry":{"type":"LineString","coordinates":[[113.3282807,23.1459963],[113.3283447,23.145996]]}},{"type":"Feature","id":962527422,"properties":{"id":"962527422","highway":"tertiary","name":"天润路","oneway":true,"lanes":null,"maxheight":null,"maxweight":null,"maxwidth":null},"geometry":{"type":"LineString","coordinates":[[113.328269,23.1460688],[113.328254,23.146069],[113.327627,23.1460783],[113.327442,23.1460839],[113.3273099,23.146097],[113.3272639,23.1461148],[113.3272184,23.1461325],[113.3271391,23.1461811],[113.3270883,23.1462335]]}},{"type":"Feature","id":962527423,"properties":{"id":"962527423","highway":"tertiary","name":"天润路","oneway":true,"lanes":null,"maxheight":null,"maxweight":null,"maxwidth":null},"geometry":{"type":"LineString","coordinates":[[113.328333,23.1460681],[113.328269,23.1460688]]}},{"type":"Feature","id":970127856,"properties":{"id":"970127856","highway":"service","name":null,"oneway":false,"lanes":null,"maxheight":null,"maxweight":null,"maxwidth":null},"geometry":{"type":"LineString","coordinates":[[113.3614457,23.1236979],[113.3604182,23.1240385]]}},{"type":"Feature","id":970127857,"properties":{"id":"970127857","highway":"service","name":null,"oneway":false,"lanes":null,"maxheight":null,"maxweight":null,"maxwidth":null},"geometry":{"type":"LineString","coordinates":[[113.3606212,23.1231806],[113.3595876,23.1228058]]}},{"type":"Feature","id":970127858,"properties":{"id":"970127858","highway":"service","name":null,"oneway":false,"lanes":null,"maxheight":null,"maxweight":null,"maxwidth":null},"geometry":{"type":"LineString","coordinates":[[113.3621104,23.1240575],[113.3618653,23.123947],[113.3617397,23.1238823],[113.3614457,23.1236979]]}},{"type":"Feature","id":970127859,"properties":{"id":"970127859","highway":"service","name":null,"oneway":false,"lanes":null,"maxheight":null,"maxweight":null,"maxwidth":null},"geometry":{"type":"LineString","coordinates":[[113.3595876,23.1228058],[113.3595814,23.1224998],[113.3596872,23.1222367]]}},{"type":"Feature","id":970617517,"properties":{"id":"970617517","highway":"service","name":null,"oneway":false,"lanes":null,"maxheight":null,"maxweight":null,"maxwidth":null},"geometry":{"type":"LineString","coordinates":[[113.3508727,23.1431875],[113.3508824,23.1422853],[113.3509434,23.1416106]]}},{"type":"Feature","id":987053826,"properties":{"id":"987053826","highway":"tertiary","name":"华利路","oneway":false,"lanes":null,"maxheight":null,"maxweight":null,"maxwidth":null},"geometry":{"type":"LineString","coordinates":[[113.3156781,23.1202839],[113.3155852,23.1202841],[113.3146388,23.1202861],[113.313935,23.1202876],[113.31385,23.1202878],[113.3137665,23.120288],[113.3131189,23.1202894],[113.3130103,23.1202896]]}},{"type":"Feature","id":987053827,"properties":{"id":"987053827","highway":"tertiary","name":"华利路","oneway":false,"lanes":null,"maxheight":null,"maxweight":null,"maxwidth":null},"geometry":{"type":"LineString","coordinates":[[113.3130103,23.1202896],[113.3129245,23.1202897]]}},{"type":"Feature","id":987053830,"properties":{"id":"987053830","highway":"tertiary","name":"华就路","oneway":false,"lanes":null,"maxheight":null,"maxweight":null,"maxwidth":null},"geometry":{"type":"LineString","coordinates":[[113.3130065,23.1186469],[113.3129186,23.118647]]}},{"type":"Feature","id":989788582,"properties":{"id":"989788582","highway":"trunk","name":"天河路","oneway":true,"lanes":null,"maxheight":null,"maxweight":null,"maxwidth":null},"geometry":{"type":"LineString","coordinates":[[113.3299901,23.1361429],[113.3299678,23.1361403],[113.3298311,23.1361072],[113.3295879,23.1360491]]}},{"type":"Feature","id":989788583,"properties":{"id":"989788583","highway":"trunk","name":"天河路","oneway":true,"lanes":null,"maxheight":null,"maxweight":null,"maxwidth":null},"geometry":{"type":"LineString","coordinates":[[113.3302276,23.1362019],[113.3299901,23.1361429]]}},{"type":"Feature","id":989788584,"properties":{"id":"989788584","highway":"trunk","name":"天河路","oneway":true,"lanes":null,"maxheight":null,"maxweight":null,"maxwidth":null},"geometry":{"type":"LineString","coordinates":[[113.3295744,23.1358488],[113.3297644,23.1358961],[113.3299604,23.1359484],[113.3299913,23.1359552]]}},{"type":"Feature","id":989788585,"properties":{"id":"989788585","highway":"trunk","name":"天河路","oneway":true,"lanes":null,"maxheight":null,"maxweight":null,"maxwidth":null},"geometry":{"type":"LineString","coordinates":[[113.3299913,23.1359552],[113.3302314,23.1360093]]}},{"type":"Feature","id":991529064,"properties":{"id":"991529064","highway":"service","name":null,"oneway":false,"lanes":null,"maxheight":null,"maxweight":null,"maxwidth":null},"geometry":{"type":"LineString","coordinates":[[113.3337645,23.138998],[113.333748,23.1387293],[113.3332282,23.1384991],[113.3333778,23.1382354]]}},{"type":"Feature","id":993462493,"properties":{"id":"993462493","highway":"unclassified","name":"珠江东一街","oneway":false,"lanes":null,"maxheight":null,"maxweight":null,"maxwidth":null},"geometry":{"type":"LineString","coordinates":[[113.3225168,23.1267546],[113.3224009,23.1268423],[113.3222486,23.1269576],[113.3211414,23.1269734],[113.3209869,23.1269734],[113.3208882,23.1270365],[113.3209076,23.1279742]]}},{"type":"Feature","id":993462498,"properties":{"id":"993462498","highway":"residential","name":"兴盛直街","oneway":false,"lanes":null,"maxheight":null,"maxweight":null,"maxwidth":null},"geometry":{"type":"LineString","coordinates":[[113.3240341,23.1255799],[113.3240364,23.1255165],[113.3240528,23.1250671],[113.3240686,23.1243475],[113.3240612,23.1243142],[113.3240286,23.1241681],[113.3240162,23.1236027],[113.3240135,23.1234682]]}},{"type":"Feature","id":993462503,"properties":{"id":"993462503","highway":"service","name":null,"oneway":false,"lanes":null,"maxheight":null,"maxweight":null,"maxwidth":null},"geometry":{"type":"LineString","coordinates":[[113.3226526,23.125078],[113.3227663,23.1250782],[113.3230391,23.1250787],[113.323117,23.1250783],[113.323435,23.1250771],[113.3236657,23.1250708],[113.3240528,23.1250671]]}},{"type":"Feature","id":993462504,"properties":{"id":"993462504","highway":"service","name":null,"oneway":false,"lanes":null,"maxheight":null,"maxweight":null,"maxwidth":null},"geometry":{"type":"LineString","coordinates":[[113.323117,23.1250783],[113.3231193,23.1249475]]}},{"type":"Feature","id":993462510,"properties":{"id":"993462510","highway":"service","name":null,"oneway":true,"lanes":null,"maxheight":null,"maxweight":null,"maxwidth":null},"geometry":{"type":"LineString","coordinates":[[113.3166502,23.1234154],[113.3166574,23.123343],[113.3166647,23.1232694]]}},{"type":"Feature","id":994014252,"properties":{"id":"994014252","highway":"trunk","name":"广园快速路","oneway":true,"lanes":"4","maxheight":null,"maxweight":null,"maxwidth":null},"geometry":{"type":"LineString","coordinates":[[113.3627166,23.1448687],[113.361641,23.145294]]}},{"type":"Feature","id":994014275,"properties":{"id":"994014275","highway":"trunk","name":"广园快速路","oneway":true,"lanes":"4","maxheight":"4.5","maxweight":null,"maxwidth":null},"geometry":{"type":"LineString","coordinates":[[113.361641,23.145294],[113.3612282,23.1454103],[113.3608793,23.14552],[113.3607774,23.1455519],[113.3606305,23.1455978],[113.360058,23.1457617]]}},{"type":"Feature","id":994014277,"properties":{"id":"994014277","highway":"service","name":null,"oneway":false,"lanes":null,"maxheight":null,"maxweight":null,"maxwidth":null},"geometry":{"type":"LineString","coordinates":[[113.3587527,23.1465098],[113.3588409,23.1464365],[113.3591479,23.1463633]]}},{"type":"Feature","id":994014278,"properties":{"id":"994014278","highway":"service","name":null,"oneway":false,"lanes":null,"maxheight":null,"maxweight":null,"maxwidth":null},"geometry":{"type":"LineString","coordinates":[[113.3584123,23.146483],[113.3585132,23.1465664],[113.358537,23.1466514],[113.3585622,23.1467344],[113.3586943,23.1471686],[113.3590708,23.1483827]]}},{"type":"Feature","id":994014279,"properties":{"id":"994014279","highway":"trunk_link","name":null,"oneway":true,"lanes":null,"maxheight":null,"maxweight":null,"maxwidth":null},"geometry":{"type":"LineString","coordinates":[[113.3571296,23.146399],[113.3573523,23.146283],[113.3574911,23.1462187]]}},{"type":"Feature","id":994558636,"properties":{"id":"994558636","highway":"service","name":null,"oneway":false,"lanes":null,"maxheight":null,"maxweight":null,"maxwidth":null},"geometry":{"type":"LineString","coordinates":[[113.3577287,23.1465369],[113.3577695,23.1466204],[113.357971,23.146743],[113.3580788,23.1468703]]}},{"type":"Feature","id":994558637,"properties":{"id":"994558637","highway":"service","name":null,"oneway":false,"lanes":null,"maxheight":null,"maxweight":null,"maxwidth":null},"geometry":{"type":"LineString","coordinates":[[113.3585139,23.1467522],[113.3585622,23.1467344]]}},{"type":"Feature","id":994558638,"properties":{"id":"994558638","highway":"service","name":null,"oneway":false,"lanes":null,"maxheight":null,"maxweight":null,"maxwidth":null},"geometry":{"type":"LineString","coordinates":[[113.3585139,23.1467522],[113.3580788,23.1468703],[113.3579736,23.1468988]]}},{"type":"Feature","id":995559505,"properties":{"id":"995559505","highway":"secondary_link","name":null,"oneway":true,"lanes":null,"maxheight":null,"maxweight":null,"maxwidth":null},"geometry":{"type":"LineString","coordinates":[[113.3157401,23.1221698],[113.3156312,23.1221794],[113.3156067,23.1221799],[113.3154387,23.1221835],[113.3152621,23.1221801]]}},{"type":"Feature","id":995559506,"properties":{"id":"995559506","highway":"secondary","name":"华夏路","oneway":true,"lanes":null,"maxheight":null,"maxweight":null,"maxwidth":null},"geometry":{"type":"LineString","coordinates":[[113.3157401,23.1221698],[113.3157381,23.1221158]]}},{"type":"Feature","id":995559507,"properties":{"id":"995559507","highway":"primary","name":"花城大道","oneway":true,"lanes":null,"maxheight":null,"maxweight":null,"maxwidth":null},"geometry":{"type":"LineString","coordinates":[[113.3157381,23.1221158],[113.3156054,23.1221347],[113.3155776,23.1221387],[113.3153924,23.1221622],[113.3152621,23.1221801]]}},{"type":"Feature","id":995559508,"properties":{"id":"995559508","highway":"secondary","name":"华夏路","oneway":true,"lanes":null,"maxheight":null,"maxweight":null,"maxwidth":null},"geometry":{"type":"LineString","coordinates":[[113.3157381,23.1221158],[113.3157379,23.1219144]]}},{"type":"Feature","id":995559509,"properties":{"id":"995559509","highway":"secondary_link","name":null,"oneway":true,"lanes":null,"maxheight":null,"maxweight":null,"maxwidth":null},"geometry":{"type":"LineString","coordinates":[[113.3158943,23.1221556],[113.3158324,23.1221616],[113.3157401,23.1221698]]}},{"type":"Feature","id":995559510,"properties":{"id":"995559510","highway":"secondary","name":"华夏路","oneway":true,"lanes":null,"maxheight":null,"maxweight":null,"maxwidth":null},"geometry":{"type":"LineString","coordinates":[[113.3158943,23.1221556],[113.3158958,23.1222318],[113.3159032,23.1226103]]}},{"type":"Feature","id":995559511,"properties":{"id":"995559511","highway":"primary","name":"花城大道","oneway":true,"lanes":"3","maxheight":null,"maxweight":null,"maxwidth":null},"geometry":{"type":"LineString","coordinates":[[113.3158887,23.12191],[113.3163731,23.1218956]]}},{"type":"Feature","id":995559512,"properties":{"id":"995559512","highway":"secondary","name":"华夏路","oneway":true,"lanes":null,"maxheight":null,"maxweight":null,"maxwidth":null},"geometry":{"type":"LineString","coordinates":[[113.3158887,23.12191],[113.3158931,23.1220911]]}},{"type":"Feature","id":996123654,"properties":{"id":"996123654","highway":"living_street","name":null,"oneway":false,"lanes":null,"maxheight":null,"maxweight":null,"maxwidth":null},"geometry":{"type":"LineString","coordinates":[[113.3283655,23.1460678],[113.3283351,23.1462522],[113.3282904,23.146426],[113.3282863,23.1465961],[113.3283514,23.1468185],[113.3284757,23.1469955],[113.3286983,23.1469844],[113.3289504,23.1469549]]}},{"type":"Feature","id":997367102,"properties":{"id":"997367102","highway":"tertiary","name":"天润路","oneway":false,"lanes":null,"maxheight":null,"maxweight":null,"maxwidth":null},"geometry":{"type":"LineString","coordinates":[[113.3373278,23.1455267],[113.337281,23.1455379],[113.3369048,23.1456275],[113.3362306,23.1457882],[113.336009,23.1458203],[113.3350861,23.145954]]}},{"type":"Feature","id":1001924369,"properties":{"id":"1001924369","highway":"service","name":null,"oneway":false,"lanes":null,"maxheight":null,"maxweight":null,"maxwidth":null},"geometry":{"type":"LineString","coordinates":[[113.3240683,23.1383015],[113.3237617,23.1382979]]}},{"type":"Feature","id":1001924370,"properties":{"id":"1001924370","highway":"service","name":null,"oneway":false,"lanes":null,"maxheight":null,"maxweight":null,"maxwidth":null},"geometry":{"type":"LineString","coordinates":[[113.3237617,23.1382979],[113.3237004,23.1382979],[113.3236379,23.1382979],[113.3236375,23.1383076]]}},{"type":"Feature","id":1001924371,"properties":{"id":"1001924371","highway":"service","name":null,"oneway":false,"lanes":null,"maxheight":null,"maxweight":null,"maxwidth":null},"geometry":{"type":"LineString","coordinates":[[113.3236375,23.1383076],[113.3236341,23.1384044]]}},{"type":"Feature","id":1005782931,"properties":{"id":"1005782931","highway":"tertiary","name":"体育西路","oneway":true,"lanes":null,"maxheight":null,"maxweight":null,"maxwidth":null},"geometry":{"type":"LineString","coordinates":[[113.3162632,23.1436476],[113.3162557,23.1436795],[113.3162229,23.1437818]]}},{"type":"Feature","id":1005782932,"properties":{"id":"1005782932","highway":"primary","name":"天河北路","oneway":true,"lanes":null,"maxheight":null,"maxweight":null,"maxwidth":null},"geometry":{"type":"LineString","coordinates":[[113.3162632,23.1436476],[113.3165871,23.1436577]]}},{"type":"Feature","id":1005782933,"properties":{"id":"1005782933","highway":"primary","name":"天河北路","oneway":true,"lanes":null,"maxheight":null,"maxweight":null,"maxwidth":null},"geometry":{"type":"LineString","coordinates":[[113.3162031,23.1436457],[113.3162632,23.1436476]]}},{"type":"Feature","id":1005782938,"properties":{"id":"1005782938","highway":"service","name":null,"oneway":false,"lanes":null,"maxheight":null,"maxweight":null,"maxwidth":null},"geometry":{"type":"LineString","coordinates":[[113.3167135,23.1437971],[113.3167127,23.1438903],[113.3167074,23.1445319]]}},{"type":"Feature","id":1005782943,"properties":{"id":"1005782943","highway":"primary","name":"天河北路","oneway":true,"lanes":null,"maxheight":null,"maxweight":null,"maxwidth":null},"geometry":{"type":"LineString","coordinates":[[113.3255154,23.144078],[113.3265846,23.1441105]]}},{"type":"Feature","id":1005782944,"properties":{"id":"1005782944","highway":"secondary","name":"天河北路","oneway":true,"lanes":null,"maxheight":null,"maxweight":null,"maxwidth":null},"geometry":{"type":"LineString","coordinates":[[113.328767,23.1441366],[113.328858,23.1441327],[113.3293554,23.1441095],[113.3299158,23.1440833],[113.330352,23.1440605],[113.3304398,23.1440559],[113.3305475,23.1440503],[113.3306805,23.1440425],[113.3313977,23.1439581]]}},{"type":"Feature","id":1005782946,"properties":{"id":"1005782946","highway":"service","name":null,"oneway":false,"lanes":null,"maxheight":null,"maxweight":null,"maxwidth":null},"geometry":{"type":"LineString","coordinates":[[113.3395204,23.1441127],[113.3395387,23.1433928]]}},{"type":"Feature","id":1006819794,"properties":{"id":"1006819794","highway":"primary","name":"天河北路","oneway":true,"lanes":null,"maxheight":null,"maxweight":null,"maxwidth":null},"geometry":{"type":"LineString","coordinates":[[113.3271457,23.1441309],[113.3274486,23.1441441]]}},{"type":"Feature","id":1006819796,"properties":{"id":"1006819796","highway":"trunk_link","name":null,"oneway":true,"lanes":null,"maxheight":null,"maxweight":null,"maxwidth":null},"geometry":{"type":"LineString","coordinates":[[113.3271457,23.1441309],[113.327195,23.1438542]]}},{"type":"Feature","id":1006819802,"properties":{"id":"1006819802","highway":"service","name":null,"oneway":true,"lanes":null,"maxheight":null,"maxweight":null,"maxwidth":null},"geometry":{"type":"LineString","coordinates":[[113.3158308,23.1280118],[113.315717,23.1278616],[113.315717,23.1274324],[113.3158276,23.1272786]]}},{"type":"Feature","id":1010839090,"properties":{"id":"1010839090","highway":"motorway_link","name":null,"oneway":true,"lanes":"1","maxheight":null,"maxweight":null,"maxwidth":null},"geometry":{"type":"LineString","coordinates":[[113.3473146,23.1272937],[113.3473369,23.127337],[113.3473602,23.127392],[113.3473767,23.1274452],[113.3473854,23.1275036],[113.3473859,23.1275648],[113.3473817,23.1276334],[113.3473728,23.1276888],[113.3473581,23.1277412],[113.3473391,23.1277984],[113.3473139,23.127858],[113.347282,23.1279129],[113.3472446,23.1279637],[113.3471957,23.1280152],[113.3471417,23.12806],[113.3471008,23.12809],[113.3470467,23.1281212]]}},{"type":"Feature","id":1010839091,"properties":{"id":"1010839091","highway":"motorway_link","name":null,"oneway":true,"lanes":"1","maxheight":null,"maxweight":null,"maxwidth":null},"geometry":{"type":"LineString","coordinates":[[113.3470467,23.1281212],[113.3469878,23.1281552],[113.346934,23.1281748],[113.3468769,23.12819],[113.3468199,23.1282037],[113.3467597,23.1282121],[113.3467078,23.1282139],[113.3466445,23.1282121],[113.3465867,23.128204],[113.3465285,23.12819],[113.3464724,23.1281749]]}},{"type":"Feature","id":1010839092,"properties":{"id":"1010839092","highway":"motorway_link","name":null,"oneway":true,"lanes":null,"maxheight":null,"maxweight":null,"maxwidth":null},"geometry":{"type":"LineString","coordinates":[[113.3471778,23.1198606],[113.3470691,23.119735],[113.3469771,23.1196844],[113.3468001,23.1196473],[113.3464215,23.1196296],[113.3463228,23.1196199],[113.3460649,23.1195475]]}},{"type":"Feature","id":1010839093,"properties":{"id":"1010839093","highway":"motorway_link","name":null,"oneway":true,"lanes":null,"maxheight":null,"maxweight":null,"maxwidth":null},"geometry":{"type":"LineString","coordinates":[[113.3470239,23.1232281],[113.3469794,23.1234756],[113.346916,23.1242692]]}},{"type":"Feature","id":1017277523,"properties":{"id":"1017277523","highway":"primary_link","name":null,"oneway":true,"lanes":null,"maxheight":null,"maxweight":null,"maxwidth":null},"geometry":{"type":"LineString","coordinates":[[113.3184277,23.1438854],[113.3184319,23.1437506]]}},{"type":"Feature","id":1017277524,"properties":{"id":"1017277524","highway":"primary","name":"天河北路","oneway":true,"lanes":null,"maxheight":null,"maxweight":null,"maxwidth":null},"geometry":{"type":"LineString","coordinates":[[113.3184319,23.1437506],[113.3188371,23.1437691],[113.3189688,23.1437759],[113.3193335,23.1437964],[113.3194976,23.1438063],[113.3200717,23.143844],[113.3201107,23.1438465],[113.3203134,23.1438583]]}},{"type":"Feature","id":1017277525,"properties":{"id":"1017277525","highway":"primary","name":"天河北路","oneway":true,"lanes":null,"maxheight":null,"maxweight":null,"maxwidth":null},"geometry":{"type":"LineString","coordinates":[[113.3185191,23.1438916],[113.3184277,23.1438854]]}},{"type":"Feature","id":1023273846,"properties":{"id":"1023273846","highway":"motorway_link","name":null,"oneway":true,"lanes":"2","maxheight":null,"maxweight":null,"maxwidth":null},"geometry":{"type":"LineString","coordinates":[[113.3463943,23.124643],[113.3464136,23.1243709],[113.3464253,23.1241809]]}},{"type":"Feature","id":1024423910,"properties":{"id":"1024423910","highway":"unclassified","name":null,"oneway":false,"lanes":null,"maxheight":null,"maxweight":null,"maxwidth":null},"geometry":{"type":"LineString","coordinates":[[113.3226819,23.1278078],[113.3227907,23.1278008],[113.325366,23.1276364],[113.3277361,23.1274694],[113.3278337,23.1274625]]}},{"type":"Feature","id":1024423911,"properties":{"id":"1024423911","highway":"unclassified","name":null,"oneway":false,"lanes":null,"maxheight":null,"maxweight":null,"maxwidth":null},"geometry":{"type":"LineString","coordinates":[[113.3253762,23.1256952],[113.3253795,23.1257942],[113.3254074,23.1266423],[113.325366,23.1276364],[113.3253776,23.1284191]]}},{"type":"Feature","id":1024423914,"properties":{"id":"1024423914","highway":"unclassified","name":null,"oneway":false,"lanes":null,"maxheight":null,"maxweight":null,"maxwidth":null},"geometry":{"type":"LineString","coordinates":[[113.3197895,23.127994],[113.3198713,23.1279926],[113.3209076,23.1279742]]}},{"type":"Feature","id":1033103875,"properties":{"id":"1033103875","highway":"unclassified","name":null,"oneway":false,"lanes":null,"maxheight":null,"maxweight":null,"maxwidth":null},"geometry":{"type":"LineString","coordinates":[[113.3462721,23.1245242],[113.3458453,23.1245114],[113.3436974,23.1244471],[113.3435991,23.1244442]]}},{"type":"Feature","id":1050732571,"properties":{"id":"1050732571","highway":"service","name":null,"oneway":true,"lanes":null,"maxheight":null,"maxweight":null,"maxwidth":null},"geometry":{"type":"LineString","coordinates":[[113.3287895,23.128634],[113.3288984,23.1286186],[113.3289749,23.1286078],[113.3291737,23.1287655],[113.3291787,23.1288481],[113.3291847,23.1289467]]}},{"type":"Feature","id":1050732573,"properties":{"id":"1050732573","highway":"residential","name":null,"oneway":false,"lanes":null,"maxheight":null,"maxweight":null,"maxwidth":null},"geometry":{"type":"LineString","coordinates":[[113.3303027,23.1291389],[113.33031,23.1290561],[113.3303572,23.1285225],[113.3299597,23.1285532],[113.3298104,23.1284448],[113.3295409,23.128249],[113.3294527,23.1281845],[113.3289856,23.127843],[113.3289774,23.1276425],[113.3289656,23.1273568]]}},{"type":"Feature","id":1050732574,"properties":{"id":"1050732574","highway":"service","name":null,"oneway":true,"lanes":null,"maxheight":null,"maxweight":null,"maxwidth":null},"geometry":{"type":"LineString","coordinates":[[113.3298104,23.1284448],[113.3296183,23.1284723],[113.3294727,23.1283635],[113.3294527,23.1281845]]}},{"type":"Feature","id":1050732575,"properties":{"id":"1050732575","highway":"service","name":null,"oneway":false,"lanes":null,"maxheight":null,"maxweight":null,"maxwidth":null},"geometry":{"type":"LineString","coordinates":[[113.3289774,23.1276425],[113.3289006,23.1277216]]}},{"type":"Feature","id":1050777833,"properties":{"id":"1050777833","highway":"unclassified","name":null,"oneway":false,"lanes":null,"maxheight":null,"maxweight":null,"maxwidth":null},"geometry":{"type":"LineString","coordinates":[[113.3201558,23.1460248],[113.3202213,23.146219],[113.3202477,23.1462761],[113.3202714,23.1463273],[113.3203581,23.1464727],[113.3203604,23.1465448],[113.3203632,23.1466358],[113.3203642,23.146765],[113.3203799,23.1467803]]}},{"type":"Feature","id":1050777834,"properties":{"id":"1050777834","highway":"unclassified","name":null,"oneway":false,"lanes":null,"maxheight":null,"maxweight":null,"maxwidth":null},"geometry":{"type":"LineString","coordinates":[[113.3203799,23.1467803],[113.3210761,23.1467745]]}},{"type":"Feature","id":1050777835,"properties":{"id":"1050777835","highway":"service","name":null,"oneway":false,"lanes":null,"maxheight":null,"maxweight":null,"maxwidth":null},"geometry":{"type":"LineString","coordinates":[[113.320195,23.1459267],[113.3202881,23.1459393],[113.3203898,23.145963],[113.3204308,23.1459797],[113.3204566,23.1460146],[113.3204566,23.1460592],[113.320449,23.1461109],[113.3204353,23.1461667],[113.3204201,23.1462602],[113.3203913,23.1463801],[113.3203959,23.1465434],[113.3203604,23.1465448]]}},{"type":"Feature","id":1050777836,"properties":{"id":"1050777836","highway":"service","name":null,"oneway":false,"lanes":null,"maxheight":null,"maxweight":null,"maxwidth":null},"geometry":{"type":"LineString","coordinates":[[113.3203959,23.1465434],[113.3204262,23.1465435],[113.3210057,23.1465485],[113.3210682,23.1465476],[113.3210679,23.1462848],[113.3209427,23.1462183]]}},{"type":"Feature","id":1050777837,"properties":{"id":"1050777837","highway":"service","name":null,"oneway":false,"lanes":null,"maxheight":null,"maxweight":null,"maxwidth":null},"geometry":{"type":"LineString","coordinates":[[113.3204262,23.1465435],[113.3204657,23.1465071],[113.3205355,23.1464848],[113.3207115,23.146484],[113.3209087,23.1464915],[113.3210057,23.1465485]]}},{"type":"Feature","id":1050777838,"properties":{"id":"1050777838","highway":"service","name":null,"oneway":false,"lanes":null,"maxheight":null,"maxweight":null,"maxwidth":null},"geometry":{"type":"LineString","coordinates":[[113.3210679,23.1462848],[113.3210737,23.1455041]]}},{"type":"Feature","id":1050777839,"properties":{"id":"1050777839","highway":"unclassified","name":null,"oneway":true,"lanes":null,"maxheight":null,"maxweight":null,"maxwidth":null},"geometry":{"type":"LineString","coordinates":[[113.3202477,23.1462761],[113.3200594,23.1462602]]}},{"type":"Feature","id":1057955344,"properties":{"id":"1057955344","highway":"service","name":null,"oneway":false,"lanes":null,"maxheight":null,"maxweight":null,"maxwidth":null},"geometry":{"type":"LineString","coordinates":[[113.3265448,23.1376347],[113.3264488,23.1385109],[113.3264194,23.1388496],[113.3264141,23.1389457],[113.3279997,23.1391098],[113.3281349,23.139124]]}},{"type":"Feature","id":1057958134,"properties":{"id":"1057958134","highway":"service","name":null,"oneway":false,"lanes":null,"maxheight":null,"maxweight":null,"maxwidth":null},"geometry":{"type":"LineString","coordinates":[[113.3576176,23.138274],[113.3575673,23.1382831],[113.3574567,23.1383053],[113.3567972,23.1382042]]}},{"type":"Feature","id":1058781729,"properties":{"id":"1058781729","highway":"residential","name":"翠华街","oneway":false,"lanes":null,"maxheight":null,"maxweight":null,"maxwidth":null},"geometry":{"type":"LineString","coordinates":[[113.3494878,23.1334982],[113.3494236,23.1335953],[113.3491527,23.1340121]]}},{"type":"Feature","id":1058781730,"properties":{"id":"1058781730","highway":"service","name":"华景西街","oneway":false,"lanes":null,"maxheight":null,"maxweight":null,"maxwidth":null},"geometry":{"type":"LineString","coordinates":[[113.3498755,23.1377866],[113.3498352,23.1378983],[113.3501088,23.1380266],[113.350562,23.1382338],[113.3511763,23.1386407],[113.3517234,23.1385544]]}},{"type":"Feature","id":1059104463,"properties":{"id":"1059104463","highway":"service","name":null,"oneway":false,"lanes":null,"maxheight":null,"maxweight":null,"maxwidth":null},"geometry":{"type":"LineString","coordinates":[[113.3463904,23.1322746],[113.3461767,23.1339409],[113.3460423,23.1349885],[113.3460146,23.135439],[113.3461563,23.1362068],[113.3463843,23.1367508],[113.3465168,23.1370256],[113.3467048,23.1371843],[113.3471103,23.1373618]]}},{"type":"Feature","id":1059104464,"properties":{"id":"1059104464","highway":"service","name":null,"oneway":false,"lanes":null,"maxheight":null,"maxweight":null,"maxwidth":null},"geometry":{"type":"LineString","coordinates":[[113.3471084,23.1323365],[113.3470591,23.1331894],[113.3477647,23.1332035],[113.3478419,23.1334004],[113.3479747,23.1333973]]}},{"type":"Feature","id":1059104465,"properties":{"id":"1059104465","highway":"residential","name":null,"oneway":false,"lanes":null,"maxheight":null,"maxweight":null,"maxwidth":null},"geometry":{"type":"LineString","coordinates":[[113.3474882,23.1365254],[113.3472561,23.1369342],[113.3471568,23.1371315],[113.347145,23.137171],[113.3471139,23.1372746],[113.3471103,23.1373618],[113.347128,23.1374305],[113.3471488,23.1375199],[113.3471842,23.1376717]]}},{"type":"Feature","id":1059104466,"properties":{"id":"1059104466","highway":"service","name":null,"oneway":false,"lanes":null,"maxheight":null,"maxweight":null,"maxwidth":null},"geometry":{"type":"LineString","coordinates":[[113.3471488,23.1375199],[113.3460922,23.1371508]]}},{"type":"Feature","id":1059104467,"properties":{"id":"1059104467","highway":"service","name":null,"oneway":false,"lanes":null,"maxheight":null,"maxweight":null,"maxwidth":null},"geometry":{"type":"LineString","coordinates":[[113.3500674,23.1377126],[113.3498755,23.1377866]]}},{"type":"Feature","id":1059104468,"properties":{"id":"1059104468","highway":"service","name":null,"oneway":false,"lanes":null,"maxheight":null,"maxweight":null,"maxwidth":null},"geometry":{"type":"LineString","coordinates":[[113.3464669,23.1322769],[113.3464587,23.1323405],[113.3462509,23.1339532],[113.3462111,23.1339466],[113.3461767,23.1339409]]}},{"type":"Feature","id":1059187936,"properties":{"id":"1059187936","highway":"service","name":null,"oneway":false,"lanes":null,"maxheight":null,"maxweight":null,"maxwidth":null},"geometry":{"type":"LineString","coordinates":[[113.3491527,23.1340121],[113.3490166,23.1340944],[113.3489153,23.1341837],[113.3488151,23.1342687],[113.3486811,23.1343126],[113.3484701,23.1343749],[113.3483191,23.1343919],[113.3473116,23.13445]]}},{"type":"Feature","id":1059187937,"properties":{"id":"1059187937","highway":"service","name":null,"oneway":false,"lanes":null,"maxheight":null,"maxweight":null,"maxwidth":null},"geometry":{"type":"LineString","coordinates":[[113.3494676,23.1331247],[113.3493189,23.1331377],[113.3487664,23.1331937]]}},{"type":"Feature","id":1059187939,"properties":{"id":"1059187939","highway":"service","name":null,"oneway":false,"lanes":null,"maxheight":null,"maxweight":null,"maxwidth":null},"geometry":{"type":"LineString","coordinates":[[113.3471084,23.1323365],[113.3464669,23.1322769],[113.3463904,23.1322746]]}},{"type":"Feature","id":1059717056,"properties":{"id":"1059717056","highway":"service","name":null,"oneway":false,"lanes":null,"maxheight":null,"maxweight":null,"maxwidth":null},"geometry":{"type":"LineString","coordinates":[[113.336771,23.1210782],[113.3366776,23.1204511],[113.3366612,23.1203505]]}},{"type":"Feature","id":1059717057,"properties":{"id":"1059717057","highway":"service","name":null,"oneway":false,"lanes":null,"maxheight":null,"maxweight":null,"maxwidth":null},"geometry":{"type":"LineString","coordinates":[[113.336771,23.1210782],[113.33636,23.1216537],[113.3363061,23.1217346]]}},{"type":"Feature","id":1059717058,"properties":{"id":"1059717058","highway":"service","name":"庆亿街","oneway":false,"lanes":null,"maxheight":null,"maxweight":null,"maxwidth":null},"geometry":{"type":"LineString","coordinates":[[113.336771,23.1210782],[113.3373168,23.1210419]]}},{"type":"Feature","id":1059717059,"properties":{"id":"1059717059","highway":"service","name":"庆亿街","oneway":false,"lanes":null,"maxheight":null,"maxweight":null,"maxwidth":null},"geometry":{"type":"LineString","coordinates":[[113.3373168,23.1210419],[113.3378603,23.1210173]]}},{"type":"Feature","id":1059717060,"properties":{"id":"1059717060","highway":"residential","name":"白马岗街","oneway":false,"lanes":null,"maxheight":null,"maxweight":null,"maxwidth":null},"geometry":{"type":"LineString","coordinates":[[113.3491434,23.1269606],[113.3489861,23.126257],[113.3488027,23.1256299]]}},{"type":"Feature","id":1059717061,"properties":{"id":"1059717061","highway":"residential","name":"员村山顶西街","oneway":false,"lanes":null,"maxheight":null,"maxweight":null,"maxwidth":null},"geometry":{"type":"LineString","coordinates":[[113.3508906,23.1266965],[113.3506786,23.1257883]]}},{"type":"Feature","id":1059717062,"properties":{"id":"1059717062","highway":"service","name":"丽阳街","oneway":false,"lanes":null,"maxheight":null,"maxweight":null,"maxwidth":null},"geometry":{"type":"LineString","coordinates":[[113.3533019,23.1360095],[113.3534104,23.1360122],[113.3544323,23.1360181],[113.3554908,23.1358866]]}},{"type":"Feature","id":1059717063,"properties":{"id":"1059717063","highway":"residential","name":null,"oneway":false,"lanes":null,"maxheight":null,"maxweight":null,"maxwidth":null},"geometry":{"type":"LineString","coordinates":[[113.3554908,23.1358866],[113.3554959,23.1359186]]}},{"type":"Feature","id":1059717064,"properties":{"id":"1059717064","highway":"service","name":null,"oneway":false,"lanes":null,"maxheight":null,"maxweight":null,"maxwidth":null},"geometry":{"type":"LineString","coordinates":[[113.3524112,23.1368667],[113.3523325,23.1359962]]}},{"type":"Feature","id":1059717065,"properties":{"id":"1059717065","highway":"residential","name":null,"oneway":false,"lanes":null,"maxheight":null,"maxweight":null,"maxwidth":null},"geometry":{"type":"LineString","coordinates":[[113.3512848,23.1273677],[113.3512707,23.1272192],[113.3512069,23.1269786]]}},{"type":"Feature","id":1059717066,"properties":{"id":"1059717066","highway":"service","name":null,"oneway":false,"lanes":null,"maxheight":null,"maxweight":null,"maxwidth":null},"geometry":{"type":"LineString","coordinates":[[113.3493998,23.132609],[113.3500039,23.1325357],[113.3503167,23.1325186],[113.3508491,23.1325873]]}},{"type":"Feature","id":1059722048,"properties":{"id":"1059722048","highway":"primary_link","name":null,"oneway":false,"lanes":null,"maxheight":null,"maxweight":null,"maxwidth":null},"geometry":{"type":"LineString","coordinates":[[113.3476938,23.1277818],[113.346882,23.1278982]]}},{"type":"Feature","id":1059722049,"properties":{"id":"1059722049","highway":"primary_link","name":null,"oneway":false,"lanes":null,"maxheight":"4.5","maxweight":null,"maxwidth":null},"geometry":{"type":"LineString","coordinates":[[113.3506812,23.1270676],[113.3501941,23.1273225],[113.3501237,23.1273558],[113.3500336,23.1273927]]}},{"type":"Feature","id":1059722050,"properties":{"id":"1059722050","highway":"primary_link","name":null,"oneway":false,"lanes":null,"maxheight":null,"maxweight":null,"maxwidth":null},"geometry":{"type":"LineString","coordinates":[[113.3468802,23.1277353],[113.346882,23.1278982],[113.3468781,23.1279592]]}},{"type":"Feature","id":1059722051,"properties":{"id":"1059722051","highway":"service","name":null,"oneway":false,"lanes":null,"maxheight":null,"maxweight":null,"maxwidth":null},"geometry":{"type":"LineString","coordinates":[[113.3500506,23.1274694],[113.350182,23.1275331],[113.3502759,23.1275503],[113.3503563,23.1275503]]}},{"type":"Feature","id":1059813503,"properties":{"id":"1059813503","highway":"service","name":null,"oneway":false,"lanes":null,"maxheight":null,"maxweight":null,"maxwidth":null},"geometry":{"type":"LineString","coordinates":[[113.3514889,23.136912],[113.3513887,23.1363933],[113.3513835,23.1363664],[113.3513728,23.136311],[113.3511744,23.1360617],[113.350175,23.1354905],[113.3498668,23.1354948]]}},{"type":"Feature","id":1062368050,"properties":{"id":"1062368050","highway":"residential","name":"翰景街","oneway":false,"lanes":null,"maxheight":null,"maxweight":null,"maxwidth":null},"geometry":{"type":"LineString","coordinates":[[113.3533342,23.1455003],[113.3538061,23.145447]]}},{"type":"Feature","id":1062368053,"properties":{"id":"1062368053","highway":"motorway_link","name":null,"oneway":true,"lanes":null,"maxheight":null,"maxweight":null,"maxwidth":null},"geometry":{"type":"LineString","coordinates":[[113.3547714,23.1486552],[113.3550957,23.1481815],[113.3552234,23.1480269],[113.3554766,23.1479595],[113.3556058,23.1478668],[113.3557485,23.1478491]]}},{"type":"Feature","id":1062368054,"properties":{"id":"1062368054","highway":"motorway_link","name":null,"oneway":true,"lanes":null,"maxheight":null,"maxweight":null,"maxwidth":null},"geometry":{"type":"LineString","coordinates":[[113.3554226,23.1483267],[113.3556377,23.1480092],[113.3557485,23.1478491]]}},{"type":"Feature","id":1063878434,"properties":{"id":"1063878434","highway":"service","name":null,"oneway":false,"lanes":null,"maxheight":null,"maxweight":null,"maxwidth":null},"geometry":{"type":"LineString","coordinates":[[113.3404315,23.1303842],[113.3414641,23.1303904]]}},{"type":"Feature","id":1063878439,"properties":{"id":"1063878439","highway":"residential","name":null,"oneway":false,"lanes":null,"maxheight":null,"maxweight":null,"maxwidth":null},"geometry":{"type":"LineString","coordinates":[[113.3430045,23.1315988],[113.343791,23.1316051],[113.3438075,23.1309148]]}},{"type":"Feature","id":1066032820,"properties":{"id":"1066032820","highway":"residential","name":null,"oneway":false,"lanes":null,"maxheight":null,"maxweight":null,"maxwidth":null},"geometry":{"type":"LineString","coordinates":[[113.3430003,23.1321716],[113.3441253,23.1321815]]}},{"type":"Feature","id":1066032828,"properties":{"id":"1066032828","highway":"residential","name":null,"oneway":false,"lanes":null,"maxheight":null,"maxweight":null,"maxwidth":null},"geometry":{"type":"LineString","coordinates":[[113.3442187,23.1365198],[113.3445547,23.1361084],[113.3447027,23.1359324]]}},{"type":"Feature","id":1066032829,"properties":{"id":"1066032829","highway":"residential","name":null,"oneway":false,"lanes":null,"maxheight":null,"maxweight":null,"maxwidth":null},"geometry":{"type":"LineString","coordinates":[[113.3441885,23.1357606],[113.3445547,23.1361084]]}},{"type":"Feature","id":1069604914,"properties":{"id":"1069604914","highway":"primary","name":"花城大道","oneway":true,"lanes":"3","maxheight":null,"maxweight":null,"maxwidth":null},"geometry":{"type":"LineString","coordinates":[[113.3226258,23.1215595],[113.3224454,23.1215668]]}},{"type":"Feature","id":1069604915,"properties":{"id":"1069604915","highway":"secondary","name":"冼村路","oneway":true,"lanes":null,"maxheight":null,"maxweight":null,"maxwidth":null},"geometry":{"type":"LineString","coordinates":[[113.3226258,23.1215595],[113.3226258,23.1217134],[113.3226193,23.1220188]]}},{"type":"Feature","id":1069604916,"properties":{"id":"1069604916","highway":"secondary","name":"冼村路","oneway":true,"lanes":null,"maxheight":null,"maxweight":null,"maxwidth":null},"geometry":{"type":"LineString","coordinates":[[113.3224495,23.121302],[113.3224509,23.1211953],[113.3224524,23.1209935],[113.3224499,23.1208443]]}},{"type":"Feature","id":1069604917,"properties":{"id":"1069604917","highway":"primary","name":"花城大道","oneway":true,"lanes":null,"maxheight":null,"maxweight":null,"maxwidth":null},"geometry":{"type":"LineString","coordinates":[[113.3224495,23.121302],[113.3226266,23.1212879]]}},{"type":"Feature","id":1069604918,"properties":{"id":"1069604918","highway":"primary","name":"花城大道","oneway":true,"lanes":null,"maxheight":null,"maxweight":null,"maxwidth":null},"geometry":{"type":"LineString","coordinates":[[113.3226266,23.1212879],[113.3230405,23.1212693]]}},{"type":"Feature","id":1072321937,"properties":{"id":"1072321937","highway":"service","name":null,"oneway":false,"lanes":null,"maxheight":null,"maxweight":null,"maxwidth":null},"geometry":{"type":"LineString","coordinates":[[113.3607048,23.1373206],[113.3602221,23.1373028]]}},{"type":"Feature","id":1072335275,"properties":{"id":"1072335275","highway":"service","name":null,"oneway":true,"lanes":null,"maxheight":null,"maxweight":null,"maxwidth":null},"geometry":{"type":"LineString","coordinates":[[113.3594457,23.135487],[113.3593948,23.1356853],[113.3593852,23.1357226],[113.359278,23.1357976],[113.3592048,23.1357921],[113.3590485,23.1357092],[113.3589552,23.1356642]]}},{"type":"Feature","id":1072335276,"properties":{"id":"1072335276","highway":"service","name":null,"oneway":false,"lanes":null,"maxheight":null,"maxweight":null,"maxwidth":null},"geometry":{"type":"LineString","coordinates":[[113.3593948,23.1356853],[113.359987,23.1355033],[113.3600903,23.135523],[113.360136,23.1361233]]}},{"type":"Feature","id":1072335277,"properties":{"id":"1072335277","highway":"service","name":null,"oneway":false,"lanes":null,"maxheight":null,"maxweight":null,"maxwidth":null},"geometry":{"type":"LineString","coordinates":[[113.359278,23.1357976],[113.3592687,23.1359701],[113.359245,23.1368023]]}},{"type":"Feature","id":1072340840,"properties":{"id":"1072340840","highway":"service","name":null,"oneway":false,"lanes":null,"maxheight":null,"maxweight":null,"maxwidth":null},"geometry":{"type":"LineString","coordinates":[[113.3535188,23.1380522],[113.3535973,23.1380613],[113.3553641,23.1382797],[113.3567431,23.1384795],[113.3567972,23.1382042]]}},{"type":"Feature","id":1072340844,"properties":{"id":"1072340844","highway":"service","name":null,"oneway":false,"lanes":null,"maxheight":null,"maxweight":null,"maxwidth":null},"geometry":{"type":"LineString","coordinates":[[113.3549836,23.1397455],[113.354993,23.1398091],[113.3549964,23.1398324],[113.3558039,23.1404186]]}},{"type":"Feature","id":1072340846,"properties":{"id":"1072340846","highway":"service","name":null,"oneway":false,"lanes":null,"maxheight":null,"maxweight":null,"maxwidth":null},"geometry":{"type":"LineString","coordinates":[[113.3544815,23.1392648],[113.3544696,23.1393622],[113.3544303,23.1397714],[113.3543879,23.1401381],[113.3543348,23.1402169],[113.3542848,23.140244],[113.3540721,23.140219],[113.3540119,23.140144],[113.3540614,23.139738],[113.3540932,23.1394774]]}},{"type":"Feature","id":1072340847,"properties":{"id":"1072340847","highway":"service","name":null,"oneway":false,"lanes":null,"maxheight":null,"maxweight":null,"maxwidth":null},"geometry":{"type":"LineString","coordinates":[[113.3540614,23.139738],[113.3544303,23.1397714]]}},{"type":"Feature","id":1072340852,"properties":{"id":"1072340852","highway":"service","name":null,"oneway":false,"lanes":null,"maxheight":null,"maxweight":null,"maxwidth":null},"geometry":{"type":"LineString","coordinates":[[113.3540395,23.1387378],[113.3540817,23.1388575]]}},{"type":"Feature","id":1072754832,"properties":{"id":"1072754832","highway":"service","name":null,"oneway":false,"lanes":null,"maxheight":null,"maxweight":null,"maxwidth":null},"geometry":{"type":"LineString","coordinates":[[113.3569942,23.1291662],[113.3572846,23.1291102],[113.357726,23.1290239],[113.3579082,23.1289883],[113.3579448,23.1289454],[113.357941,23.1289024],[113.3578948,23.1286843]]}},{"type":"Feature","id":1072754839,"properties":{"id":"1072754839","highway":"service","name":null,"oneway":false,"lanes":null,"maxheight":null,"maxweight":null,"maxwidth":null},"geometry":{"type":"LineString","coordinates":[[113.357978,23.1255848],[113.3583398,23.1265392],[113.3583156,23.1266601],[113.3581451,23.1267848],[113.3580643,23.1268311]]}},{"type":"Feature","id":1078872870,"properties":{"id":"1078872870","highway":"service","name":null,"oneway":false,"lanes":null,"maxheight":null,"maxweight":null,"maxwidth":null},"geometry":{"type":"LineString","coordinates":[[113.35584,23.1402926],[113.3561788,23.1397162]]}},{"type":"Feature","id":1078875088,"properties":{"id":"1078875088","highway":"service","name":null,"oneway":false,"lanes":null,"maxheight":null,"maxweight":null,"maxwidth":null},"geometry":{"type":"LineString","coordinates":[[113.34889,23.142069],[113.3490463,23.1422989],[113.3490558,23.1428509],[113.3489982,23.1448035]]}},{"type":"Feature","id":1089795998,"properties":{"id":"1089795998","highway":"service","name":null,"oneway":false,"lanes":null,"maxheight":null,"maxweight":null,"maxwidth":null},"geometry":{"type":"LineString","coordinates":[[113.3204482,23.1342814],[113.3203789,23.1342841],[113.3201745,23.134292],[113.3199791,23.1341986],[113.3197739,23.1340679],[113.3196208,23.1339594],[113.3195834,23.1339313],[113.3195738,23.1337014],[113.3195713,23.1336401]]}},{"type":"Feature","id":1089795999,"properties":{"id":"1089795999","highway":"service","name":null,"oneway":true,"lanes":null,"maxheight":null,"maxweight":null,"maxwidth":null},"geometry":{"type":"LineString","coordinates":[[113.320293,23.1355919],[113.3201566,23.1355819],[113.3201549,23.1354192],[113.3202856,23.1353814]]}},{"type":"Feature","id":1089796000,"properties":{"id":"1089796000","highway":"service","name":null,"oneway":false,"lanes":null,"maxheight":null,"maxweight":null,"maxwidth":null},"geometry":{"type":"LineString","coordinates":[[113.3197739,23.1340679],[113.3198508,23.1339594],[113.3199819,23.133908],[113.3201537,23.1339606],[113.3202201,23.1340847],[113.3201745,23.134292]]}},{"type":"Feature","id":1089796001,"properties":{"id":"1089796001","highway":"service","name":null,"oneway":true,"lanes":null,"maxheight":null,"maxweight":null,"maxwidth":null},"geometry":{"type":"LineString","coordinates":[[113.3202856,23.1353814],[113.320293,23.1355919]]}},{"type":"Feature","id":1089796002,"properties":{"id":"1089796002","highway":"service","name":null,"oneway":false,"lanes":null,"maxheight":null,"maxweight":null,"maxwidth":null},"geometry":{"type":"LineString","coordinates":[[113.3205016,23.1355874],[113.3204341,23.1355889],[113.320293,23.1355919]]}},{"type":"Feature","id":1089796003,"properties":{"id":"1089796003","highway":"service","name":null,"oneway":false,"lanes":null,"maxheight":null,"maxweight":null,"maxwidth":null},"geometry":{"type":"LineString","coordinates":[[113.3202856,23.1353814],[113.3202818,23.1351747]]}},{"type":"Feature","id":1092160007,"properties":{"id":"1092160007","highway":"service","name":null,"oneway":false,"lanes":null,"maxheight":null,"maxweight":null,"maxwidth":null},"geometry":{"type":"LineString","coordinates":[[113.3265734,23.1310308],[113.3279326,23.1309978],[113.3280169,23.1309958]]}},{"type":"Feature","id":1092160008,"properties":{"id":"1092160008","highway":"service","name":null,"oneway":false,"lanes":null,"maxheight":null,"maxweight":null,"maxwidth":null},"geometry":{"type":"LineString","coordinates":[[113.3266136,23.130707],[113.3278631,23.1306603],[113.3279638,23.1306565]]}},{"type":"Feature","id":1092160011,"properties":{"id":"1092160011","highway":"service","name":null,"oneway":false,"lanes":null,"maxheight":null,"maxweight":null,"maxwidth":null},"geometry":{"type":"LineString","coordinates":[[113.3241635,23.1310987],[113.3245875,23.1310902],[113.324613,23.1312807],[113.3246736,23.1313393],[113.324766,23.1313569],[113.3252569,23.1312748],[113.3253653,23.1312221],[113.3253971,23.1311253],[113.3253805,23.1307404]]}},{"type":"Feature","id":1092160012,"properties":{"id":"1092160012","highway":"residential","name":"六运五街","oneway":false,"lanes":null,"maxheight":null,"maxweight":null,"maxwidth":null},"geometry":{"type":"LineString","coordinates":[[113.324372,23.1325924],[113.3244076,23.133137],[113.3244153,23.1332559],[113.3244794,23.1342373],[113.3244817,23.1342721]]}},{"type":"Feature","id":1092160013,"properties":{"id":"1092160013","highway":"residential","name":null,"oneway":false,"lanes":null,"maxheight":null,"maxweight":null,"maxwidth":null},"geometry":{"type":"LineString","coordinates":[[113.3228765,23.1326218],[113.3229677,23.1326207],[113.3241586,23.1326065],[113.3243103,23.1326047],[113.324372,23.1325924]]}},{"type":"Feature","id":1092160019,"properties":{"id":"1092160019","highway":"service","name":null,"oneway":false,"lanes":null,"maxheight":null,"maxweight":null,"maxwidth":null},"geometry":{"type":"LineString","coordinates":[[113.3272901,23.1325373],[113.3267446,23.1325608]]}},{"type":"Feature","id":1092160021,"properties":{"id":"1092160021","highway":"service","name":null,"oneway":false,"lanes":null,"maxheight":null,"maxweight":null,"maxwidth":null},"geometry":{"type":"LineString","coordinates":[[113.3248549,23.1322636],[113.3249009,23.1329712],[113.3248426,23.1329921],[113.3247877,23.1330347],[113.3247679,23.1330867],[113.3247675,23.1331157],[113.3247755,23.1331584],[113.3248244,23.1332062],[113.3249116,23.1332217],[113.3249437,23.1337882]]}},{"type":"Feature","id":1092160022,"properties":{"id":"1092160022","highway":"service","name":null,"oneway":false,"lanes":null,"maxheight":null,"maxweight":null,"maxwidth":null},"geometry":{"type":"LineString","coordinates":[[113.3245661,23.1337952],[113.3249437,23.1337882],[113.3250035,23.1337847],[113.3250405,23.1338398],[113.3254161,23.1338206]]}},{"type":"Feature","id":1092160023,"properties":{"id":"1092160023","highway":"service","name":null,"oneway":false,"lanes":null,"maxheight":null,"maxweight":null,"maxwidth":null},"geometry":{"type":"LineString","coordinates":[[113.3254083,23.1342365],[113.3254089,23.1342017],[113.3254145,23.1339035],[113.3254161,23.1338206],[113.325414,23.1337838],[113.3253836,23.1332432],[113.3253794,23.1331682],[113.3253695,23.1330446],[113.3253339,23.1325513],[113.3262947,23.1324835]]}},{"type":"Feature","id":1092160024,"properties":{"id":"1092160024","highway":"residential","name":null,"oneway":false,"lanes":null,"maxheight":null,"maxweight":null,"maxwidth":null},"geometry":{"type":"LineString","coordinates":[[113.3254145,23.1339035],[113.3273405,23.133816],[113.3278997,23.1337911],[113.3283212,23.1337686],[113.3284261,23.133763]]}},{"type":"Feature","id":1092160027,"properties":{"id":"1092160027","highway":"service","name":null,"oneway":false,"lanes":null,"maxheight":null,"maxweight":null,"maxwidth":null},"geometry":{"type":"LineString","coordinates":[[113.3278997,23.1337911],[113.327858,23.1333468],[113.3278235,23.1329791],[113.3277856,23.1325761],[113.3277545,23.1322446]]}},{"type":"Feature","id":1092160029,"properties":{"id":"1092160029","highway":"service","name":null,"oneway":false,"lanes":null,"maxheight":null,"maxweight":null,"maxwidth":null},"geometry":{"type":"LineString","coordinates":[[113.3253836,23.1332432],[113.3273145,23.133155]]}},{"type":"Feature","id":1104440987,"properties":{"id":"1104440987","highway":"service","name":null,"oneway":false,"lanes":null,"maxheight":null,"maxweight":null,"maxwidth":null},"geometry":{"type":"LineString","coordinates":[[113.363019,23.1277801],[113.3625423,23.1277579],[113.3619206,23.1277289]]}},{"type":"Feature","id":1104440988,"properties":{"id":"1104440988","highway":"service","name":null,"oneway":false,"lanes":null,"maxheight":null,"maxweight":null,"maxwidth":null},"geometry":{"type":"LineString","coordinates":[[113.3614775,23.1278395],[113.3614663,23.1274054]]}},{"type":"Feature","id":1104440992,"properties":{"id":"1104440992","highway":"service","name":null,"oneway":false,"lanes":null,"maxheight":null,"maxweight":null,"maxwidth":null},"geometry":{"type":"LineString","coordinates":[[113.3612357,23.1266856],[113.361248,23.1271757],[113.3614663,23.1274054]]}},{"type":"Feature","id":1104445408,"properties":{"id":"1104445408","highway":"service","name":null,"oneway":false,"lanes":null,"maxheight":null,"maxweight":null,"maxwidth":null},"geometry":{"type":"LineString","coordinates":[[113.321151,23.131732],[113.3214883,23.1317202]]}},{"type":"Feature","id":1104445409,"properties":{"id":"1104445409","highway":"service","name":null,"oneway":false,"lanes":null,"maxheight":null,"maxweight":null,"maxwidth":null},"geometry":{"type":"LineString","coordinates":[[113.3214787,23.1315358],[113.3220586,23.1314989]]}},{"type":"Feature","id":1104445410,"properties":{"id":"1104445410","highway":"service","name":null,"oneway":false,"lanes":null,"maxheight":null,"maxweight":null,"maxwidth":null},"geometry":{"type":"LineString","coordinates":[[113.3220438,23.1311867],[113.3220456,23.1312242],[113.3220546,23.1314152],[113.3220586,23.1314989],[113.322219,23.1317529],[113.3222771,23.132305],[113.3222829,23.1323602]]}},{"type":"Feature","id":1104447427,"properties":{"id":"1104447427","highway":"service","name":null,"oneway":false,"lanes":null,"maxheight":null,"maxweight":null,"maxwidth":null},"geometry":{"type":"LineString","coordinates":[[113.3182132,23.1316937],[113.3182166,23.1316588],[113.318221,23.131614],[113.3182466,23.131352],[113.3182478,23.1310883]]}},{"type":"Feature","id":1104447428,"properties":{"id":"1104447428","highway":"service","name":null,"oneway":false,"lanes":null,"maxheight":null,"maxweight":null,"maxwidth":null},"geometry":{"type":"LineString","coordinates":[[113.316984,23.1319433],[113.3169837,23.1319118],[113.3169834,23.131873],[113.316977,23.1311233],[113.316966,23.1308051],[113.3169327,23.1308064],[113.3165382,23.1308216]]}},{"type":"Feature","id":1140707305,"properties":{"id":"1140707305","highway":"service","name":null,"oneway":true,"lanes":null,"maxheight":null,"maxweight":null,"maxwidth":null},"geometry":{"type":"LineString","coordinates":[[113.3199611,23.1195187],[113.3197895,23.1194337],[113.3196893,23.1194547],[113.3195904,23.119489],[113.3195289,23.1195627],[113.3195303,23.1196391],[113.3198253,23.1203346],[113.3198769,23.1204399],[113.3199701,23.1204525]]}},{"type":"Feature","id":1140707306,"properties":{"id":"1140707306","highway":"service","name":null,"oneway":false,"lanes":null,"maxheight":null,"maxweight":null,"maxwidth":null},"geometry":{"type":"LineString","coordinates":[[113.3198819,23.120049],[113.3199827,23.1200166],[113.320149,23.1199631],[113.3202528,23.119937],[113.3203449,23.1199127]]}},{"type":"Feature","id":1144276305,"properties":{"id":"1144276305","highway":"secondary_link","name":null,"oneway":true,"lanes":null,"maxheight":null,"maxweight":null,"maxwidth":null},"geometry":{"type":"LineString","coordinates":[[113.3226526,23.125078],[113.3228406,23.1254181],[113.3229153,23.1254942],[113.3229315,23.1255107],[113.3230384,23.1255672],[113.3233575,23.125631]]}},{"type":"Feature","id":1144924620,"properties":{"id":"1144924620","highway":"primary","name":"花城大道","oneway":true,"lanes":"3","maxheight":null,"maxweight":null,"maxwidth":null},"geometry":{"type":"LineString","coordinates":[[113.3291625,23.1210393],[113.3288793,23.1210568],[113.3284934,23.1210921],[113.3284299,23.1210979]]}},{"type":"Feature","id":1144924621,"properties":{"id":"1144924621","highway":"primary","name":"花城大道","oneway":true,"lanes":"3","maxheight":null,"maxweight":null,"maxwidth":null},"geometry":{"type":"LineString","coordinates":[[113.3294471,23.1210205],[113.3291625,23.1210393]]}},{"type":"Feature","id":1144924622,"properties":{"id":"1144924622","highway":"primary","name":"花城大道","oneway":true,"lanes":"3","maxheight":null,"maxweight":null,"maxwidth":null},"geometry":{"type":"LineString","coordinates":[[113.3284288,23.120816],[113.3285157,23.1208086],[113.3288674,23.1207786]]}},{"type":"Feature","id":1144924623,"properties":{"id":"1144924623","highway":"primary","name":"花城大道","oneway":true,"lanes":"3","maxheight":null,"maxweight":null,"maxwidth":null},"geometry":{"type":"LineString","coordinates":[[113.3291561,23.1207575],[113.3294254,23.1207365]]}},{"type":"Feature","id":1156195448,"properties":{"id":"1156195448","highway":"primary","name":"花城大道","oneway":true,"lanes":"3","maxheight":null,"maxweight":null,"maxwidth":null},"geometry":{"type":"LineString","coordinates":[[113.3288674,23.1207786],[113.329101,23.1207615],[113.3291561,23.1207575]]}},{"type":"Feature","id":1156429257,"properties":{"id":"1156429257","highway":"primary","name":"黄埔大道西","oneway":true,"lanes":null,"maxheight":null,"maxweight":null,"maxwidth":null},"geometry":{"type":"LineString","coordinates":[[113.3157656,23.130413],[113.3156867,23.1304185],[113.3152086,23.130448]]}},{"type":"Feature","id":1156527048,"properties":{"id":"1156527048","highway":"trunk","name":"天寿路","oneway":true,"lanes":null,"maxheight":null,"maxweight":null,"maxwidth":null},"geometry":{"type":"LineString","coordinates":[[113.3269614,23.146429],[113.3269481,23.1466132],[113.3269425,23.1467455],[113.3269471,23.1468858],[113.3269523,23.1470366],[113.3269719,23.1472221]]}},{"type":"Feature","id":1156527049,"properties":{"id":"1156527049","highway":"trunk","name":"天寿路","oneway":true,"lanes":null,"maxheight":null,"maxweight":null,"maxwidth":null},"geometry":{"type":"LineString","coordinates":[[113.3268075,23.1472689],[113.3268093,23.1470944],[113.3268302,23.1465918],[113.3268483,23.1464209]]}},{"type":"Feature","id":1156527050,"properties":{"id":"1156527050","highway":"trunk","name":"天河东路","oneway":true,"lanes":null,"maxheight":null,"maxweight":null,"maxwidth":null},"geometry":{"type":"LineString","coordinates":[[113.3275956,23.142196],[113.3276148,23.1418863]]}},{"type":"Feature","id":1156527051,"properties":{"id":"1156527051","highway":"trunk","name":"天河东路","oneway":true,"lanes":null,"maxheight":null,"maxweight":null,"maxwidth":null},"geometry":{"type":"LineString","coordinates":[[113.3277897,23.1418948],[113.3277142,23.1422118]]}},{"type":"Feature","id":1156894292,"properties":{"id":"1156894292","highway":"primary","name":"花城大道","oneway":true,"lanes":"3","maxheight":null,"maxweight":null,"maxwidth":null},"geometry":{"type":"LineString","coordinates":[[113.3380167,23.1202462],[113.3378426,23.120257]]}},{"type":"Feature","id":1156894293,"properties":{"id":"1156894293","highway":"secondary","name":"马场路","oneway":true,"lanes":null,"maxheight":null,"maxweight":null,"maxwidth":null},"geometry":{"type":"LineString","coordinates":[[113.3378426,23.120257],[113.3378356,23.1199814]]}},{"type":"Feature","id":1156894294,"properties":{"id":"1156894294","highway":"primary","name":"花城大道","oneway":true,"lanes":"3","maxheight":null,"maxweight":null,"maxwidth":null},"geometry":{"type":"LineString","coordinates":[[113.3378356,23.1199814],[113.3380097,23.1199717]]}},{"type":"Feature","id":1156931311,"properties":{"id":"1156931311","highway":"primary","name":"花城大道","oneway":true,"lanes":null,"maxheight":null,"maxweight":null,"maxwidth":null},"geometry":{"type":"LineString","coordinates":[[113.3458696,23.1198415],[113.3454658,23.1198349],[113.3448872,23.119811],[113.3444513,23.1198078],[113.3440185,23.1198132],[113.3436155,23.1198337],[113.3432986,23.1198561],[113.3429075,23.1198905]]}},{"type":"Feature","id":1156931312,"properties":{"id":"1156931312","highway":"tertiary","name":"花城大道","oneway":true,"lanes":"3","maxheight":null,"maxweight":null,"maxwidth":null},"geometry":{"type":"LineString","coordinates":[[113.3428192,23.1196778],[113.3431974,23.1196677],[113.3436027,23.1196458]]}},{"type":"Feature","id":1156931313,"properties":{"id":"1156931313","highway":"tertiary","name":"花城大道","oneway":true,"lanes":"3","maxheight":null,"maxweight":null,"maxwidth":null},"geometry":{"type":"LineString","coordinates":[[113.3436049,23.1197454],[113.3434773,23.1197535],[113.3431748,23.1197958],[113.3429075,23.1198905]]}},{"type":"Feature","id":1156931314,"properties":{"id":"1156931314","highway":"tertiary","name":"花城大道","oneway":true,"lanes":null,"maxheight":null,"maxweight":null,"maxwidth":null},"geometry":{"type":"LineString","coordinates":[[113.3506033,23.1196619],[113.350448,23.1196325],[113.350327,23.1196395],[113.350093,23.1196651],[113.3496852,23.1197079]]}},{"type":"Feature","id":1156931315,"properties":{"id":"1156931315","highway":"tertiary","name":"花城大道","oneway":true,"lanes":null,"maxheight":null,"maxweight":null,"maxwidth":null},"geometry":{"type":"LineString","coordinates":[[113.3496762,23.1196232],[113.3498402,23.1196104],[113.3500155,23.1195883],[113.3503042,23.1195502],[113.3504569,23.1195268],[113.3505428,23.1194947],[113.3505717,23.1194501]]}},{"type":"Feature","id":1156931316,"properties":{"id":"1156931316","highway":"tertiary","name":"员村一横路","oneway":true,"lanes":null,"maxheight":null,"maxweight":null,"maxwidth":null},"geometry":{"type":"LineString","coordinates":[[113.3471778,23.1198606],[113.3472129,23.120419]]}},{"type":"Feature","id":1156931317,"properties":{"id":"1156931317","highway":"tertiary","name":"员村一横路","oneway":true,"lanes":null,"maxheight":null,"maxweight":null,"maxwidth":null},"geometry":{"type":"LineString","coordinates":[[113.3472129,23.120419],[113.3472322,23.120656]]}},{"type":"Feature","id":1156931318,"properties":{"id":"1156931318","highway":"tertiary","name":"花城大道","oneway":true,"lanes":null,"maxheight":null,"maxweight":null,"maxwidth":null},"geometry":{"type":"LineString","coordinates":[[113.3473126,23.1195607],[113.3475847,23.1195684],[113.3479114,23.1195811],[113.3483722,23.1195895],[113.3487104,23.1195932],[113.3490763,23.1195825],[113.3494227,23.1195644],[113.3496632,23.1195411],[113.3499188,23.1195195],[113.3503839,23.1194721],[113.3505717,23.1194501],[113.3508838,23.1194168],[113.351129,23.1193831]]}},{"type":"Feature","id":1156931319,"properties":{"id":"1156931319","highway":"primary","name":"花城大道","oneway":true,"lanes":null,"maxheight":null,"maxweight":null,"maxwidth":null},"geometry":{"type":"LineString","coordinates":[[113.3457796,23.1195532],[113.3460649,23.1195475]]}},{"type":"Feature","id":1156931320,"properties":{"id":"1156931320","highway":"primary","name":"花城大道","oneway":true,"lanes":"3","maxheight":null,"maxweight":null,"maxwidth":null},"geometry":{"type":"LineString","coordinates":[[113.3423126,23.1199429],[113.3420412,23.1199668]]}},{"type":"Feature","id":1156931321,"properties":{"id":"1156931321","highway":"primary","name":"花城大道","oneway":true,"lanes":"3","maxheight":null,"maxweight":null,"maxwidth":null},"geometry":{"type":"LineString","coordinates":[[113.3423873,23.1199363],[113.3423126,23.1199429]]}},{"type":"Feature","id":1156931322,"properties":{"id":"1156931322","highway":"tertiary","name":"平江路","oneway":true,"lanes":null,"maxheight":null,"maxweight":null,"maxwidth":null},"geometry":{"type":"LineString","coordinates":[[113.3423126,23.1199429],[113.3422941,23.1198409],[113.342274,23.1197228]]}},{"type":"Feature","id":1156931323,"properties":{"id":"1156931323","highway":"primary","name":"花城大道","oneway":true,"lanes":"3","maxheight":null,"maxweight":null,"maxwidth":null},"geometry":{"type":"LineString","coordinates":[[113.342274,23.1197228],[113.3423459,23.1197169]]}},{"type":"Feature","id":1156931324,"properties":{"id":"1156931324","highway":"tertiary","name":"谭村路","oneway":true,"lanes":null,"maxheight":null,"maxweight":null,"maxwidth":null},"geometry":{"type":"LineString","coordinates":[[113.3424473,23.1201926],[113.3425959,23.1207365],[113.3429103,23.1218944],[113.3429458,23.1220258],[113.342967,23.1221045],[113.3431887,23.1229297],[113.3432834,23.1232731],[113.3434405,23.1238606],[113.3435991,23.1244442],[113.3441319,23.1264043],[113.344364,23.1272862],[113.344477,23.1277248]]}},{"type":"Feature","id":1156990810,"properties":{"id":"1156990810","highway":"motorway_link","name":null,"oneway":true,"lanes":null,"maxheight":null,"maxweight":null,"maxwidth":null},"geometry":{"type":"LineString","coordinates":[[113.3459842,23.1191157],[113.3459665,23.1190214],[113.3459492,23.1189288]]}},{"type":"Feature","id":1157219818,"properties":{"id":"1157219818","highway":"service","name":null,"oneway":false,"lanes":null,"maxheight":null,"maxweight":null,"maxwidth":null},"geometry":{"type":"LineString","coordinates":[[113.3307934,23.1206241],[113.3307977,23.1205063],[113.3308352,23.1194698]]}},{"type":"Feature","id":1157435889,"properties":{"id":"1157435889","highway":"service","name":null,"oneway":false,"lanes":null,"maxheight":null,"maxweight":null,"maxwidth":null},"geometry":{"type":"LineString","coordinates":[[113.3606348,23.1346456],[113.360596,23.1345592],[113.3605861,23.134535],[113.3605743,23.1345031],[113.3605508,23.1344434]]}},{"type":"Feature","id":1157589658,"properties":{"id":"1157589658","highway":"tertiary","name":"平江路","oneway":true,"lanes":null,"maxheight":null,"maxweight":null,"maxwidth":null},"geometry":{"type":"LineString","coordinates":[[113.3418603,23.1138782],[113.3418702,23.1139663],[113.3418927,23.1142531],[113.3419992,23.1155383],[113.3420615,23.1162427],[113.3420877,23.1165942],[113.3421099,23.1168764],[113.3422073,23.1181088],[113.3422522,23.1187663],[113.3422741,23.1190279],[113.3423096,23.1194262],[113.3423137,23.1194718],[113.342329,23.1196071],[113.3423459,23.1197169]]}},{"type":"Feature","id":1157862092,"properties":{"id":"1157862092","highway":"primary","name":"花城大道","oneway":true,"lanes":null,"maxheight":null,"maxweight":null,"maxwidth":null},"geometry":{"type":"LineString","coordinates":[[113.312526,23.1223931],[113.3117401,23.1224353],[113.3112929,23.1224593],[113.3108065,23.1224855]]}},{"type":"Feature","id":1159216735,"properties":{"id":"1159216735","highway":"service","name":null,"oneway":false,"lanes":null,"maxheight":null,"maxweight":null,"maxwidth":null},"geometry":{"type":"LineString","coordinates":[[113.356145,23.1364812],[113.3561858,23.1366978],[113.3562162,23.1368593]]}},{"type":"Feature","id":1159334517,"properties":{"id":"1159334517","highway":"service","name":null,"oneway":false,"lanes":null,"maxheight":null,"maxweight":null,"maxwidth":null},"geometry":{"type":"LineString","coordinates":[[113.3536097,23.1478483],[113.3534912,23.1478904],[113.352776,23.1480122]]}},{"type":"Feature","id":1163428790,"properties":{"id":"1163428790","highway":"residential","name":"六运一街","oneway":false,"lanes":null,"maxheight":null,"maxweight":null,"maxwidth":null},"geometry":{"type":"LineString","coordinates":[[113.3162132,23.1331981],[113.3162576,23.133196],[113.3163241,23.133193],[113.316417,23.1331887],[113.3167963,23.1331648]]}},{"type":"Feature","id":1172178688,"properties":{"id":"1172178688","highway":"residential","name":"六运四街","oneway":false,"lanes":null,"maxheight":null,"maxweight":null,"maxwidth":null},"geometry":{"type":"LineString","coordinates":[[113.3229175,23.1333223],[113.3229998,23.1333187],[113.3244153,23.1332559]]}},{"type":"Feature","id":1172178689,"properties":{"id":"1172178689","highway":"service","name":null,"oneway":false,"lanes":null,"maxheight":null,"maxweight":null,"maxwidth":null},"geometry":{"type":"LineString","coordinates":[[113.3244076,23.133137],[113.3247675,23.1331157]]}},{"type":"Feature","id":1172178690,"properties":{"id":"1172178690","highway":"service","name":null,"oneway":false,"lanes":null,"maxheight":null,"maxweight":null,"maxwidth":null},"geometry":{"type":"LineString","coordinates":[[113.3253695,23.1330446],[113.3250713,23.1330728],[113.3250582,23.1330326],[113.3250188,23.1329891],[113.3249532,23.1329682],[113.3249009,23.1329712]]}},{"type":"Feature","id":1172178692,"properties":{"id":"1172178692","highway":"service","name":null,"oneway":false,"lanes":null,"maxheight":null,"maxweight":null,"maxwidth":null},"geometry":{"type":"LineString","coordinates":[[113.3266969,23.1319931],[113.326697,23.132362]]}},{"type":"Feature","id":1172188468,"properties":{"id":"1172188468","highway":"secondary_link","name":null,"oneway":true,"lanes":null,"maxheight":null,"maxweight":null,"maxwidth":null},"geometry":{"type":"LineString","coordinates":[[113.3224953,23.1262633],[113.3223915,23.1261469],[113.3223306,23.1260808],[113.3222969,23.1260562],[113.3221869,23.125976],[113.3220597,23.1259512]]}},{"type":"Feature","id":1172199230,"properties":{"id":"1172199230","highway":"service","name":null,"oneway":false,"lanes":null,"maxheight":null,"maxweight":null,"maxwidth":null},"geometry":{"type":"LineString","coordinates":[[113.3240135,23.1234682],[113.3240113,23.1233989],[113.3239962,23.1229225],[113.3239919,23.1227867],[113.3233972,23.1228265],[113.3233169,23.1228118],[113.3232685,23.1227744],[113.323242,23.1226895],[113.3232437,23.1225023],[113.3232453,23.1223302],[113.323274,23.1222446],[113.3233623,23.1221809],[113.323453,23.122159],[113.3239453,23.1221317],[113.324365,23.1221085],[113.3244698,23.1221223],[113.3245455,23.1221648],[113.3245778,23.122226],[113.3245827,23.1223977],[113.3245894,23.1226332],[113.3245679,23.1226832],[113.3245232,23.1227314],[113.3244159,23.1227583],[113.3239919,23.1227867]]}},{"type":"Feature","id":1172199231,"properties":{"id":"1172199231","highway":"service","name":null,"oneway":false,"lanes":null,"maxheight":null,"maxweight":null,"maxwidth":null},"geometry":{"type":"LineString","coordinates":[[113.3226285,23.1225387],[113.3226835,23.1225354],[113.3232437,23.1225023]]}},{"type":"Feature","id":1172199232,"properties":{"id":"1172199232","highway":"service","name":null,"oneway":false,"lanes":null,"maxheight":null,"maxweight":null,"maxwidth":null},"geometry":{"type":"LineString","coordinates":[[113.3239174,23.1214924],[113.3239215,23.1215855],[113.3239453,23.1221317]]}},{"type":"Feature","id":1172199233,"properties":{"id":"1172199233","highway":"service","name":null,"oneway":false,"lanes":null,"maxheight":null,"maxweight":null,"maxwidth":null},"geometry":{"type":"LineString","coordinates":[[113.3253195,23.1223369],[113.3252288,23.1223444],[113.3245827,23.1223977]]}},{"type":"Feature","id":1172199234,"properties":{"id":"1172199234","highway":"service","name":null,"oneway":false,"lanes":null,"maxheight":null,"maxweight":null,"maxwidth":null},"geometry":{"type":"LineString","coordinates":[[113.3239962,23.1229225],[113.3238908,23.1229271]]}},{"type":"Feature","id":1172199237,"properties":{"id":"1172199237","highway":"tertiary","name":"兴国路","oneway":false,"lanes":null,"maxheight":null,"maxweight":null,"maxwidth":null},"geometry":{"type":"LineString","coordinates":[[113.3252646,23.1195145],[113.3252702,23.1196692],[113.325286,23.1201036],[113.3253133,23.1208576],[113.325319,23.1210137],[113.3253214,23.1210813]]}},{"type":"Feature","id":1174315794,"properties":{"id":"1174315794","highway":"primary","name":"黄埔大道西","oneway":true,"lanes":null,"maxheight":null,"maxweight":null,"maxwidth":null},"geometry":{"type":"LineString","coordinates":[[113.334147,23.1289296],[113.3347717,23.1289157],[113.3349608,23.1289094],[113.3355506,23.1288769]]}},{"type":"Feature","id":1174315795,"properties":{"id":"1174315795","highway":"primary","name":"黄埔大道西","oneway":true,"lanes":null,"maxheight":null,"maxweight":null,"maxwidth":null},"geometry":{"type":"LineString","coordinates":[[113.335561,23.1289995],[113.335338,23.1290152],[113.3351449,23.1290314],[113.3349546,23.1290529],[113.3341756,23.1291464]]}},{"type":"Feature","id":1174315796,"properties":{"id":"1174315796","highway":"primary","name":"黄埔大道西","oneway":true,"lanes":null,"maxheight":null,"maxweight":null,"maxwidth":null},"geometry":{"type":"LineString","coordinates":[[113.34152,23.1286075],[113.3411643,23.1286179],[113.340863,23.1286321],[113.3401606,23.128674]]}},{"type":"Feature","id":1174315797,"properties":{"id":"1174315797","highway":"primary","name":"黄埔大道西","oneway":true,"lanes":null,"maxheight":null,"maxweight":null,"maxwidth":null},"geometry":{"type":"LineString","coordinates":[[113.3386288,23.1286645],[113.3401542,23.1285582]]}},{"type":"Feature","id":1175048399,"properties":{"id":"1175048399","highway":"service","name":null,"oneway":true,"lanes":null,"maxheight":null,"maxweight":null,"maxwidth":null},"geometry":{"type":"LineString","coordinates":[[113.3284501,23.1371228],[113.3283442,23.1370311],[113.3283338,23.1370221],[113.3283177,23.1370036],[113.3283124,23.1369777],[113.3283553,23.1367273],[113.32837,23.1367027],[113.3283888,23.1366854],[113.3284194,23.1366697],[113.3285453,23.1366052]]}},{"type":"Feature","id":1175887702,"properties":{"id":"1175887702","highway":"service","name":null,"oneway":false,"lanes":null,"maxheight":null,"maxweight":null,"maxwidth":null},"geometry":{"type":"LineString","coordinates":[[113.3341817,23.1470599],[113.3341817,23.1466043],[113.3341521,23.1464912],[113.3340295,23.1460232]]}},{"type":"Feature","id":1175887703,"properties":{"id":"1175887703","highway":"service","name":null,"oneway":false,"lanes":null,"maxheight":null,"maxweight":null,"maxwidth":null},"geometry":{"type":"LineString","coordinates":[[113.3341817,23.1466043],[113.3349692,23.1466157]]}},{"type":"Feature","id":1175887704,"properties":{"id":"1175887704","highway":"living_street","name":null,"oneway":false,"lanes":null,"maxheight":null,"maxweight":null,"maxwidth":null},"geometry":{"type":"LineString","coordinates":[[113.3349692,23.1466157],[113.3351648,23.1466179]]}},{"type":"Feature","id":1175887708,"properties":{"id":"1175887708","highway":"service","name":"穗园东街","oneway":false,"lanes":"2","maxheight":null,"maxweight":null,"maxwidth":null},"geometry":{"type":"LineString","coordinates":[[113.3344665,23.1480782],[113.3342388,23.1480782],[113.3342107,23.1478972],[113.3341661,23.1476104],[113.3340884,23.1471113]]}},{"type":"Feature","id":1175887712,"properties":{"id":"1175887712","highway":"service","name":"穗园西街","oneway":false,"lanes":null,"maxheight":null,"maxweight":null,"maxwidth":null},"geometry":{"type":"LineString","coordinates":[[113.3319642,23.1477319],[113.3319618,23.1476093],[113.3319525,23.1471164]]}},{"type":"Feature","id":1175887716,"properties":{"id":"1175887716","highway":"service","name":null,"oneway":false,"lanes":null,"maxheight":null,"maxweight":null,"maxwidth":null},"geometry":{"type":"LineString","coordinates":[[113.3334373,23.1478368],[113.3337612,23.1477362],[113.3341661,23.1476104]]}},{"type":"Feature","id":1175887719,"properties":{"id":"1175887719","highway":"service","name":null,"oneway":false,"lanes":null,"maxheight":null,"maxweight":null,"maxwidth":null},"geometry":{"type":"LineString","coordinates":[[113.3327917,23.1476029],[113.3328412,23.1475744],[113.3328886,23.1475471],[113.332916,23.1474848],[113.3329154,23.1474096],[113.3330551,23.1473656],[113.33319,23.1472485],[113.3332778,23.1471046]]}},{"type":"Feature","id":1175887720,"properties":{"id":"1175887720","highway":"service","name":null,"oneway":false,"lanes":null,"maxheight":null,"maxweight":null,"maxwidth":null},"geometry":{"type":"LineString","coordinates":[[113.3329154,23.1474096],[113.3328104,23.1473888],[113.3326691,23.1472517],[113.3326166,23.1471103]]}},{"type":"Feature","id":1175887722,"properties":{"id":"1175887722","highway":"service","name":null,"oneway":false,"lanes":null,"maxheight":null,"maxweight":null,"maxwidth":null},"geometry":{"type":"LineString","coordinates":[[113.3322407,23.1471138],[113.3322523,23.1467892]]}},{"type":"Feature","id":1175887723,"properties":{"id":"1175887723","highway":"service","name":null,"oneway":false,"lanes":null,"maxheight":null,"maxweight":null,"maxwidth":null},"geometry":{"type":"LineString","coordinates":[[113.3316079,23.1471197],[113.3316149,23.1467913]]}},{"type":"Feature","id":1175887724,"properties":{"id":"1175887724","highway":"service","name":null,"oneway":false,"lanes":null,"maxheight":null,"maxweight":null,"maxwidth":null},"geometry":{"type":"LineString","coordinates":[[113.3333214,23.147085],[113.3333323,23.1465004],[113.3341521,23.1464912]]}},{"type":"Feature","id":1175887728,"properties":{"id":"1175887728","highway":"service","name":null,"oneway":false,"lanes":null,"maxheight":null,"maxweight":null,"maxwidth":null},"geometry":{"type":"LineString","coordinates":[[113.3361117,23.1447196],[113.336009,23.1458203]]}},{"type":"Feature","id":1176319796,"properties":{"id":"1176319796","highway":"tertiary","name":"天阳路","oneway":true,"lanes":null,"maxheight":null,"maxweight":null,"maxwidth":null},"geometry":{"type":"LineString","coordinates":[[113.3341817,23.1470599],[113.3342585,23.1470597],[113.334629,23.1470588],[113.3350455,23.1470511],[113.3352196,23.1470803]]}},{"type":"Feature","id":1182179992,"properties":{"id":"1182179992","highway":"living_street","name":null,"oneway":false,"lanes":null,"maxheight":null,"maxweight":null,"maxwidth":null},"geometry":{"type":"LineString","coordinates":[[113.3276734,23.1480483],[113.3275982,23.1478445]]}},{"type":"Feature","id":1184654978,"properties":{"id":"1184654978","highway":"living_street","name":null,"oneway":false,"lanes":null,"maxheight":null,"maxweight":null,"maxwidth":null},"geometry":{"type":"LineString","coordinates":[[113.328269,23.1460688],[113.3282125,23.1464006],[113.3282019,23.1466121],[113.328301,23.1469343],[113.328501,23.1473264],[113.32857,23.1476177],[113.3286149,23.1479822],[113.3286231,23.1480489],[113.3286514,23.1481546],[113.328708,23.1482132],[113.3288761,23.1482523]]}},{"type":"Feature","id":1188099020,"properties":{"id":"1188099020","highway":"residential","name":"平逸街","oneway":false,"lanes":null,"maxheight":null,"maxweight":null,"maxwidth":null},"geometry":{"type":"LineString","coordinates":[[113.3407247,23.1198172],[113.3406617,23.1188427],[113.3403797,23.1184493],[113.3400955,23.1181216]]}},{"type":"Feature","id":1189781484,"properties":{"id":"1189781484","highway":"service","name":null,"oneway":false,"lanes":null,"maxheight":null,"maxweight":null,"maxwidth":null},"geometry":{"type":"LineString","coordinates":[[113.3596698,23.1435822],[113.3597718,23.1442775]]}},{"type":"Feature","id":1190308467,"properties":{"id":"1190308467","highway":"service","name":null,"oneway":false,"lanes":null,"maxheight":null,"maxweight":null,"maxwidth":null},"geometry":{"type":"LineString","coordinates":[[113.3567431,23.1384795],[113.357404,23.1385876],[113.3574613,23.13857],[113.3574805,23.138454],[113.3574613,23.1384083]]}},{"type":"Feature","id":1190961034,"properties":{"id":"1190961034","highway":"service","name":null,"oneway":false,"lanes":null,"maxheight":null,"maxweight":null,"maxwidth":null},"geometry":{"type":"LineString","coordinates":[[113.3436513,23.1462764],[113.3436926,23.1465286]]}},{"type":"Feature","id":1190961035,"properties":{"id":"1190961035","highway":"residential","name":"天华街","oneway":false,"lanes":null,"maxheight":null,"maxweight":null,"maxwidth":null},"geometry":{"type":"LineString","coordinates":[[113.3458208,23.1466245],[113.3458178,23.1465423],[113.3458155,23.1464997],[113.3457711,23.1461042],[113.3451454,23.146155],[113.3436513,23.1462764]]}},{"type":"Feature","id":1190961036,"properties":{"id":"1190961036","highway":"service","name":null,"oneway":false,"lanes":null,"maxheight":null,"maxweight":null,"maxwidth":null},"geometry":{"type":"LineString","coordinates":[[113.3436513,23.1462764],[113.343611,23.1462416],[113.3433946,23.1449187]]}},{"type":"Feature","id":1191271097,"properties":{"id":"1191271097","highway":"service","name":null,"oneway":false,"lanes":null,"maxheight":null,"maxweight":null,"maxwidth":null},"geometry":{"type":"LineString","coordinates":[[113.3451454,23.146155],[113.3451005,23.1454846]]}},{"type":"Feature","id":1191271103,"properties":{"id":"1191271103","highway":"service","name":null,"oneway":true,"lanes":null,"maxheight":null,"maxweight":null,"maxwidth":null},"geometry":{"type":"LineString","coordinates":[[113.3370642,23.1466563],[113.3370854,23.1467312],[113.3371331,23.1469004],[113.3372736,23.1473983],[113.3367814,23.1475374],[113.3368113,23.1476667],[113.3363929,23.1478041],[113.3363454,23.1477782],[113.3362699,23.1477701],[113.3360854,23.1471464],[113.336031,23.1469626],[113.3360175,23.146917]]}},{"type":"Feature","id":1191271109,"properties":{"id":"1191271109","highway":"service","name":null,"oneway":false,"lanes":null,"maxheight":null,"maxweight":null,"maxwidth":null},"geometry":{"type":"LineString","coordinates":[[113.3371331,23.1469004],[113.3360854,23.1471464]]}},{"type":"Feature","id":1191273587,"properties":{"id":"1191273587","highway":"service","name":null,"oneway":false,"lanes":null,"maxheight":null,"maxweight":null,"maxwidth":null},"geometry":{"type":"LineString","coordinates":[[113.3399251,23.1430133],[113.3397254,23.1431435],[113.339673,23.1430845]]}},{"type":"Feature","id":1191280216,"properties":{"id":"1191280216","highway":"unclassified","name":null,"oneway":false,"lanes":null,"maxheight":null,"maxweight":null,"maxwidth":null},"geometry":{"type":"LineString","coordinates":[[113.3623076,23.1414197],[113.3618246,23.1412143],[113.361583,23.1409991],[113.3615193,23.1409875]]}},{"type":"Feature","id":1191280218,"properties":{"id":"1191280218","highway":"service","name":null,"oneway":false,"lanes":null,"maxheight":null,"maxweight":null,"maxwidth":null},"geometry":{"type":"LineString","coordinates":[[113.3615548,23.1402645],[113.3617795,23.1402994],[113.3624727,23.1401498],[113.362524,23.1400207],[113.3628382,23.1401334]]}},{"type":"Feature","id":1193132354,"properties":{"id":"1193132354","highway":"service","name":null,"oneway":false,"lanes":null,"maxheight":null,"maxweight":null,"maxwidth":null},"geometry":{"type":"LineString","coordinates":[[113.3616131,23.1374253],[113.3621576,23.1375058]]}},{"type":"Feature","id":1195650317,"properties":{"id":"1195650317","highway":"service","name":null,"oneway":false,"lanes":null,"maxheight":null,"maxweight":null,"maxwidth":null},"geometry":{"type":"LineString","coordinates":[[113.3575282,23.1378228],[113.3574582,23.1380312],[113.3573962,23.138103],[113.3573227,23.138139],[113.3572652,23.1381369],[113.3568033,23.1380375],[113.3567597,23.137991],[113.3568447,23.137598]]}},{"type":"Feature","id":1195650318,"properties":{"id":"1195650318","highway":"service","name":null,"oneway":false,"lanes":null,"maxheight":null,"maxweight":null,"maxwidth":null},"geometry":{"type":"LineString","coordinates":[[113.3580405,23.1395712],[113.3583814,23.1400024],[113.3584399,23.1401475],[113.358999,23.1402192],[113.3589515,23.1406624],[113.3589319,23.1408955]]}},{"type":"Feature","id":1219767008,"properties":{"id":"1219767008","highway":"service","name":null,"oneway":false,"lanes":null,"maxheight":null,"maxweight":null,"maxwidth":null},"geometry":{"type":"LineString","coordinates":[[113.3399984,23.1376365],[113.3402648,23.1376324],[113.3405659,23.1376278]]}},{"type":"Feature","id":1221344172,"properties":{"id":"1221344172","highway":"service","name":null,"oneway":false,"lanes":null,"maxheight":null,"maxweight":null,"maxwidth":null},"geometry":{"type":"LineString","coordinates":[[113.3435668,23.141557],[113.3435783,23.140889],[113.3435916,23.1401198]]}},{"type":"Feature","id":1221344173,"properties":{"id":"1221344173","highway":"service","name":null,"oneway":false,"lanes":null,"maxheight":null,"maxweight":null,"maxwidth":null},"geometry":{"type":"LineString","coordinates":[[113.3414546,23.1415512],[113.3414556,23.1421381],[113.3414565,23.142672]]}},{"type":"Feature","id":1221344174,"properties":{"id":"1221344174","highway":"service","name":null,"oneway":false,"lanes":null,"maxheight":null,"maxweight":null,"maxwidth":null},"geometry":{"type":"LineString","coordinates":[[113.3420151,23.1415527],[113.342015,23.1421369]]}},{"type":"Feature","id":1234289640,"properties":{"id":"1234289640","highway":"service","name":null,"oneway":false,"lanes":null,"maxheight":null,"maxweight":null,"maxwidth":null},"geometry":{"type":"LineString","coordinates":[[113.3355689,23.1291052],[113.3355807,23.1292116],[113.3356998,23.1302901],[113.3356307,23.1303865]]}},{"type":"Feature","id":1239434828,"properties":{"id":"1239434828","highway":"service","name":null,"oneway":false,"lanes":null,"maxheight":null,"maxweight":null,"maxwidth":null},"geometry":{"type":"LineString","coordinates":[[113.3534817,23.1297449],[113.3528737,23.1297383],[113.3528201,23.1297377],[113.3525212,23.1297345]]}},{"type":"Feature","id":1239434829,"properties":{"id":"1239434829","highway":"service","name":null,"oneway":false,"lanes":null,"maxheight":null,"maxweight":null,"maxwidth":null},"geometry":{"type":"LineString","coordinates":[[113.3534817,23.1297449],[113.353494,23.1297585],[113.353482,23.129967],[113.3534614,23.1299869],[113.3528366,23.1300046],[113.3528235,23.129988],[113.3528201,23.1297377]]}},{"type":"Feature","id":1263370229,"properties":{"id":"1263370229","highway":"unclassified","name":null,"oneway":true,"lanes":null,"maxheight":null,"maxweight":null,"maxwidth":null},"geometry":{"type":"LineString","coordinates":[[113.3500328,23.1376971],[113.349948,23.1376404],[113.349908,23.1376022],[113.3498695,23.1375625],[113.3498294,23.1375044],[113.3498109,23.137452],[113.3498017,23.1373996],[113.3498002,23.1373288],[113.3498079,23.1372678],[113.3498365,23.1371716],[113.3498815,23.1370939]]}},{"type":"Feature","id":1263370230,"properties":{"id":"1263370230","highway":"residential","name":null,"oneway":false,"lanes":null,"maxheight":null,"maxweight":null,"maxwidth":null},"geometry":{"type":"LineString","coordinates":[[113.3554908,23.1358866],[113.355709,23.1357069],[113.3556834,23.1346402],[113.3552992,23.1345536],[113.3552554,23.1340643],[113.3552225,23.1339621]]}},{"type":"Feature","id":1263403125,"properties":{"id":"1263403125","highway":"service","name":null,"oneway":false,"lanes":null,"maxheight":null,"maxweight":null,"maxwidth":null},"geometry":{"type":"LineString","coordinates":[[113.3570906,23.1331502],[113.3569275,23.1331475]]}},{"type":"Feature","id":1263403126,"properties":{"id":"1263403126","highway":"residential","name":null,"oneway":false,"lanes":null,"maxheight":null,"maxweight":null,"maxwidth":null},"geometry":{"type":"LineString","coordinates":[[113.3552084,23.1326811],[113.3553149,23.1326817],[113.3554357,23.1326824]]}},{"type":"Feature","id":1263403127,"properties":{"id":"1263403127","highway":"residential","name":null,"oneway":false,"lanes":null,"maxheight":null,"maxweight":null,"maxwidth":null},"geometry":{"type":"LineString","coordinates":[[113.3571308,23.1328077],[113.3569178,23.1328026]]}},{"type":"Feature","id":1263403128,"properties":{"id":"1263403128","highway":"service","name":null,"oneway":false,"lanes":null,"maxheight":null,"maxweight":null,"maxwidth":null},"geometry":{"type":"LineString","coordinates":[[113.3572328,23.1307994],[113.3570853,23.1308376]]}},{"type":"Feature","id":1263403129,"properties":{"id":"1263403129","highway":"service","name":null,"oneway":false,"lanes":null,"maxheight":null,"maxweight":null,"maxwidth":null},"geometry":{"type":"LineString","coordinates":[[113.3539409,23.1313977],[113.3539375,23.1322873],[113.3536714,23.132308]]}},{"type":"Feature","id":1263403131,"properties":{"id":"1263403131","highway":"service","name":null,"oneway":false,"lanes":null,"maxheight":null,"maxweight":null,"maxwidth":null},"geometry":{"type":"LineString","coordinates":[[113.3560639,23.1313944],[113.356067,23.1316629]]}},{"type":"Feature","id":1263409787,"properties":{"id":"1263409787","highway":"service","name":null,"oneway":false,"lanes":null,"maxheight":null,"maxweight":null,"maxwidth":null},"geometry":{"type":"LineString","coordinates":[[113.3555193,23.1360679],[113.3554518,23.1360784]]}},{"type":"Feature","id":1263409789,"properties":{"id":"1263409789","highway":"service","name":null,"oneway":true,"lanes":null,"maxheight":null,"maxweight":null,"maxwidth":null},"geometry":{"type":"LineString","coordinates":[[113.3555027,23.1359575],[113.3556461,23.1359302],[113.3558564,23.1358799],[113.3558585,23.1357082],[113.356416,23.1356979],[113.3564847,23.1351405]]}},{"type":"Feature","id":1263409791,"properties":{"id":"1263409791","highway":"service","name":null,"oneway":true,"lanes":null,"maxheight":null,"maxweight":null,"maxwidth":null},"geometry":{"type":"LineString","coordinates":[[113.3564847,23.1351405],[113.35649,23.1350716]]}},{"type":"Feature","id":1263473090,"properties":{"id":"1263473090","highway":"service","name":null,"oneway":false,"lanes":null,"maxheight":null,"maxweight":null,"maxwidth":null},"geometry":{"type":"LineString","coordinates":[[113.3554292,23.133964],[113.3554237,23.1343036],[113.3554214,23.1344443],[113.3554201,23.1345206],[113.3554542,23.1345349],[113.3566801,23.1345345],[113.3567,23.1345167],[113.3567031,23.1344351],[113.3567142,23.1339701]]}},{"type":"Feature","id":1263473091,"properties":{"id":"1263473091","highway":"service","name":null,"oneway":false,"lanes":null,"maxheight":null,"maxweight":null,"maxwidth":null},"geometry":{"type":"LineString","coordinates":[[113.3554214,23.1344443],[113.3554788,23.1344424]]}},{"type":"Feature","id":1263613393,"properties":{"id":"1263613393","highway":"residential","name":"励学街","oneway":false,"lanes":null,"maxheight":null,"maxweight":null,"maxwidth":null},"geometry":{"type":"LineString","coordinates":[[113.3554959,23.1359186],[113.3555027,23.1359575],[113.3555082,23.1359941],[113.3555193,23.1360679],[113.355549,23.1362663],[113.3555716,23.1364174]]}},{"type":"Feature","id":1263613394,"properties":{"id":"1263613394","highway":"service","name":null,"oneway":false,"lanes":null,"maxheight":null,"maxweight":null,"maxwidth":null},"geometry":{"type":"LineString","coordinates":[[113.3554058,23.1313955],[113.3554059,23.1312469],[113.3554097,23.1311306]]}},{"type":"Feature","id":1263613395,"properties":{"id":"1263613395","highway":"service","name":null,"oneway":false,"lanes":null,"maxheight":null,"maxweight":null,"maxwidth":null},"geometry":{"type":"LineString","coordinates":[[113.3563144,23.1357238],[113.3563264,23.1352121],[113.3564325,23.1350688],[113.35649,23.1350716],[113.3567891,23.135086],[113.3568619,23.1350917]]}},{"type":"Feature","id":1264066351,"properties":{"id":"1264066351","highway":"service","name":null,"oneway":false,"lanes":null,"maxheight":null,"maxweight":null,"maxwidth":null},"geometry":{"type":"LineString","coordinates":[[113.3537764,23.1339622],[113.3537727,23.133855]]}},{"type":"Feature","id":1272406236,"properties":{"id":"1272406236","highway":"tertiary","name":"华就路","oneway":false,"lanes":null,"maxheight":null,"maxweight":null,"maxwidth":null},"geometry":{"type":"LineString","coordinates":[[113.3121199,23.1186481],[113.3126502,23.1186474],[113.3127529,23.1186472],[113.3129186,23.118647]]}},{"type":"Feature","id":1272406237,"properties":{"id":"1272406237","highway":"tertiary","name":"华就路","oneway":false,"lanes":null,"maxheight":null,"maxweight":null,"maxwidth":null},"geometry":{"type":"LineString","coordinates":[[113.3138022,23.1186459],[113.3137093,23.118646],[113.3136624,23.1186461],[113.31323,23.1186466],[113.3131411,23.1186467],[113.3130065,23.1186469]]}},{"type":"Feature","id":1272406238,"properties":{"id":"1272406238","highway":"tertiary","name":"华穗路","oneway":true,"lanes":null,"maxheight":null,"maxweight":null,"maxwidth":null},"geometry":{"type":"LineString","coordinates":[[113.3129218,23.1193388],[113.3129206,23.1189183],[113.3129202,23.1188623],[113.3129197,23.1187965],[113.3129186,23.118647]]}},{"type":"Feature","id":1272406239,"properties":{"id":"1272406239","highway":"tertiary","name":"华穗路","oneway":true,"lanes":null,"maxheight":null,"maxweight":null,"maxwidth":null},"geometry":{"type":"LineString","coordinates":[[113.3130099,23.1193369],[113.3130099,23.1195653],[113.3130099,23.1200027],[113.3130101,23.1201751],[113.3130103,23.1202896],[113.3130109,23.1204303],[113.3130122,23.1207618],[113.3130181,23.121109]]}},{"type":"Feature","id":1272406240,"properties":{"id":"1272406240","highway":"tertiary","name":"华穗路","oneway":true,"lanes":null,"maxheight":null,"maxweight":null,"maxwidth":null},"geometry":{"type":"LineString","coordinates":[[113.3129186,23.118647],[113.3129176,23.1185278],[113.3129146,23.1181483]]}},{"type":"Feature","id":1272406241,"properties":{"id":"1272406241","highway":"tertiary","name":"华穗路","oneway":true,"lanes":null,"maxheight":null,"maxweight":null,"maxwidth":null},"geometry":{"type":"LineString","coordinates":[[113.3129997,23.1181488],[113.3130039,23.1184578],[113.3130049,23.1185277],[113.3130065,23.1186469],[113.3130084,23.1187969],[113.3130099,23.1189219],[113.3130099,23.1192754],[113.3130099,23.1193369]]}},{"type":"Feature","id":1279399424,"properties":{"id":"1279399424","highway":"service","name":null,"oneway":false,"lanes":null,"maxheight":null,"maxweight":null,"maxwidth":null},"geometry":{"type":"LineString","coordinates":[[113.3525212,23.1297345],[113.3521275,23.1297226],[113.3513643,23.1297012],[113.3513324,23.1296655],[113.3513362,23.1293791],[113.3513564,23.129363],[113.3521144,23.1293877],[113.3521371,23.1294106],[113.3521275,23.1297226]]}},{"type":"Feature","id":1279399427,"properties":{"id":"1279399427","highway":"service","name":null,"oneway":false,"lanes":null,"maxheight":null,"maxweight":null,"maxwidth":null},"geometry":{"type":"LineString","coordinates":[[113.3518616,23.1369323],[113.3517414,23.1363399],[113.3513887,23.1363933]]}},{"type":"Feature","id":1279399428,"properties":{"id":"1279399428","highway":"service","name":null,"oneway":false,"lanes":null,"maxheight":null,"maxweight":null,"maxwidth":null},"geometry":{"type":"LineString","coordinates":[[113.3518955,23.1369321],[113.3518107,23.1365425],[113.3518415,23.1364802],[113.3519109,23.136449],[113.3520695,23.136432]]}},{"type":"Feature","id":1288222581,"properties":{"id":"1288222581","highway":"residential","name":null,"oneway":false,"lanes":null,"maxheight":null,"maxweight":null,"maxwidth":null},"geometry":{"type":"LineString","coordinates":[[113.3357384,23.1262303],[113.3362547,23.1261991],[113.3368925,23.1261878],[113.3372933,23.1261412],[113.3376104,23.126117],[113.3379133,23.1261353]]}},{"type":"Feature","id":1288222582,"properties":{"id":"1288222582","highway":"residential","name":null,"oneway":false,"lanes":null,"maxheight":null,"maxweight":null,"maxwidth":null},"geometry":{"type":"LineString","coordinates":[[113.3369051,23.1267976],[113.3368925,23.1261878],[113.336837,23.1254936],[113.3368278,23.1249156],[113.3367904,23.124728]]}},{"type":"Feature","id":1290850064,"properties":{"id":"1290850064","highway":"service","name":null,"oneway":false,"lanes":null,"maxheight":null,"maxweight":null,"maxwidth":null},"geometry":{"type":"LineString","coordinates":[[113.3563777,23.1438934],[113.3563394,23.1437045],[113.356281,23.1434162],[113.3561939,23.1429865]]}},{"type":"Feature","id":1290850065,"properties":{"id":"1290850065","highway":"service","name":null,"oneway":false,"lanes":null,"maxheight":null,"maxweight":null,"maxwidth":null},"geometry":{"type":"LineString","coordinates":[[113.3561939,23.1429865],[113.3579938,23.1429506]]}},{"type":"Feature","id":1290850066,"properties":{"id":"1290850066","highway":"service","name":null,"oneway":false,"lanes":null,"maxheight":null,"maxweight":null,"maxwidth":null},"geometry":{"type":"LineString","coordinates":[[113.356281,23.1434162],[113.3580756,23.1432014],[113.3582345,23.1431824]]}},{"type":"Feature","id":1292285743,"properties":{"id":"1292285743","highway":"service","name":null,"oneway":false,"lanes":null,"maxheight":null,"maxweight":null,"maxwidth":null},"geometry":{"type":"LineString","coordinates":[[113.3129166,23.1180039],[113.3128404,23.1180037],[113.3124861,23.1180025]]}},{"type":"Feature","id":1292320940,"properties":{"id":"1292320940","highway":"residential","name":null,"oneway":true,"lanes":null,"maxheight":null,"maxweight":null,"maxwidth":null},"geometry":{"type":"LineString","coordinates":[[113.3304779,23.1413055],[113.3297899,23.1411327]]}},{"type":"Feature","id":1292320941,"properties":{"id":"1292320941","highway":"residential","name":"聚龙街","oneway":true,"lanes":null,"maxheight":null,"maxweight":null,"maxwidth":null},"geometry":{"type":"LineString","coordinates":[[113.3299684,23.1404386],[113.3306747,23.140629]]}},{"type":"Feature","id":1292320945,"properties":{"id":"1292320945","highway":"service","name":null,"oneway":false,"lanes":null,"maxheight":null,"maxweight":null,"maxwidth":null},"geometry":{"type":"LineString","coordinates":[[113.3318498,23.1390676],[113.3317103,23.13964]]}},{"type":"Feature","id":1292993714,"properties":{"id":"1292993714","highway":"service","name":null,"oneway":false,"lanes":null,"maxheight":null,"maxweight":null,"maxwidth":null},"geometry":{"type":"LineString","coordinates":[[113.3320724,23.1383376],[113.331402,23.1381347]]}},{"type":"Feature","id":1292993715,"properties":{"id":"1292993715","highway":"residential","name":null,"oneway":false,"lanes":null,"maxheight":null,"maxweight":null,"maxwidth":null},"geometry":{"type":"LineString","coordinates":[[113.333079,23.1371495],[113.33281,23.1377604]]}},{"type":"Feature","id":1292994885,"properties":{"id":"1292994885","highway":"residential","name":null,"oneway":false,"lanes":null,"maxheight":null,"maxweight":null,"maxwidth":null},"geometry":{"type":"LineString","coordinates":[[113.325512,23.1435886],[113.3262169,23.1436038],[113.3267554,23.1436153],[113.3270347,23.1436213]]}},{"type":"Feature","id":1292994886,"properties":{"id":"1292994886","highway":"residential","name":"华阳街","oneway":false,"lanes":null,"maxheight":null,"maxweight":null,"maxwidth":null},"geometry":{"type":"LineString","coordinates":[[113.3239985,23.1425573],[113.3239826,23.1432338],[113.323951,23.1440088]]}},{"type":"Feature","id":1292994888,"properties":{"id":"1292994888","highway":"residential","name":null,"oneway":false,"lanes":null,"maxheight":null,"maxweight":null,"maxwidth":null},"geometry":{"type":"LineString","coordinates":[[113.3255062,23.1425531],[113.3255073,23.1428605],[113.3255093,23.1432034],[113.3255097,23.1432598],[113.325512,23.1435886],[113.3255143,23.1439176],[113.3255154,23.144078]]}},{"type":"Feature","id":1292996520,"properties":{"id":"1292996520","highway":"service","name":null,"oneway":false,"lanes":null,"maxheight":null,"maxweight":null,"maxwidth":null},"geometry":{"type":"LineString","coordinates":[[113.328858,23.1441327],[113.3288992,23.1439772],[113.329358,23.1439696],[113.3298971,23.1439375]]}},{"type":"Feature","id":1292997714,"properties":{"id":"1292997714","highway":"service","name":null,"oneway":false,"lanes":null,"maxheight":null,"maxweight":null,"maxwidth":null},"geometry":{"type":"LineString","coordinates":[[113.3347802,23.1387032],[113.3348175,23.1389853]]}},{"type":"Feature","id":1296567595,"properties":{"id":"1296567595","highway":"residential","name":null,"oneway":false,"lanes":null,"maxheight":null,"maxweight":null,"maxwidth":null},"geometry":{"type":"LineString","coordinates":[[113.3405449,23.1364933],[113.3405369,23.1360938]]}},{"type":"Feature","id":1296567596,"properties":{"id":"1296567596","highway":"residential","name":null,"oneway":false,"lanes":null,"maxheight":null,"maxweight":null,"maxwidth":null},"geometry":{"type":"LineString","coordinates":[[113.340619,23.1367209],[113.3406211,23.1364915]]}},{"type":"Feature","id":1297136021,"properties":{"id":"1297136021","highway":"service","name":null,"oneway":true,"lanes":null,"maxheight":null,"maxweight":null,"maxwidth":null},"geometry":{"type":"LineString","coordinates":[[113.3284088,23.1373336],[113.3282835,23.1373228],[113.3281953,23.1373152],[113.3280498,23.1372893],[113.3279984,23.1372523],[113.3279833,23.1372011],[113.3280014,23.1371539],[113.3280492,23.1371301],[113.3281964,23.1371291],[113.3283212,23.1371419],[113.3284439,23.1371544]]}},{"type":"Feature","id":1304889164,"properties":{"id":"1304889164","highway":"unclassified","name":null,"oneway":false,"lanes":null,"maxheight":null,"maxweight":null,"maxwidth":null},"geometry":{"type":"LineString","coordinates":[[113.3310972,23.127816],[113.3327045,23.1277364]]}},{"type":"Feature","id":1308645184,"properties":{"id":"1308645184","highway":"service","name":null,"oneway":false,"lanes":null,"maxheight":null,"maxweight":null,"maxwidth":null},"geometry":{"type":"LineString","coordinates":[[113.321493,23.1439071],[113.3214924,23.1438562],[113.3214907,23.1437155],[113.3214841,23.1431883],[113.321481,23.1429437],[113.3214785,23.1427396],[113.3214988,23.1427284],[113.3222022,23.1427134],[113.3222245,23.1427284],[113.3222449,23.1431546],[113.3222184,23.1431658],[113.3214841,23.1431883]]}},{"type":"Feature","id":1311955947,"properties":{"id":"1311955947","highway":"service","name":null,"oneway":false,"lanes":null,"maxheight":null,"maxweight":null,"maxwidth":null},"geometry":{"type":"LineString","coordinates":[[113.3524663,23.1336542],[113.3535816,23.1333765],[113.3540807,23.1332604],[113.3541516,23.1332802],[113.3542281,23.1339621]]}},{"type":"Feature","id":1311955952,"properties":{"id":"1311955952","highway":"service","name":null,"oneway":false,"lanes":null,"maxheight":null,"maxweight":null,"maxwidth":null},"geometry":{"type":"LineString","coordinates":[[113.3562214,23.128866],[113.356155,23.1288693],[113.3560137,23.1286246],[113.3556974,23.128064],[113.3555023,23.1276004],[113.355429,23.1273891],[113.355376,23.1272115],[113.3553211,23.1269012],[113.355319,23.1266358],[113.3553922,23.1265423]]}},{"type":"Feature","id":1311955953,"properties":{"id":"1311955953","highway":"service","name":null,"oneway":false,"lanes":null,"maxheight":null,"maxweight":null,"maxwidth":null},"geometry":{"type":"LineString","coordinates":[[113.3553922,23.1265423],[113.3554451,23.1265283],[113.3558514,23.1264918],[113.3563954,23.1264682],[113.3564819,23.1264684],[113.3565101,23.1264793],[113.3565242,23.1264891],[113.3566946,23.1283068],[113.3568379,23.1282942]]}},{"type":"Feature","id":1312886242,"properties":{"id":"1312886242","highway":"secondary","name":"冼村路","oneway":true,"lanes":null,"maxheight":null,"maxweight":null,"maxwidth":null},"geometry":{"type":"LineString","coordinates":[[113.3226272,23.1257293],[113.3226329,23.1257998],[113.3226364,23.1258434]]}},{"type":"Feature","id":1313485706,"properties":{"id":"1313485706","highway":"service","name":null,"oneway":false,"lanes":null,"maxheight":null,"maxweight":null,"maxwidth":null},"geometry":{"type":"LineString","coordinates":[[113.3442474,23.1180476],[113.3441031,23.11645]]}},{"type":"Feature","id":1313608028,"properties":{"id":"1313608028","highway":"service","name":null,"oneway":true,"lanes":null,"maxheight":null,"maxweight":null,"maxwidth":null},"geometry":{"type":"LineString","coordinates":[[113.3467708,23.1279957],[113.3465918,23.1280743],[113.3465605,23.1280822],[113.3465251,23.1280888],[113.3464837,23.1280939],[113.3464502,23.1280951],[113.3464167,23.1280938],[113.3463831,23.1280912],[113.3463422,23.1280866],[113.3463067,23.1280809],[113.3462711,23.1280751],[113.3462198,23.1280579],[113.3461845,23.1280267],[113.3461529,23.1279936]]}},{"type":"Feature","id":1313608029,"properties":{"id":"1313608029","highway":"service","name":null,"oneway":true,"lanes":null,"maxheight":null,"maxweight":null,"maxwidth":null},"geometry":{"type":"LineString","coordinates":[[113.3458767,23.1276186],[113.3459067,23.1275731],[113.3459328,23.1275358],[113.3459527,23.1275133],[113.3460055,23.1274746],[113.3460667,23.1274584],[113.3463499,23.1274049],[113.3466901,23.1273368],[113.3467364,23.1273275],[113.3468153,23.1273239],[113.3468581,23.1273331],[113.346888,23.12735],[113.3469452,23.1274038]]}},{"type":"Feature","id":1313653482,"properties":{"id":"1313653482","highway":"service","name":null,"oneway":false,"lanes":null,"maxheight":null,"maxweight":null,"maxwidth":null},"geometry":{"type":"LineString","coordinates":[[113.3423927,23.1181321],[113.3442474,23.1180476],[113.3455963,23.1179431],[113.3470759,23.1178461],[113.3471685,23.11784],[113.3477445,23.118218],[113.3493728,23.118155],[113.3500048,23.118092],[113.3500048,23.118384]]}},{"type":"Feature","id":1313653483,"properties":{"id":"1313653483","highway":"service","name":null,"oneway":false,"lanes":null,"maxheight":null,"maxweight":null,"maxwidth":null},"geometry":{"type":"LineString","coordinates":[[113.3500048,23.118092],[113.3500328,23.1175021],[113.3500323,23.117354],[113.350029,23.1163599],[113.3500269,23.1157383],[113.3500586,23.1153762]]}},{"type":"Feature","id":1313745075,"properties":{"id":"1313745075","highway":"residential","name":null,"oneway":false,"lanes":null,"maxheight":null,"maxweight":null,"maxwidth":null},"geometry":{"type":"LineString","coordinates":[[113.313679,23.1350707],[113.3137976,23.1348365],[113.3138522,23.1347289],[113.3138041,23.1337079],[113.3142305,23.1336927]]}},{"type":"Feature","id":1313745076,"properties":{"id":"1313745076","highway":"residential","name":null,"oneway":false,"lanes":null,"maxheight":null,"maxweight":null,"maxwidth":null},"geometry":{"type":"LineString","coordinates":[[113.3142153,23.1334891],[113.3142305,23.1336927],[113.3142609,23.1341004],[113.3153701,23.1340437]]}},{"type":"Feature","id":1313745077,"properties":{"id":"1313745077","highway":"residential","name":null,"oneway":false,"lanes":null,"maxheight":null,"maxweight":null,"maxwidth":null},"geometry":{"type":"LineString","coordinates":[[113.3119217,23.1324247],[113.3118359,23.1326735],[113.3116717,23.1331733],[113.3121604,23.1333034]]}},{"type":"Feature","id":1313745078,"properties":{"id":"1313745078","highway":"residential","name":null,"oneway":false,"lanes":null,"maxheight":null,"maxweight":null,"maxwidth":null},"geometry":{"type":"LineString","coordinates":[[113.3118359,23.1326735],[113.3129775,23.1330274],[113.3133697,23.133309],[113.3133681,23.1348467],[113.3131397,23.1348504],[113.3118153,23.134872],[113.3118316,23.1340921],[113.3121604,23.1333034]]}},{"type":"Feature","id":1313745079,"properties":{"id":"1313745079","highway":"residential","name":null,"oneway":false,"lanes":null,"maxheight":null,"maxweight":null,"maxwidth":null},"geometry":{"type":"LineString","coordinates":[[113.3115603,23.1349305],[113.3123942,23.1349094],[113.3130259,23.1349033]]}},{"type":"Feature","id":1313745080,"properties":{"id":"1313745080","highway":"residential","name":null,"oneway":false,"lanes":null,"maxheight":null,"maxweight":null,"maxwidth":null},"geometry":{"type":"LineString","coordinates":[[113.3118386,23.1354236],[113.3124267,23.1354161],[113.313049,23.1354174]]}},{"type":"Feature","id":1313745081,"properties":{"id":"1313745081","highway":"residential","name":null,"oneway":false,"lanes":null,"maxheight":null,"maxweight":null,"maxwidth":null},"geometry":{"type":"LineString","coordinates":[[113.3123942,23.1349094],[113.3124089,23.1351377],[113.3124267,23.1354161]]}},{"type":"Feature","id":1313745082,"properties":{"id":"1313745082","highway":"residential","name":null,"oneway":false,"lanes":null,"maxheight":null,"maxweight":null,"maxwidth":null},"geometry":{"type":"LineString","coordinates":[[113.3134615,23.1343875],[113.3145731,23.1343398]]}},{"type":"Feature","id":1313745083,"properties":{"id":"1313745083","highway":"residential","name":null,"oneway":false,"lanes":null,"maxheight":null,"maxweight":null,"maxwidth":null},"geometry":{"type":"LineString","coordinates":[[113.3134616,23.1341546],[113.3142926,23.1341456],[113.3143006,23.1343418],[113.3143191,23.1347923]]}},{"type":"Feature","id":1313745084,"properties":{"id":"1313745084","highway":"residential","name":null,"oneway":false,"lanes":null,"maxheight":null,"maxweight":null,"maxwidth":null},"geometry":{"type":"LineString","coordinates":[[113.3134443,23.1345745],[113.3146223,23.134543]]}},{"type":"Feature","id":1313745085,"properties":{"id":"1313745085","highway":"unclassified","name":null,"oneway":false,"lanes":null,"maxheight":null,"maxweight":null,"maxwidth":null},"geometry":{"type":"LineString","coordinates":[[113.315339,23.1333762],[113.314223,23.1334531]]}},{"type":"Feature","id":1313745086,"properties":{"id":"1313745086","highway":"unclassified","name":null,"oneway":false,"lanes":null,"maxheight":null,"maxweight":null,"maxwidth":null},"geometry":{"type":"LineString","coordinates":[[113.3134715,23.133129],[113.314256,23.1332986]]}},{"type":"Feature","id":1313745087,"properties":{"id":"1313745087","highway":"residential","name":null,"oneway":false,"lanes":null,"maxheight":null,"maxweight":null,"maxwidth":null},"geometry":{"type":"LineString","coordinates":[[113.314554,23.1355726],[113.3131537,23.1356482],[113.3131454,23.1351744],[113.3131397,23.1348504]]}},{"type":"Feature","id":1313745088,"properties":{"id":"1313745088","highway":"residential","name":null,"oneway":false,"lanes":null,"maxheight":null,"maxweight":null,"maxwidth":null},"geometry":{"type":"LineString","coordinates":[[113.3124089,23.1351377],[113.313015,23.1351274]]}},{"type":"Feature","id":1313745089,"properties":{"id":"1313745089","highway":"residential","name":null,"oneway":false,"lanes":null,"maxheight":null,"maxweight":null,"maxwidth":null},"geometry":{"type":"LineString","coordinates":[[113.3131454,23.1351744],[113.3136837,23.1351638]]}},{"type":"Feature","id":1313745090,"properties":{"id":"1313745090","highway":"residential","name":null,"oneway":false,"lanes":null,"maxheight":null,"maxweight":null,"maxwidth":null},"geometry":{"type":"LineString","coordinates":[[113.3136965,23.135419],[113.3145481,23.1354006],[113.3147789,23.1353956],[113.3147818,23.1355224]]}},{"type":"Feature","id":1313745091,"properties":{"id":"1313745091","highway":"residential","name":null,"oneway":false,"lanes":null,"maxheight":null,"maxweight":null,"maxwidth":null},"geometry":{"type":"LineString","coordinates":[[113.3137976,23.1348365],[113.3148072,23.1348541],[113.3148046,23.1351227]]}},{"type":"Feature","id":1313745092,"properties":{"id":"1313745092","highway":"residential","name":null,"oneway":false,"lanes":null,"maxheight":null,"maxweight":null,"maxwidth":null},"geometry":{"type":"LineString","coordinates":[[113.3143191,23.1347923],[113.3142523,23.1351301]]}},{"type":"Feature","id":1313809266,"properties":{"id":"1313809266","highway":"service","name":null,"oneway":false,"lanes":null,"maxheight":null,"maxweight":null,"maxwidth":null},"geometry":{"type":"LineString","coordinates":[[113.339426,23.1383204],[113.3393681,23.1376745],[113.3390822,23.1376813],[113.33906,23.137407],[113.3386535,23.1374042],[113.3386405,23.1372726],[113.3379516,23.1373043],[113.3378223,23.1370786],[113.3377813,23.136918],[113.3377595,23.1368327],[113.3377569,23.1365138],[113.338583,23.1364852],[113.338573,23.1363646],[113.3385518,23.13611],[113.3385276,23.135818],[113.3399128,23.13576]]}},{"type":"Feature","id":1313809267,"properties":{"id":"1313809267","highway":"service","name":null,"oneway":false,"lanes":null,"maxheight":null,"maxweight":null,"maxwidth":null},"geometry":{"type":"LineString","coordinates":[[113.3399183,23.1360152],[113.3385518,23.13611]]}},{"type":"Feature","id":1313809268,"properties":{"id":"1313809268","highway":"service","name":null,"oneway":false,"lanes":null,"maxheight":null,"maxweight":null,"maxwidth":null},"geometry":{"type":"LineString","coordinates":[[113.3399275,23.1362803],[113.338573,23.1363646]]}},{"type":"Feature","id":1313809269,"properties":{"id":"1313809269","highway":"service","name":null,"oneway":false,"lanes":null,"maxheight":null,"maxweight":null,"maxwidth":null},"geometry":{"type":"LineString","coordinates":[[113.3399474,23.1367243],[113.3386092,23.136844],[113.3377813,23.136918]]}},{"type":"Feature","id":1313809270,"properties":{"id":"1313809270","highway":"service","name":null,"oneway":false,"lanes":null,"maxheight":null,"maxweight":null,"maxwidth":null},"geometry":{"type":"LineString","coordinates":[[113.338583,23.1364852],[113.3386092,23.136844],[113.3386405,23.1372726]]}},{"type":"Feature","id":1313809271,"properties":{"id":"1313809271","highway":"service","name":null,"oneway":false,"lanes":null,"maxheight":null,"maxweight":null,"maxwidth":null},"geometry":{"type":"LineString","coordinates":[[113.3393681,23.1376745],[113.3399984,23.1376365]]}},{"type":"Feature","id":1313809272,"properties":{"id":"1313809272","highway":"service","name":null,"oneway":false,"lanes":null,"maxheight":null,"maxweight":null,"maxwidth":null},"geometry":{"type":"LineString","coordinates":[[113.3383495,23.1330089],[113.3383594,23.1324986]]}},{"type":"Feature","id":1313809273,"properties":{"id":"1313809273","highway":"service","name":null,"oneway":false,"lanes":null,"maxheight":null,"maxweight":null,"maxwidth":null},"geometry":{"type":"LineString","coordinates":[[113.339826,23.1340775],[113.3398368,23.1328839]]}},{"type":"Feature","id":1313809274,"properties":{"id":"1313809274","highway":"service","name":null,"oneway":false,"lanes":null,"maxheight":null,"maxweight":null,"maxwidth":null},"geometry":{"type":"LineString","coordinates":[[113.339205,23.1324983],[113.3402084,23.1325167],[113.3401658,23.1340781]]}},{"type":"Feature","id":1313809275,"properties":{"id":"1313809275","highway":"service","name":null,"oneway":false,"lanes":null,"maxheight":null,"maxweight":null,"maxwidth":null},"geometry":{"type":"LineString","coordinates":[[113.3377053,23.132941],[113.3383707,23.1330675],[113.3383146,23.1335691],[113.3376447,23.1335074]]}},{"type":"Feature","id":1313809276,"properties":{"id":"1313809276","highway":"service","name":null,"oneway":false,"lanes":null,"maxheight":null,"maxweight":null,"maxwidth":null},"geometry":{"type":"LineString","coordinates":[[113.3375181,23.1349849],[113.3390021,23.1349742]]}},{"type":"Feature","id":1313809277,"properties":{"id":"1313809277","highway":"service","name":null,"oneway":false,"lanes":null,"maxheight":null,"maxweight":null,"maxwidth":null},"geometry":{"type":"LineString","coordinates":[[113.3399001,23.1351631],[113.3390282,23.1351975]]}},{"type":"Feature","id":1313809278,"properties":{"id":"1313809278","highway":"service","name":null,"oneway":false,"lanes":null,"maxheight":null,"maxweight":null,"maxwidth":null},"geometry":{"type":"LineString","coordinates":[[113.337493,23.1353968],[113.338367,23.1354517]]}},{"type":"Feature","id":1313809279,"properties":{"id":"1313809279","highway":"service","name":null,"oneway":false,"lanes":null,"maxheight":null,"maxweight":null,"maxwidth":null},"geometry":{"type":"LineString","coordinates":[[113.3374696,23.1357795],[113.3384043,23.1358365]]}},{"type":"Feature","id":1313809280,"properties":{"id":"1313809280","highway":"service","name":null,"oneway":false,"lanes":null,"maxheight":null,"maxweight":null,"maxwidth":null},"geometry":{"type":"LineString","coordinates":[[113.339426,23.1383204],[113.3393056,23.1386924]]}},{"type":"Feature","id":1313809281,"properties":{"id":"1313809281","highway":"service","name":null,"oneway":false,"lanes":null,"maxheight":null,"maxweight":null,"maxwidth":null},"geometry":{"type":"LineString","coordinates":[[113.3382522,23.1384555],[113.3384004,23.137829],[113.3381061,23.1377484],[113.3381646,23.1375377],[113.3374394,23.1374196],[113.3373753,23.1381872],[113.3373706,23.1382601]]}},{"type":"Feature","id":1313809282,"properties":{"id":"1313809282","highway":"service","name":null,"oneway":false,"lanes":null,"maxheight":null,"maxweight":null,"maxwidth":null},"geometry":{"type":"LineString","coordinates":[[113.3381646,23.1375377],[113.3387765,23.1376796]]}},{"type":"Feature","id":1313809283,"properties":{"id":"1313809283","highway":"service","name":null,"oneway":false,"lanes":null,"maxheight":null,"maxweight":null,"maxwidth":null},"geometry":{"type":"LineString","coordinates":[[113.3385222,23.1385163],[113.3387765,23.1376796]]}},{"type":"Feature","id":1313809284,"properties":{"id":"1313809284","highway":"service","name":null,"oneway":false,"lanes":null,"maxheight":null,"maxweight":null,"maxwidth":null},"geometry":{"type":"LineString","coordinates":[[113.3387765,23.1376796],[113.3392708,23.1378351],[113.3391277,23.1382508]]}},{"type":"Feature","id":1313809285,"properties":{"id":"1313809285","highway":"service","name":null,"oneway":false,"lanes":null,"maxheight":null,"maxweight":null,"maxwidth":null},"geometry":{"type":"LineString","coordinates":[[113.3381646,23.1375377],[113.3379516,23.1373043]]}},{"type":"Feature","id":1316626261,"properties":{"id":"1316626261","highway":"residential","name":"乐学街","oneway":false,"lanes":null,"maxheight":null,"maxweight":null,"maxwidth":null},"geometry":{"type":"LineString","coordinates":[[113.3539036,23.1194166],[113.3538056,23.1224966]]}},{"type":"Feature","id":1322998425,"properties":{"id":"1322998425","highway":"service","name":null,"oneway":false,"lanes":null,"maxheight":null,"maxweight":null,"maxwidth":null},"geometry":{"type":"LineString","coordinates":[[113.3268929,23.145012],[113.3265468,23.1450421],[113.3260989,23.1449632],[113.3256912,23.1448325],[113.3256429,23.1447437],[113.325659,23.1444749],[113.3256753,23.144336]]}},{"type":"Feature","id":1328415186,"properties":{"id":"1328415186","highway":"service","name":null,"oneway":false,"lanes":null,"maxheight":null,"maxweight":null,"maxwidth":null},"geometry":{"type":"LineString","coordinates":[[113.3208162,23.1247859],[113.3208875,23.1247853],[113.3222976,23.1247741],[113.3224995,23.1247723]]}},{"type":"Feature","id":1337075095,"properties":{"id":"1337075095","highway":"secondary","name":"体育东路","oneway":true,"lanes":null,"maxheight":null,"maxweight":null,"maxwidth":null},"geometry":{"type":"LineString","coordinates":[[113.3230177,23.140661],[113.3230216,23.1425069],[113.3230191,23.1437151]]}},{"type":"Feature","id":1340165295,"properties":{"id":"1340165295","highway":"secondary","name":"体育东路","oneway":true,"lanes":null,"maxheight":null,"maxweight":null,"maxwidth":null},"geometry":{"type":"LineString","coordinates":[[113.322713,23.1299834],[113.3227225,23.1301033],[113.3227401,23.1303279]]}},{"type":"Feature","id":1340165296,"properties":{"id":"1340165296","highway":"service","name":null,"oneway":true,"lanes":null,"maxheight":null,"maxweight":null,"maxwidth":null},"geometry":{"type":"LineString","coordinates":[[113.3230325,23.1350769],[113.3231111,23.1350732],[113.32343,23.1350579]]}},{"type":"Feature","id":1347919623,"properties":{"id":"1347919623","highway":"service","name":null,"oneway":false,"lanes":null,"maxheight":null,"maxweight":null,"maxwidth":null},"geometry":{"type":"LineString","coordinates":[[113.3516724,23.1262886],[113.351577,23.1263136],[113.3514906,23.1263971],[113.3515061,23.1264644]]}},{"type":"Feature","id":1372630673,"properties":{"id":"1372630673","highway":"residential","name":null,"oneway":false,"lanes":null,"maxheight":null,"maxweight":null,"maxwidth":null},"geometry":{"type":"LineString","coordinates":[[113.3511678,23.1453929],[113.3511662,23.1452033],[113.3507483,23.1452011],[113.3507539,23.1449854],[113.3507595,23.1447634],[113.3507644,23.1445716],[113.3507696,23.1443688],[113.3507755,23.1441377],[113.3507809,23.143928],[113.3507864,23.1437106],[113.3507929,23.1434583],[113.3508074,23.1431722]]}},{"type":"Feature","id":1372630674,"properties":{"id":"1372630674","highway":"residential","name":null,"oneway":false,"lanes":null,"maxheight":null,"maxweight":null,"maxwidth":null},"geometry":{"type":"LineString","coordinates":[[113.3511678,23.1453929],[113.351691,23.1453915],[113.351691,23.1451923],[113.3521366,23.1452],[113.3524573,23.145177],[113.3526494,23.1449934],[113.3526697,23.1449741],[113.3527738,23.1447864],[113.3527651,23.1445688],[113.3527571,23.144369],[113.3521284,23.1443689],[113.351666,23.1443689],[113.3511829,23.1443689],[113.3507696,23.1443688]]}},{"type":"Feature","id":1372630675,"properties":{"id":"1372630675","highway":"residential","name":null,"oneway":false,"lanes":null,"maxheight":null,"maxweight":null,"maxwidth":null},"geometry":{"type":"LineString","coordinates":[[113.3511662,23.1452033],[113.351172,23.1449775],[113.3511708,23.1447626],[113.3511741,23.144564],[113.3511829,23.1443689]]}},{"type":"Feature","id":1372630676,"properties":{"id":"1372630676","highway":"residential","name":null,"oneway":false,"lanes":null,"maxheight":null,"maxweight":null,"maxwidth":null},"geometry":{"type":"LineString","coordinates":[[113.3507539,23.1449854],[113.351172,23.1449775],[113.3516806,23.144983],[113.3521366,23.1449879],[113.3526494,23.1449934]]}},{"type":"Feature","id":1372630677,"properties":{"id":"1372630677","highway":"residential","name":null,"oneway":false,"lanes":null,"maxheight":null,"maxweight":null,"maxwidth":null},"geometry":{"type":"LineString","coordinates":[[113.351691,23.1451923],[113.3516806,23.144983],[113.3516781,23.1447672],[113.3516721,23.1445685],[113.351666,23.1443689]]}},{"type":"Feature","id":1372630678,"properties":{"id":"1372630678","highway":"residential","name":null,"oneway":false,"lanes":null,"maxheight":null,"maxweight":null,"maxwidth":null},"geometry":{"type":"LineString","coordinates":[[113.3507595,23.1447634],[113.3511708,23.1447626],[113.3516781,23.1447672],[113.3521353,23.1447752],[113.3527738,23.1447864]]}},{"type":"Feature","id":1372630679,"properties":{"id":"1372630679","highway":"residential","name":null,"oneway":false,"lanes":null,"maxheight":null,"maxweight":null,"maxwidth":null},"geometry":{"type":"LineString","coordinates":[[113.351691,23.1451923],[113.3511662,23.1452033]]}},{"type":"Feature","id":1372630680,"properties":{"id":"1372630680","highway":"residential","name":null,"oneway":false,"lanes":null,"maxheight":null,"maxweight":null,"maxwidth":null},"geometry":{"type":"LineString","coordinates":[[113.3521366,23.1452],[113.3521366,23.1449879],[113.3521353,23.1447752],[113.3521352,23.1447659],[113.3521304,23.1445688],[113.3521284,23.1443689]]}},{"type":"Feature","id":1372630681,"properties":{"id":"1372630681","highway":"residential","name":null,"oneway":false,"lanes":null,"maxheight":null,"maxweight":null,"maxwidth":null},"geometry":{"type":"LineString","coordinates":[[113.3507644,23.1445716],[113.3511741,23.144564],[113.3516721,23.1445685],[113.3521304,23.1445688],[113.3527651,23.1445688]]}},{"type":"Feature","id":1372630682,"properties":{"id":"1372630682","highway":"residential","name":null,"oneway":false,"lanes":null,"maxheight":null,"maxweight":null,"maxwidth":null},"geometry":{"type":"LineString","coordinates":[[113.3507755,23.1441377],[113.3513694,23.1441362],[113.3516579,23.1441354],[113.3520948,23.1441343],[113.352713,23.1441326]]}},{"type":"Feature","id":1372630683,"properties":{"id":"1372630683","highway":"residential","name":null,"oneway":false,"lanes":null,"maxheight":null,"maxweight":null,"maxwidth":null},"geometry":{"type":"LineString","coordinates":[[113.3527571,23.144369],[113.352713,23.1441326],[113.3525896,23.1432496]]}},{"type":"Feature","id":1372630684,"properties":{"id":"1372630684","highway":"residential","name":null,"oneway":false,"lanes":null,"maxheight":null,"maxweight":null,"maxwidth":null},"geometry":{"type":"LineString","coordinates":[[113.3521284,23.1443689],[113.3520948,23.1441343],[113.3518832,23.143224]]}},{"type":"Feature","id":1372630685,"properties":{"id":"1372630685","highway":"residential","name":null,"oneway":false,"lanes":null,"maxheight":null,"maxweight":null,"maxwidth":null},"geometry":{"type":"LineString","coordinates":[[113.3507809,23.143928],[113.3513694,23.1439305],[113.3513329,23.1437101],[113.3512921,23.1434632],[113.3512487,23.1432011]]}},{"type":"Feature","id":1372630686,"properties":{"id":"1372630686","highway":"residential","name":null,"oneway":false,"lanes":null,"maxheight":null,"maxweight":null,"maxwidth":null},"geometry":{"type":"LineString","coordinates":[[113.3513694,23.1439305],[113.3513694,23.1441362]]}},{"type":"Feature","id":1372630687,"properties":{"id":"1372630687","highway":"residential","name":null,"oneway":false,"lanes":null,"maxheight":null,"maxweight":null,"maxwidth":null},"geometry":{"type":"LineString","coordinates":[[113.351666,23.1443689],[113.3516579,23.1441354]]}},{"type":"Feature","id":1372630688,"properties":{"id":"1372630688","highway":"residential","name":null,"oneway":false,"lanes":null,"maxheight":null,"maxweight":null,"maxwidth":null},"geometry":{"type":"LineString","coordinates":[[113.3507864,23.1437106],[113.3513329,23.1437101]]}},{"type":"Feature","id":1372630689,"properties":{"id":"1372630689","highway":"residential","name":null,"oneway":false,"lanes":null,"maxheight":null,"maxweight":null,"maxwidth":null},"geometry":{"type":"LineString","coordinates":[[113.3507929,23.1434583],[113.3512921,23.1434632]]}},{"type":"Feature","id":1373399612,"properties":{"id":"1373399612","highway":"service","name":null,"oneway":false,"lanes":null,"maxheight":null,"maxweight":null,"maxwidth":null},"geometry":{"type":"LineString","coordinates":[[113.3169327,23.1308064],[113.3169199,23.1305591],[113.3169148,23.1304613],[113.3169092,23.1303603]]}},{"type":"Feature","id":1373399617,"properties":{"id":"1373399617","highway":"service","name":null,"oneway":true,"lanes":null,"maxheight":null,"maxweight":null,"maxwidth":null},"geometry":{"type":"LineString","coordinates":[[113.3191259,23.1302156],[113.3191255,23.1303197],[113.3191251,23.130404],[113.3191259,23.1307026],[113.3196588,23.1306722],[113.3199128,23.1306577],[113.3199662,23.1305669],[113.3199576,23.1304047]]}},{"type":"Feature","id":1373399619,"properties":{"id":"1373399619","highway":"service","name":null,"oneway":true,"lanes":null,"maxheight":null,"maxweight":null,"maxwidth":null},"geometry":{"type":"LineString","coordinates":[[113.3199576,23.1304047],[113.3199493,23.1302584],[113.319944,23.1301638]]}},{"type":"Feature","id":1373399621,"properties":{"id":"1373399621","highway":"service","name":null,"oneway":true,"lanes":null,"maxheight":null,"maxweight":null,"maxwidth":null},"geometry":{"type":"LineString","coordinates":[[113.3196588,23.1306722],[113.3196816,23.1306413],[113.3198452,23.1306306]]}},{"type":"Feature","id":1373399622,"properties":{"id":"1373399622","highway":"service","name":null,"oneway":true,"lanes":null,"maxheight":null,"maxweight":null,"maxwidth":null},"geometry":{"type":"LineString","coordinates":[[113.3198452,23.1306306],[113.3198438,23.1306127]]}},{"type":"Feature","id":1373399627,"properties":{"id":"1373399627","highway":"service","name":null,"oneway":false,"lanes":null,"maxheight":null,"maxweight":null,"maxwidth":null},"geometry":{"type":"LineString","coordinates":[[113.324247,23.1301488],[113.3242383,23.1300315],[113.3242278,23.1298903]]}},{"type":"Feature","id":1373399629,"properties":{"id":"1373399629","highway":"service","name":null,"oneway":false,"lanes":null,"maxheight":null,"maxweight":null,"maxwidth":null},"geometry":{"type":"LineString","coordinates":[[113.3247478,23.1300957],[113.3247415,23.1299868],[113.3247342,23.1298607]]}},{"type":"Feature","id":1373399632,"properties":{"id":"1373399632","highway":"service","name":null,"oneway":false,"lanes":null,"maxheight":null,"maxweight":null,"maxwidth":null},"geometry":{"type":"LineString","coordinates":[[113.3261509,23.1301128],[113.3261376,23.1298963],[113.32613,23.1297712]]}},{"type":"Feature","id":1373399650,"properties":{"id":"1373399650","highway":"service","name":null,"oneway":false,"lanes":null,"maxheight":null,"maxweight":null,"maxwidth":null},"geometry":{"type":"LineString","coordinates":[[113.3137973,23.1301842],[113.313786,23.130128],[113.3137788,23.130092]]}},{"type":"Feature","id":1373399656,"properties":{"id":"1373399656","highway":"service","name":null,"oneway":false,"lanes":null,"maxheight":null,"maxweight":null,"maxwidth":null},"geometry":{"type":"LineString","coordinates":[[113.3131055,23.1303965],[113.313045,23.1303531],[113.3130256,23.1303392],[113.3129487,23.1303146],[113.3128487,23.1303204],[113.3127509,23.1303302]]}},{"type":"Feature","id":1373399659,"properties":{"id":"1373399659","highway":"service","name":null,"oneway":false,"lanes":null,"maxheight":null,"maxweight":null,"maxwidth":null},"geometry":{"type":"LineString","coordinates":[[113.3123183,23.1308045],[113.3122864,23.1307485],[113.312193,23.1305844]]}},{"type":"Feature","id":1373399686,"properties":{"id":"1373399686","highway":"service","name":null,"oneway":false,"lanes":null,"maxheight":null,"maxweight":null,"maxwidth":null},"geometry":{"type":"LineString","coordinates":[[113.3127695,23.1313556],[113.3127517,23.1311027],[113.3127492,23.1310669]]}},{"type":"Feature","id":1373399715,"properties":{"id":"1373399715","highway":"service","name":null,"oneway":false,"lanes":null,"maxheight":null,"maxweight":null,"maxwidth":null},"geometry":{"type":"LineString","coordinates":[[113.328401,23.1348876],[113.3284948,23.1348831],[113.3285759,23.1348792]]}},{"type":"Feature","id":1373399716,"properties":{"id":"1373399716","highway":"service","name":null,"oneway":false,"lanes":null,"maxheight":null,"maxweight":null,"maxwidth":null},"geometry":{"type":"LineString","coordinates":[[113.328401,23.1348876],[113.3283256,23.1348896]]}},{"type":"Feature","id":1373399729,"properties":{"id":"1373399729","highway":"service","name":null,"oneway":false,"lanes":null,"maxheight":null,"maxweight":null,"maxwidth":null},"geometry":{"type":"LineString","coordinates":[[113.3275131,23.130177],[113.3277604,23.1301578],[113.3278872,23.1301479]]}},{"type":"Feature","id":1373399739,"properties":{"id":"1373399739","highway":"service","name":null,"oneway":false,"lanes":null,"maxheight":null,"maxweight":null,"maxwidth":null},"geometry":{"type":"LineString","coordinates":[[113.3282831,23.1305065],[113.3283582,23.1304974],[113.3285812,23.1304705]]}},{"type":"Feature","id":1373399742,"properties":{"id":"1373399742","highway":"service","name":null,"oneway":false,"lanes":null,"maxheight":null,"maxweight":null,"maxwidth":null},"geometry":{"type":"LineString","coordinates":[[113.3283751,23.131086],[113.3284506,23.1310764],[113.3287039,23.1310444]]}},{"type":"Feature","id":1373399744,"properties":{"id":"1373399744","highway":"service","name":null,"oneway":false,"lanes":null,"maxheight":null,"maxweight":null,"maxwidth":null},"geometry":{"type":"LineString","coordinates":[[113.3284572,23.1317082],[113.3285336,23.1316999],[113.3287248,23.1316833]]}},{"type":"Feature","id":1373399752,"properties":{"id":"1373399752","highway":"service","name":null,"oneway":false,"lanes":null,"maxheight":null,"maxweight":null,"maxwidth":null},"geometry":{"type":"LineString","coordinates":[[113.3309632,23.1288505],[113.3310406,23.128847],[113.3311473,23.1288422]]}},{"type":"Feature","id":1373419719,"properties":{"id":"1373419719","highway":"service","name":null,"oneway":false,"lanes":null,"maxheight":null,"maxweight":null,"maxwidth":null},"geometry":{"type":"LineString","coordinates":[[113.3200952,23.1271049],[113.3201632,23.1271209],[113.320282,23.1271487]]}},{"type":"Feature","id":1373419720,"properties":{"id":"1373419720","highway":"service","name":null,"oneway":false,"lanes":null,"maxheight":null,"maxweight":null,"maxwidth":null},"geometry":{"type":"LineString","coordinates":[[113.320282,23.1271487],[113.320318,23.1272266],[113.3204228,23.1272665]]}},{"type":"Feature","id":1373419721,"properties":{"id":"1373419721","highway":"service","name":null,"oneway":false,"lanes":null,"maxheight":null,"maxweight":null,"maxwidth":null},"geometry":{"type":"LineString","coordinates":[[113.320282,23.1271487],[113.320354,23.1271039],[113.320462,23.1271409]]}},{"type":"Feature","id":1373419722,"properties":{"id":"1373419722","highway":"service","name":null,"oneway":false,"lanes":null,"maxheight":null,"maxweight":null,"maxwidth":null},"geometry":{"type":"LineString","coordinates":[[113.3201912,23.1268601],[113.3202558,23.1268827],[113.3203421,23.126913],[113.3204405,23.1269228],[113.3205478,23.1268866],[113.3206068,23.126839]]}},{"type":"Feature","id":1373419729,"properties":{"id":"1373419729","highway":"service","name":null,"oneway":false,"lanes":null,"maxheight":null,"maxweight":null,"maxwidth":null},"geometry":{"type":"LineString","coordinates":[[113.3207666,23.1250416],[113.3208578,23.1250474],[113.3209642,23.1250541]]}},{"type":"Feature","id":1373419733,"properties":{"id":"1373419733","highway":"service","name":null,"oneway":false,"lanes":null,"maxheight":null,"maxweight":null,"maxwidth":null},"geometry":{"type":"LineString","coordinates":[[113.3208073,23.1248316],[113.3208868,23.1248361],[113.3209896,23.1248419]]}},{"type":"Feature","id":1373419737,"properties":{"id":"1373419737","highway":"service","name":null,"oneway":true,"lanes":null,"maxheight":null,"maxweight":null,"maxwidth":null},"geometry":{"type":"LineString","coordinates":[[113.3206158,23.1253504],[113.3203697,23.1253085]]}},{"type":"Feature","id":1373419738,"properties":{"id":"1373419738","highway":"service","name":null,"oneway":true,"lanes":null,"maxheight":null,"maxweight":null,"maxwidth":null},"geometry":{"type":"LineString","coordinates":[[113.3205669,23.1240947],[113.3206967,23.1241068],[113.3208248,23.1241188]]}},{"type":"Feature","id":1373419746,"properties":{"id":"1373419746","highway":"service","name":null,"oneway":true,"lanes":null,"maxheight":null,"maxweight":null,"maxwidth":null},"geometry":{"type":"LineString","coordinates":[[113.3208277,23.1234039],[113.3207132,23.1234175],[113.3205627,23.1234353]]}},{"type":"Feature","id":1373419750,"properties":{"id":"1373419750","highway":"secondary","name":"珠江东路","oneway":true,"lanes":null,"maxheight":null,"maxweight":null,"maxwidth":null},"geometry":{"type":"LineString","coordinates":[[113.3179698,23.1221396],[113.3182697,23.1220659],[113.3191775,23.1219896],[113.3202064,23.1219214],[113.3203993,23.1219743]]}},{"type":"Feature","id":1373419751,"properties":{"id":"1373419751","highway":"secondary","name":"珠江东路","oneway":true,"lanes":null,"maxheight":null,"maxweight":null,"maxwidth":null},"geometry":{"type":"LineString","coordinates":[[113.3176789,23.1225167],[113.3177068,23.1224627],[113.3177954,23.1222929],[113.3179361,23.122149],[113.3179698,23.1221396]]}},{"type":"Feature","id":1373419752,"properties":{"id":"1373419752","highway":"secondary","name":"珠江东路","oneway":true,"lanes":null,"maxheight":null,"maxweight":null,"maxwidth":null},"geometry":{"type":"LineString","coordinates":[[113.3203993,23.1219743],[113.3204522,23.1220017],[113.3205411,23.1220663],[113.3206461,23.1222016]]}},{"type":"Feature","id":1373419753,"properties":{"id":"1373419753","highway":"service","name":null,"oneway":true,"lanes":null,"maxheight":null,"maxweight":null,"maxwidth":null},"geometry":{"type":"LineString","coordinates":[[113.3204381,23.1222102],[113.3205598,23.1222209],[113.3206649,23.1222823]]}},{"type":"Feature","id":1373419754,"properties":{"id":"1373419754","highway":"service","name":null,"oneway":true,"lanes":null,"maxheight":null,"maxweight":null,"maxwidth":null},"geometry":{"type":"LineString","coordinates":[[113.3203057,23.1222475],[113.3204381,23.1222102]]}},{"type":"Feature","id":1373419757,"properties":{"id":"1373419757","highway":"service","name":null,"oneway":false,"lanes":null,"maxheight":null,"maxweight":null,"maxwidth":null},"geometry":{"type":"LineString","coordinates":[[113.320149,23.1199631],[113.3201518,23.1200007],[113.3201628,23.1201503]]}},{"type":"Feature","id":1373650687,"properties":{"id":"1373650687","highway":"tertiary","name":"兴民路","oneway":false,"lanes":null,"maxheight":null,"maxweight":null,"maxwidth":null},"geometry":{"type":"LineString","coordinates":[[113.3278974,23.1193269],[113.3279916,23.1192971],[113.3280584,23.1192658],[113.3281133,23.1192207]]}},{"type":"Feature","id":1374133753,"properties":{"id":"1374133753","highway":"service","name":null,"oneway":false,"lanes":null,"maxheight":null,"maxweight":null,"maxwidth":null},"geometry":{"type":"LineString","coordinates":[[113.3185326,23.1288486],[113.3185748,23.128917],[113.3186412,23.1289624],[113.3187612,23.1289921]]}},{"type":"Feature","id":1374133779,"properties":{"id":"1374133779","highway":"service","name":null,"oneway":true,"lanes":null,"maxheight":null,"maxweight":null,"maxwidth":null},"geometry":{"type":"LineString","coordinates":[[113.3176256,23.12478],[113.3176851,23.1247733],[113.3177117,23.1247703],[113.317959,23.1247424],[113.3181172,23.1245662],[113.318151,23.1247859],[113.3181831,23.1249941],[113.3179791,23.1248633]]}},{"type":"Feature","id":1374133780,"properties":{"id":"1374133780","highway":"service","name":null,"oneway":true,"lanes":null,"maxheight":null,"maxweight":null,"maxwidth":null},"geometry":{"type":"LineString","coordinates":[[113.3179791,23.1248633],[113.317729,23.1248911],[113.3177014,23.1248942],[113.317642,23.1249008]]}},{"type":"Feature","id":1374133783,"properties":{"id":"1374133783","highway":"service","name":null,"oneway":true,"lanes":null,"maxheight":null,"maxweight":null,"maxwidth":null},"geometry":{"type":"LineString","coordinates":[[113.3178941,23.1253709],[113.3178801,23.1253715],[113.3178373,23.1253497],[113.3177926,23.1252907],[113.3177661,23.1252175],[113.3177378,23.1251229],[113.3177205,23.1250297],[113.3177126,23.1249779],[113.3177014,23.1248942],[113.3176851,23.1247733]]}},{"type":"Feature","id":1374133784,"properties":{"id":"1374133784","highway":"service","name":null,"oneway":true,"lanes":null,"maxheight":null,"maxweight":null,"maxwidth":null},"geometry":{"type":"LineString","coordinates":[[113.317942,23.125369],[113.3178941,23.1253709]]}},{"type":"Feature","id":1374133785,"properties":{"id":"1374133785","highway":"service","name":null,"oneway":true,"lanes":null,"maxheight":null,"maxweight":null,"maxwidth":null},"geometry":{"type":"LineString","coordinates":[[113.3175667,23.1243402],[113.3176573,23.1243286],[113.317746,23.1243173]]}},{"type":"Feature","id":1374133786,"properties":{"id":"1374133786","highway":"service","name":null,"oneway":true,"lanes":null,"maxheight":null,"maxweight":null,"maxwidth":null},"geometry":{"type":"LineString","coordinates":[[113.317746,23.1243173],[113.3178052,23.1243097]]}},{"type":"Feature","id":1374133789,"properties":{"id":"1374133789","highway":"service","name":null,"oneway":false,"lanes":null,"maxheight":null,"maxweight":null,"maxwidth":null},"geometry":{"type":"LineString","coordinates":[[113.317561,23.1242971],[113.3174867,23.1242462],[113.3174156,23.1241498],[113.3173847,23.1240371],[113.3173735,23.1237274]]}},{"type":"Feature","id":1374133799,"properties":{"id":"1374133799","highway":"service","name":null,"oneway":true,"lanes":null,"maxheight":null,"maxweight":null,"maxwidth":null},"geometry":{"type":"LineString","coordinates":[[113.3175367,23.1236822],[113.3176167,23.1236918],[113.3176661,23.1236976]]}},{"type":"Feature","id":1374133800,"properties":{"id":"1374133800","highway":"service","name":null,"oneway":true,"lanes":null,"maxheight":null,"maxweight":null,"maxwidth":null},"geometry":{"type":"LineString","coordinates":[[113.3176661,23.1236976],[113.3177753,23.1237106]]}},{"type":"Feature","id":1374133801,"properties":{"id":"1374133801","highway":"service","name":null,"oneway":true,"lanes":null,"maxheight":null,"maxweight":null,"maxwidth":null},"geometry":{"type":"LineString","coordinates":[[113.3178188,23.122489],[113.3177068,23.1224627]]}},{"type":"Feature","id":1374133802,"properties":{"id":"1374133802","highway":"service","name":null,"oneway":true,"lanes":null,"maxheight":null,"maxweight":null,"maxwidth":null},"geometry":{"type":"LineString","coordinates":[[113.3179332,23.1225233],[113.3178188,23.122489]]}},{"type":"Feature","id":1374133822,"properties":{"id":"1374133822","highway":"service","name":null,"oneway":false,"lanes":null,"maxheight":null,"maxweight":null,"maxwidth":null},"geometry":{"type":"LineString","coordinates":[[113.316691,23.1207621],[113.3166922,23.1208192],[113.3166967,23.1210456]]}},{"type":"Feature","id":1374160448,"properties":{"id":"1374160448","highway":"service","name":null,"oneway":false,"lanes":null,"maxheight":null,"maxweight":null,"maxwidth":null},"geometry":{"type":"LineString","coordinates":[[113.3233937,23.117964],[113.3233943,23.1180617],[113.3233955,23.1182813]]}},{"type":"Feature","id":1374160473,"properties":{"id":"1374160473","highway":"service","name":null,"oneway":false,"lanes":null,"maxheight":null,"maxweight":null,"maxwidth":null},"geometry":{"type":"LineString","coordinates":[[113.3137093,23.118646],[113.313708,23.1185845],[113.3137031,23.1183469]]}},{"type":"Feature","id":1374160478,"properties":{"id":"1374160478","highway":"service","name":null,"oneway":false,"lanes":null,"maxheight":null,"maxweight":null,"maxwidth":null},"geometry":{"type":"LineString","coordinates":[[113.3253062,23.1189655],[113.325386,23.1189686],[113.3255407,23.1189701],[113.3256487,23.1191808],[113.325724,23.1193279]]}},{"type":"Feature","id":1374160496,"properties":{"id":"1374160496","highway":"service","name":null,"oneway":true,"lanes":null,"maxheight":null,"maxweight":null,"maxwidth":null},"geometry":{"type":"LineString","coordinates":[[113.3272856,23.1180882],[113.3272488,23.1181272],[113.3270826,23.1183034]]}},{"type":"Feature","id":1374160497,"properties":{"id":"1374160497","highway":"service","name":null,"oneway":true,"lanes":null,"maxheight":null,"maxweight":null,"maxwidth":null},"geometry":{"type":"LineString","coordinates":[[113.3270237,23.1182597],[113.3271941,23.1180818],[113.327231,23.1180433]]}},{"type":"Feature","id":1374160499,"properties":{"id":"1374160499","highway":"service","name":null,"oneway":false,"lanes":null,"maxheight":null,"maxweight":null,"maxwidth":null},"geometry":{"type":"LineString","coordinates":[[113.3257294,23.1194814],[113.325727,23.1194114],[113.325724,23.1193279]]}},{"type":"Feature","id":1374160500,"properties":{"id":"1374160500","highway":"service","name":null,"oneway":false,"lanes":null,"maxheight":null,"maxweight":null,"maxwidth":null},"geometry":{"type":"LineString","coordinates":[[113.3257211,23.1192438],[113.3257197,23.1192016]]}},{"type":"Feature","id":1374160504,"properties":{"id":"1374160504","highway":"service","name":null,"oneway":false,"lanes":null,"maxheight":null,"maxweight":null,"maxwidth":null},"geometry":{"type":"LineString","coordinates":[[113.325724,23.1193279],[113.3257211,23.1192438]]}},{"type":"Feature","id":1374160509,"properties":{"id":"1374160509","highway":"service","name":null,"oneway":false,"lanes":null,"maxheight":null,"maxweight":null,"maxwidth":null},"geometry":{"type":"LineString","coordinates":[[113.3265712,23.1196318],[113.3265605,23.1194993],[113.3265537,23.1194227]]}},{"type":"Feature","id":1374426255,"properties":{"id":"1374426255","highway":"service","name":null,"oneway":false,"lanes":null,"maxheight":null,"maxweight":null,"maxwidth":null},"geometry":{"type":"LineString","coordinates":[[113.3271707,23.1232081],[113.3271795,23.1233111],[113.3271859,23.1233865]]}},{"type":"Feature","id":1374426265,"properties":{"id":"1374426265","highway":"service","name":null,"oneway":false,"lanes":null,"maxheight":null,"maxweight":null,"maxwidth":null},"geometry":{"type":"LineString","coordinates":[[113.3240612,23.1243142],[113.32409,23.1243093],[113.3241423,23.1243003]]}},{"type":"Feature","id":1374426266,"properties":{"id":"1374426266","highway":"service","name":null,"oneway":false,"lanes":null,"maxheight":null,"maxweight":null,"maxwidth":null},"geometry":{"type":"LineString","coordinates":[[113.3241423,23.1243003],[113.3242111,23.1242898]]}},{"type":"Feature","id":1374426302,"properties":{"id":"1374426302","highway":"service","name":null,"oneway":false,"lanes":null,"maxheight":null,"maxweight":null,"maxwidth":null},"geometry":{"type":"LineString","coordinates":[[113.325329,23.1243049],[113.3253991,23.1243023],[113.3257581,23.1242889]]}},{"type":"Feature","id":1374426305,"properties":{"id":"1374426305","highway":"service","name":null,"oneway":false,"lanes":null,"maxheight":null,"maxweight":null,"maxwidth":null},"geometry":{"type":"LineString","coordinates":[[113.3253314,23.1248082],[113.3252554,23.1248112],[113.3250688,23.1248184]]}},{"type":"Feature","id":1374426309,"properties":{"id":"1374426309","highway":"service","name":null,"oneway":false,"lanes":null,"maxheight":null,"maxweight":null,"maxwidth":null},"geometry":{"type":"LineString","coordinates":[[113.3266761,23.1252771],[113.3266732,23.1252298],[113.3266671,23.1251281],[113.3266595,23.1250031]]}},{"type":"Feature","id":1374426310,"properties":{"id":"1374426310","highway":"service","name":null,"oneway":false,"lanes":null,"maxheight":null,"maxweight":null,"maxwidth":null},"geometry":{"type":"LineString","coordinates":[[113.3266671,23.1251281],[113.3255802,23.1251897],[113.3255263,23.1251212],[113.3255168,23.1248699]]}},{"type":"Feature","id":1374426313,"properties":{"id":"1374426313","highway":"service","name":null,"oneway":false,"lanes":null,"maxheight":null,"maxweight":null,"maxwidth":null},"geometry":{"type":"LineString","coordinates":[[113.3266697,23.1255908],[113.3266721,23.1256966],[113.3266754,23.1258444]]}},{"type":"Feature","id":1374426329,"properties":{"id":"1374426329","highway":"service","name":null,"oneway":false,"lanes":null,"maxheight":null,"maxweight":null,"maxwidth":null},"geometry":{"type":"LineString","coordinates":[[113.3227612,23.1307601],[113.3228435,23.130757],[113.3230697,23.1307485]]}},{"type":"Feature","id":1374426334,"properties":{"id":"1374426334","highway":"service","name":null,"oneway":false,"lanes":null,"maxheight":null,"maxweight":null,"maxwidth":null},"geometry":{"type":"LineString","coordinates":[[113.3221111,23.1323642],[113.3221123,23.1324062],[113.3221161,23.1325351]]}},{"type":"Feature","id":1374426352,"properties":{"id":"1374426352","highway":"service","name":null,"oneway":false,"lanes":null,"maxheight":null,"maxweight":null,"maxwidth":null},"geometry":{"type":"LineString","coordinates":[[113.3233498,23.1376268],[113.3233495,23.1375724],[113.3233491,23.1375078]]}},{"type":"Feature","id":1374465725,"properties":{"id":"1374465725","highway":"service","name":null,"oneway":false,"lanes":null,"maxheight":null,"maxweight":null,"maxwidth":null},"geometry":{"type":"LineString","coordinates":[[113.3197337,23.1439506],[113.3195632,23.1440652],[113.3195479,23.1440745],[113.3195274,23.144083],[113.3195009,23.1440859],[113.3192327,23.1440786],[113.31921,23.1440763],[113.3191879,23.1440655],[113.3191729,23.1440511],[113.3190236,23.1439063]]}},{"type":"Feature","id":1374465729,"properties":{"id":"1374465729","highway":"service","name":null,"oneway":false,"lanes":null,"maxheight":null,"maxweight":null,"maxwidth":null},"geometry":{"type":"LineString","coordinates":[[113.3176088,23.1438372],[113.3176082,23.1439332],[113.3176061,23.1442655],[113.3176302,23.1448123],[113.3184254,23.1448195]]}},{"type":"Feature","id":1374465732,"properties":{"id":"1374465732","highway":"service","name":null,"oneway":true,"lanes":null,"maxheight":null,"maxweight":null,"maxwidth":null},"geometry":{"type":"LineString","coordinates":[[113.3175023,23.1438316],[113.3175002,23.1439273],[113.3174938,23.1442213],[113.3174394,23.1443167],[113.3173684,23.1443486],[113.3172721,23.1443454],[113.3172195,23.1443136],[113.3171608,23.1442261],[113.3171617,23.1439113],[113.3171619,23.1438171]]}},{"type":"Feature","id":1374465745,"properties":{"id":"1374465745","highway":"service","name":null,"oneway":false,"lanes":null,"maxheight":null,"maxweight":null,"maxwidth":null},"geometry":{"type":"LineString","coordinates":[[113.3161289,23.1412829],[113.3160595,23.1412556],[113.3160187,23.1412395],[113.3160156,23.1409704],[113.3160587,23.1409477],[113.3161272,23.1409117]]}},{"type":"Feature","id":1374465759,"properties":{"id":"1374465759","highway":"service","name":null,"oneway":false,"lanes":null,"maxheight":null,"maxweight":null,"maxwidth":null},"geometry":{"type":"LineString","coordinates":[[113.3161302,23.1391205],[113.3160582,23.1391202],[113.3155528,23.1391185]]}},{"type":"Feature","id":1374465768,"properties":{"id":"1374465768","highway":"service","name":null,"oneway":true,"lanes":null,"maxheight":null,"maxweight":null,"maxwidth":null},"geometry":{"type":"LineString","coordinates":[[113.3164752,23.1349092],[113.3164637,23.1349368],[113.316434,23.1349567],[113.3163894,23.1349694],[113.3163701,23.134975],[113.3163134,23.1349813]]}},{"type":"Feature","id":1374465769,"properties":{"id":"1374465769","highway":"service","name":null,"oneway":true,"lanes":null,"maxheight":null,"maxweight":null,"maxwidth":null},"geometry":{"type":"LineString","coordinates":[[113.3164711,23.1346779],[113.3164752,23.1349092]]}},{"type":"Feature","id":1374465770,"properties":{"id":"1374465770","highway":"service","name":null,"oneway":true,"lanes":null,"maxheight":null,"maxweight":null,"maxwidth":null},"geometry":{"type":"LineString","coordinates":[[113.3162746,23.1343523],[113.3163472,23.1343766],[113.3164177,23.1344002],[113.3164525,23.1344287],[113.3164655,23.13446]]}},{"type":"Feature","id":1374465771,"properties":{"id":"1374465771","highway":"service","name":null,"oneway":true,"lanes":null,"maxheight":null,"maxweight":null,"maxwidth":null},"geometry":{"type":"LineString","coordinates":[[113.3164655,23.13446],[113.3164711,23.1346779]]}},{"type":"Feature","id":1374465779,"properties":{"id":"1374465779","highway":"service","name":null,"oneway":false,"lanes":null,"maxheight":null,"maxweight":null,"maxwidth":null},"geometry":{"type":"LineString","coordinates":[[113.3158837,23.1331467],[113.3158199,23.1331748],[113.3157347,23.1332085],[113.3155597,23.1331874]]}},{"type":"Feature","id":1374465780,"properties":{"id":"1374465780","highway":"service","name":null,"oneway":false,"lanes":null,"maxheight":null,"maxweight":null,"maxwidth":null},"geometry":{"type":"LineString","coordinates":[[113.3155597,23.1331874],[113.315491,23.1332081]]}},{"type":"Feature","id":1374465788,"properties":{"id":"1374465788","highway":"service","name":null,"oneway":false,"lanes":null,"maxheight":null,"maxweight":null,"maxwidth":null},"geometry":{"type":"LineString","coordinates":[[113.3165097,23.1319477],[113.3165115,23.1319817],[113.3165148,23.1320437]]}},{"type":"Feature","id":1374465824,"properties":{"id":"1374465824","highway":"service","name":null,"oneway":true,"lanes":null,"maxheight":null,"maxweight":null,"maxwidth":null},"geometry":{"type":"LineString","coordinates":[[113.3204932,23.1353268],[113.320547,23.1353589],[113.3206125,23.1353979],[113.3206156,23.1355308],[113.3205543,23.1355761],[113.3205025,23.1356144]]}},{"type":"Feature","id":1374671522,"properties":{"id":"1374671522","highway":"service","name":null,"oneway":false,"lanes":null,"maxheight":null,"maxweight":null,"maxwidth":null},"geometry":{"type":"LineString","coordinates":[[113.3140922,23.1284684],[113.3140914,23.1284131],[113.3140665,23.1267136],[113.3140632,23.1265772]]}},{"type":"Feature","id":1374671531,"properties":{"id":"1374671531","highway":"service","name":null,"oneway":false,"lanes":null,"maxheight":null,"maxweight":null,"maxwidth":null},"geometry":{"type":"LineString","coordinates":[[113.3126218,23.126954],[113.3126104,23.1268318],[113.312601,23.1267315]]}},{"type":"Feature","id":1374671532,"properties":{"id":"1374671532","highway":"service","name":null,"oneway":false,"lanes":null,"maxheight":null,"maxweight":null,"maxwidth":null},"geometry":{"type":"LineString","coordinates":[[113.3121849,23.1273238],[113.3121708,23.1270831],[113.3121672,23.1270286],[113.3122027,23.1269861],[113.3126218,23.126954],[113.3128544,23.1269362],[113.3129754,23.1270204],[113.3130122,23.1275436],[113.3129476,23.1275471],[113.3122701,23.1275847],[113.3121963,23.1275119],[113.3121849,23.1273238]]}},{"type":"Feature","id":1374671533,"properties":{"id":"1374671533","highway":"service","name":null,"oneway":false,"lanes":null,"maxheight":null,"maxweight":null,"maxwidth":null},"geometry":{"type":"LineString","coordinates":[[113.3121708,23.1270831],[113.3122135,23.1270807]]}},{"type":"Feature","id":1374671534,"properties":{"id":"1374671534","highway":"service","name":null,"oneway":false,"lanes":null,"maxheight":null,"maxweight":null,"maxwidth":null},"geometry":{"type":"LineString","coordinates":[[113.3130122,23.1275436],[113.313087,23.1275384],[113.3131512,23.127534]]}},{"type":"Feature","id":1374671550,"properties":{"id":"1374671550","highway":"service","name":null,"oneway":false,"lanes":null,"maxheight":null,"maxweight":null,"maxwidth":null},"geometry":{"type":"LineString","coordinates":[[113.3128958,23.1257303],[113.3128986,23.12578],[113.3129017,23.1258374]]}},{"type":"Feature","id":1374671569,"properties":{"id":"1374671569","highway":"service","name":null,"oneway":false,"lanes":null,"maxheight":null,"maxweight":null,"maxwidth":null},"geometry":{"type":"LineString","coordinates":[[113.3131154,23.1231071],[113.3131749,23.1231033],[113.313239,23.1230992]]}},{"type":"Feature","id":1374671575,"properties":{"id":"1374671575","highway":"service","name":null,"oneway":false,"lanes":null,"maxheight":null,"maxweight":null,"maxwidth":null},"geometry":{"type":"LineString","coordinates":[[113.3143592,23.1222558],[113.3143679,23.1223515],[113.3144548,23.1235565],[113.3144595,23.1236227]]}},{"type":"Feature","id":1374671578,"properties":{"id":"1374671578","highway":"service","name":null,"oneway":false,"lanes":null,"maxheight":null,"maxweight":null,"maxwidth":null},"geometry":{"type":"LineString","coordinates":[[113.3140203,23.1236586],[113.3140149,23.1235904],[113.3140034,23.1234437]]}},{"type":"Feature","id":1374671579,"properties":{"id":"1374671579","highway":"service","name":null,"oneway":false,"lanes":null,"maxheight":null,"maxweight":null,"maxwidth":null},"geometry":{"type":"LineString","coordinates":[[113.3138383,23.1236726],[113.3138451,23.1237406],[113.3138509,23.1237991],[113.3138636,23.1239392]]}},{"type":"Feature","id":1374671589,"properties":{"id":"1374671589","highway":"service","name":null,"oneway":false,"lanes":null,"maxheight":null,"maxweight":null,"maxwidth":null},"geometry":{"type":"LineString","coordinates":[[113.3161466,23.1234553],[113.3161426,23.1233811],[113.31614,23.1233338]]}},{"type":"Feature","id":1374671593,"properties":{"id":"1374671593","highway":"service","name":null,"oneway":false,"lanes":null,"maxheight":null,"maxweight":null,"maxwidth":null},"geometry":{"type":"LineString","coordinates":[[113.3159502,23.1252436],[113.3160376,23.1252426],[113.3161245,23.1252417],[113.3161838,23.1252933],[113.3161838,23.1255387],[113.3161348,23.1255802],[113.3160448,23.1255801],[113.3159466,23.1255799]]}},{"type":"Feature","id":1374671603,"properties":{"id":"1374671603","highway":"service","name":null,"oneway":false,"lanes":null,"maxheight":null,"maxweight":null,"maxwidth":null},"geometry":{"type":"LineString","coordinates":[[113.3169249,23.1247596],[113.31693,23.1248344],[113.316934,23.1248943]]}},{"type":"Feature","id":1374671604,"properties":{"id":"1374671604","highway":"service","name":null,"oneway":false,"lanes":null,"maxheight":null,"maxweight":null,"maxwidth":null},"geometry":{"type":"LineString","coordinates":[[113.3169249,23.1247596],[113.3169185,23.1246698],[113.3169155,23.1246286]]}},{"type":"Feature","id":1374671609,"properties":{"id":"1374671609","highway":"service","name":null,"oneway":false,"lanes":null,"maxheight":null,"maxweight":null,"maxwidth":null},"geometry":{"type":"LineString","coordinates":[[113.3163749,23.1234378],[113.3163708,23.1233644],[113.3163666,23.1232884]]}},{"type":"Feature","id":1374671610,"properties":{"id":"1374671610","highway":"service","name":null,"oneway":true,"lanes":null,"maxheight":null,"maxweight":null,"maxwidth":null},"geometry":{"type":"LineString","coordinates":[[113.3164281,23.1234335],[113.3164238,23.1233605],[113.3164193,23.1232851]]}},{"type":"Feature","id":1374671611,"properties":{"id":"1374671611","highway":"service","name":null,"oneway":true,"lanes":null,"maxheight":null,"maxweight":null,"maxwidth":null},"geometry":{"type":"LineString","coordinates":[[113.3164193,23.1232851],[113.3164248,23.1232654],[113.316446,23.1232514]]}},{"type":"Feature","id":1374671612,"properties":{"id":"1374671612","highway":"service","name":null,"oneway":false,"lanes":null,"maxheight":null,"maxweight":null,"maxwidth":null},"geometry":{"type":"LineString","coordinates":[[113.3163666,23.1232884],[113.3163758,23.1232606],[113.3163974,23.1232367],[113.3164189,23.1232261]]}},{"type":"Feature","id":1374671616,"properties":{"id":"1374671616","highway":"service","name":null,"oneway":true,"lanes":null,"maxheight":null,"maxweight":null,"maxwidth":null},"geometry":{"type":"LineString","coordinates":[[113.3132309,23.1275303],[113.3132987,23.1275272],[113.3134413,23.1275205]]}},{"type":"Feature","id":1374671618,"properties":{"id":"1374671618","highway":"service","name":null,"oneway":false,"lanes":null,"maxheight":null,"maxweight":null,"maxwidth":null},"geometry":{"type":"LineString","coordinates":[[113.3131535,23.1276821],[113.3130899,23.1276863],[113.312643,23.1277157]]}},{"type":"Feature","id":1374671630,"properties":{"id":"1374671630","highway":"service","name":null,"oneway":false,"lanes":null,"maxheight":null,"maxweight":null,"maxwidth":null},"geometry":{"type":"LineString","coordinates":[[113.3130042,23.1294691],[113.3130875,23.1294611],[113.3131127,23.1294585],[113.3131671,23.129453]]}},{"type":"Feature","id":1374671644,"properties":{"id":"1374671644","highway":"service","name":null,"oneway":false,"lanes":null,"maxheight":null,"maxweight":null,"maxwidth":null},"geometry":{"type":"LineString","coordinates":[[113.3136655,23.1285002],[113.3136715,23.1285499],[113.3136815,23.1286339]]}},{"type":"Feature","id":1374671646,"properties":{"id":"1374671646","highway":"service","name":null,"oneway":false,"lanes":null,"maxheight":null,"maxweight":null,"maxwidth":null},"geometry":{"type":"LineString","coordinates":[[113.3142177,23.128459],[113.3142168,23.1284031],[113.3142142,23.128228]]}},{"type":"Feature","id":1374671647,"properties":{"id":"1374671647","highway":"service","name":null,"oneway":false,"lanes":null,"maxheight":null,"maxweight":null,"maxwidth":null},"geometry":{"type":"LineString","coordinates":[[113.3140922,23.1284684],[113.3140928,23.1285201],[113.3140943,23.1286375]]}},{"type":"Feature","id":1374671653,"properties":{"id":"1374671653","highway":"service","name":null,"oneway":false,"lanes":null,"maxheight":null,"maxweight":null,"maxwidth":null},"geometry":{"type":"LineString","coordinates":[[113.3147046,23.1285678],[113.3146965,23.1284756],[113.314692,23.1284237]]}},{"type":"Feature","id":1374671662,"properties":{"id":"1374671662","highway":"service","name":null,"oneway":false,"lanes":null,"maxheight":null,"maxweight":null,"maxwidth":null},"geometry":{"type":"LineString","coordinates":[[113.31385,23.1202878],[113.3138496,23.12023],[113.3138494,23.1201958],[113.313849,23.1201452]]}},{"type":"Feature","id":1374781441,"properties":{"id":"1374781441","highway":"service","name":null,"oneway":false,"lanes":null,"maxheight":null,"maxweight":null,"maxwidth":null},"geometry":{"type":"LineString","coordinates":[[113.3169207,23.1319439],[113.3169217,23.1319786],[113.3169232,23.1320347]]}},{"type":"Feature","id":1374781447,"properties":{"id":"1374781447","highway":"service","name":null,"oneway":false,"lanes":null,"maxheight":null,"maxweight":null,"maxwidth":null},"geometry":{"type":"LineString","coordinates":[[113.3181958,23.1316993],[113.3181971,23.1317349],[113.318202,23.1318632]]}},{"type":"Feature","id":1374781452,"properties":{"id":"1374781452","highway":"service","name":null,"oneway":false,"lanes":null,"maxheight":null,"maxweight":null,"maxwidth":null},"geometry":{"type":"LineString","coordinates":[[113.3191232,23.1314164],[113.3191244,23.1314485],[113.3191297,23.1315926]]}},{"type":"Feature","id":1374781458,"properties":{"id":"1374781458","highway":"service","name":null,"oneway":false,"lanes":null,"maxheight":null,"maxweight":null,"maxwidth":null},"geometry":{"type":"LineString","coordinates":[[113.3194992,23.1313662],[113.319503,23.1313984],[113.3195208,23.1315491]]}},{"type":"Feature","id":1374781466,"properties":{"id":"1374781466","highway":"service","name":null,"oneway":false,"lanes":null,"maxheight":null,"maxweight":null,"maxwidth":null},"geometry":{"type":"LineString","coordinates":[[113.3221983,23.1311775],[113.3221967,23.1311393],[113.3221852,23.1308759]]}},{"type":"Feature","id":1374781468,"properties":{"id":"1374781468","highway":"service","name":null,"oneway":false,"lanes":null,"maxheight":null,"maxweight":null,"maxwidth":null},"geometry":{"type":"LineString","coordinates":[[113.3237574,23.1343005],[113.3237615,23.1343643],[113.3237634,23.1343931],[113.3237952,23.1348862],[113.3249026,23.1348292],[113.3248789,23.1344605],[113.3248713,23.1343427],[113.3248696,23.1343172],[113.3248657,23.134257]]}},{"type":"Feature","id":1374781469,"properties":{"id":"1374781469","highway":"service","name":null,"oneway":false,"lanes":null,"maxheight":null,"maxweight":null,"maxwidth":null},"geometry":{"type":"LineString","coordinates":[[113.323918,23.134511],[113.3242589,23.1344931],[113.3248789,23.1344605]]}},{"type":"Feature","id":1374781475,"properties":{"id":"1374781475","highway":"service","name":null,"oneway":false,"lanes":null,"maxheight":null,"maxweight":null,"maxwidth":null},"geometry":{"type":"LineString","coordinates":[[113.3254869,23.1342338],[113.3254895,23.1342909],[113.3254908,23.1343179],[113.3254993,23.1345015]]}},{"type":"Feature","id":1374781480,"properties":{"id":"1374781480","highway":"service","name":null,"oneway":false,"lanes":null,"maxheight":null,"maxweight":null,"maxwidth":null},"geometry":{"type":"LineString","coordinates":[[113.3259881,23.134215],[113.3259908,23.1342701],[113.3259921,23.1342976],[113.3259971,23.1344008]]}},{"type":"Feature","id":1374781483,"properties":{"id":"1374781483","highway":"service","name":null,"oneway":false,"lanes":null,"maxheight":null,"maxweight":null,"maxwidth":null},"geometry":{"type":"LineString","coordinates":[[113.3269069,23.1341793],[113.326909,23.1342328],[113.3269101,23.1342614],[113.3269125,23.1343251],[113.3266729,23.1343332]]}},{"type":"Feature","id":1374781484,"properties":{"id":"1374781484","highway":"service","name":null,"oneway":false,"lanes":null,"maxheight":null,"maxweight":null,"maxwidth":null},"geometry":{"type":"LineString","coordinates":[[113.3269125,23.1343251],[113.3269195,23.1345012]]}},{"type":"Feature","id":1374781486,"properties":{"id":"1374781486","highway":"service","name":null,"oneway":false,"lanes":null,"maxheight":null,"maxweight":null,"maxwidth":null},"geometry":{"type":"LineString","coordinates":[[113.3270972,23.1341708],[113.3270988,23.1342244],[113.3270997,23.1342534],[113.3271089,23.1345532]]}},{"type":"Feature","id":1374781494,"properties":{"id":"1374781494","highway":"service","name":null,"oneway":false,"lanes":null,"maxheight":null,"maxweight":null,"maxwidth":null},"geometry":{"type":"LineString","coordinates":[[113.3277475,23.1341942],[113.3277447,23.1341376],[113.3277426,23.1341044],[113.3277286,23.1338782]]}},{"type":"Feature","id":1374781498,"properties":{"id":"1374781498","highway":"service","name":null,"oneway":false,"lanes":null,"maxheight":null,"maxweight":null,"maxwidth":null},"geometry":{"type":"LineString","coordinates":[[113.3241586,23.1326065],[113.3240641,23.1317908],[113.3240597,23.1317533]]}},{"type":"Feature","id":1374781503,"properties":{"id":"1374781503","highway":"service","name":null,"oneway":false,"lanes":null,"maxheight":null,"maxweight":null,"maxwidth":null},"geometry":{"type":"LineString","coordinates":[[113.3253299,23.1315555],[113.3253372,23.1315914],[113.3253728,23.1317656]]}},{"type":"Feature","id":1374781514,"properties":{"id":"1374781514","highway":"service","name":null,"oneway":false,"lanes":null,"maxheight":null,"maxweight":null,"maxwidth":null},"geometry":{"type":"LineString","coordinates":[[113.3182043,23.1183261],[113.3181822,23.1182928],[113.3181195,23.1181983],[113.3180168,23.118138]]}},{"type":"Feature","id":1374781521,"properties":{"id":"1374781521","highway":"service","name":null,"oneway":false,"lanes":null,"maxheight":null,"maxweight":null,"maxwidth":null},"geometry":{"type":"LineString","coordinates":[[113.3202331,23.1183335],[113.3201779,23.1183593],[113.3200425,23.1184225]]}},{"type":"Feature","id":1374781523,"properties":{"id":"1374781523","highway":"service","name":null,"oneway":false,"lanes":null,"maxheight":null,"maxweight":null,"maxwidth":null},"geometry":{"type":"LineString","coordinates":[[113.321409,23.1191622],[113.3214531,23.1191625],[113.3215216,23.1191629]]}},{"type":"Feature","id":1374781532,"properties":{"id":"1374781532","highway":"service","name":null,"oneway":true,"lanes":null,"maxheight":null,"maxweight":null,"maxwidth":null},"geometry":{"type":"LineString","coordinates":[[113.321561,23.1194305],[113.3215612,23.1194628],[113.3215616,23.1195123]]}},{"type":"Feature","id":1374781536,"properties":{"id":"1374781536","highway":"service","name":null,"oneway":false,"lanes":null,"maxheight":null,"maxweight":null,"maxwidth":null},"geometry":{"type":"LineString","coordinates":[[113.3214191,23.1201247],[113.3213755,23.1201048],[113.3213409,23.1200889],[113.3212827,23.1200793]]}},{"type":"Feature","id":1374781537,"properties":{"id":"1374781537","highway":"service","name":null,"oneway":true,"lanes":null,"maxheight":null,"maxweight":null,"maxwidth":null},"geometry":{"type":"LineString","coordinates":[[113.3215483,23.1200778],[113.3214586,23.1200735],[113.3214181,23.1200716]]}},{"type":"Feature","id":1374781540,"properties":{"id":"1374781540","highway":"service","name":null,"oneway":true,"lanes":null,"maxheight":null,"maxweight":null,"maxwidth":null},"geometry":{"type":"LineString","coordinates":[[113.321548,23.1205162],[113.3214646,23.1205148],[113.3214183,23.1205141]]}},{"type":"Feature","id":1374781542,"properties":{"id":"1374781542","highway":"service","name":null,"oneway":true,"lanes":null,"maxheight":null,"maxweight":null,"maxwidth":null},"geometry":{"type":"LineString","coordinates":[[113.3214138,23.1209259],[113.3214573,23.1209259],[113.3215307,23.1209259],[113.3215927,23.1208698]]}},{"type":"Feature","id":1385811052,"properties":{"id":"1385811052","highway":"living_street","name":"华就南竖街","oneway":true,"lanes":"1","maxheight":null,"maxweight":null,"maxwidth":null},"geometry":{"type":"LineString","coordinates":[[113.3147649,23.1177869],[113.3147653,23.1178251],[113.3147727,23.1185834],[113.3147733,23.1186448]]}},{"type":"Feature","id":1387043059,"properties":{"id":"1387043059","highway":"service","name":null,"oneway":false,"lanes":null,"maxheight":null,"maxweight":null,"maxwidth":null},"geometry":{"type":"LineString","coordinates":[[113.3531085,23.1266201],[113.3532308,23.1271874]]}},{"type":"Feature","id":1387043069,"properties":{"id":"1387043069","highway":"service","name":null,"oneway":false,"lanes":null,"maxheight":null,"maxweight":null,"maxwidth":null},"geometry":{"type":"LineString","coordinates":[[113.3534817,23.1297449],[113.3539035,23.1297537],[113.3538907,23.1299924],[113.3534614,23.1299869]]}},{"type":"Feature","id":1387043970,"properties":{"id":"1387043970","highway":"service","name":null,"oneway":false,"lanes":null,"maxheight":null,"maxweight":null,"maxwidth":null},"geometry":{"type":"LineString","coordinates":[[113.355709,23.1357069],[113.3557611,23.1357002],[113.3558281,23.1357009]]}},{"type":"Feature","id":1410834846,"properties":{"id":"1410834846","highway":"residential","name":null,"oneway":false,"lanes":null,"maxheight":null,"maxweight":null,"maxwidth":null},"geometry":{"type":"LineString","coordinates":[[113.3208662,23.1454975],[113.3208717,23.1451606],[113.3209221,23.1450344],[113.3210104,23.1449223],[113.3216089,23.1449198],[113.3222517,23.1449171],[113.3224296,23.1450241],[113.3224843,23.1451568],[113.3229532,23.1451445]]}},{"type":"Feature","id":1410834847,"properties":{"id":"1410834847","highway":"residential","name":null,"oneway":false,"lanes":null,"maxheight":null,"maxweight":null,"maxwidth":null},"geometry":{"type":"LineString","coordinates":[[113.3210104,23.1449223],[113.3211416,23.1447752],[113.3212707,23.1446565],[113.3216109,23.1446634],[113.3219891,23.144671],[113.3221679,23.1447969],[113.3222517,23.1449171]]}},{"type":"Feature","id":1410834848,"properties":{"id":"1410834848","highway":"living_street","name":null,"oneway":false,"lanes":null,"maxheight":null,"maxweight":null,"maxwidth":null},"geometry":{"type":"LineString","coordinates":[[113.3216089,23.1449198],[113.3216109,23.1446634],[113.3216265,23.1443116],[113.3216351,23.144129],[113.3216443,23.1440324]]}},{"type":"Feature","id":1410839621,"properties":{"id":"1410839621","highway":"living_street","name":null,"oneway":false,"lanes":null,"maxheight":null,"maxweight":null,"maxwidth":null},"geometry":{"type":"LineString","coordinates":[[113.319521,23.1441199],[113.3197577,23.1442537],[113.3199188,23.1443954],[113.3201677,23.1442583]]}},{"type":"Feature","id":1410839622,"properties":{"id":"1410839622","highway":"living_street","name":null,"oneway":false,"lanes":null,"maxheight":null,"maxweight":null,"maxwidth":null},"geometry":{"type":"LineString","coordinates":[[113.3199188,23.1443954],[113.3200532,23.1446532],[113.3201851,23.1446547]]}},{"type":"Feature","id":1410839623,"properties":{"id":"1410839623","highway":"residential","name":null,"oneway":false,"lanes":null,"maxheight":null,"maxweight":null,"maxwidth":null},"geometry":{"type":"LineString","coordinates":[[113.324575,23.1440356],[113.3245925,23.1435677],[113.3245984,23.1432711],[113.3246008,23.1428736],[113.3246028,23.1425556]]}},{"type":"Feature","id":1410839624,"properties":{"id":"1410839624","highway":"residential","name":null,"oneway":false,"lanes":null,"maxheight":null,"maxweight":null,"maxwidth":null},"geometry":{"type":"LineString","coordinates":[[113.3245925,23.1435677],[113.3241237,23.1435623],[113.3241279,23.1432526],[113.324133,23.1428753],[113.3246008,23.1428736]]}},{"type":"Feature","id":1410839625,"properties":{"id":"1410839625","highway":"residential","name":null,"oneway":false,"lanes":null,"maxheight":null,"maxweight":null,"maxwidth":null},"geometry":{"type":"LineString","coordinates":[[113.3239826,23.1432338],[113.3241279,23.1432526]]}},{"type":"Feature","id":1410839626,"properties":{"id":"1410839626","highway":"residential","name":null,"oneway":false,"lanes":null,"maxheight":null,"maxweight":null,"maxwidth":null},"geometry":{"type":"LineString","coordinates":[[113.3245925,23.1435677],[113.3250768,23.14358],[113.325512,23.1435886]]}},{"type":"Feature","id":1410839627,"properties":{"id":"1410839627","highway":"residential","name":null,"oneway":false,"lanes":null,"maxheight":null,"maxweight":null,"maxwidth":null},"geometry":{"type":"LineString","coordinates":[[113.3246008,23.1428736],[113.3250981,23.1428664],[113.3255073,23.1428605]]}},{"type":"Feature","id":1410839628,"properties":{"id":"1410839628","highway":"residential","name":null,"oneway":false,"lanes":null,"maxheight":null,"maxweight":null,"maxwidth":null},"geometry":{"type":"LineString","coordinates":[[113.3250768,23.14358],[113.325089,23.1432626],[113.3250981,23.1428664]]}},{"type":"Feature","id":1410839629,"properties":{"id":"1410839629","highway":"residential","name":null,"oneway":false,"lanes":null,"maxheight":null,"maxweight":null,"maxwidth":null},"geometry":{"type":"LineString","coordinates":[[113.3245984,23.1432711],[113.325089,23.1432626],[113.3255097,23.1432598]]}},{"type":"Feature","id":1410839630,"properties":{"id":"1410839630","highway":"residential","name":null,"oneway":false,"lanes":null,"maxheight":null,"maxweight":null,"maxwidth":null},"geometry":{"type":"LineString","coordinates":[[113.3255073,23.1428605],[113.3263248,23.1428591],[113.3269029,23.1428491]]}},{"type":"Feature","id":1410839631,"properties":{"id":"1410839631","highway":"residential","name":null,"oneway":false,"lanes":null,"maxheight":null,"maxweight":null,"maxwidth":null},"geometry":{"type":"LineString","coordinates":[[113.3263248,23.1428591],[113.3263337,23.1425038],[113.3263444,23.1420429],[113.3263526,23.1416799]]}},{"type":"Feature","id":1410839632,"properties":{"id":"1410839632","highway":"residential","name":null,"oneway":false,"lanes":null,"maxheight":null,"maxweight":null,"maxwidth":null},"geometry":{"type":"LineString","coordinates":[[113.3271179,23.1416755],[113.3270545,23.1420415],[113.3269701,23.1424962],[113.3269029,23.1428491]]}},{"type":"Feature","id":1410839633,"properties":{"id":"1410839633","highway":"residential","name":null,"oneway":false,"lanes":null,"maxheight":null,"maxweight":null,"maxwidth":null},"geometry":{"type":"LineString","coordinates":[[113.3269029,23.1428491],[113.3268337,23.1432137],[113.3267554,23.1436153]]}},{"type":"Feature","id":1410839634,"properties":{"id":"1410839634","highway":"residential","name":null,"oneway":false,"lanes":null,"maxheight":null,"maxweight":null,"maxwidth":null},"geometry":{"type":"LineString","coordinates":[[113.3269029,23.1428491],[113.3272848,23.1428448],[113.3273857,23.1428469]]}},{"type":"Feature","id":1410839635,"properties":{"id":"1410839635","highway":"residential","name":null,"oneway":false,"lanes":null,"maxheight":null,"maxweight":null,"maxwidth":null},"geometry":{"type":"LineString","coordinates":[[113.3255093,23.1432034],[113.3262258,23.1432089],[113.3268337,23.1432137]]}},{"type":"Feature","id":1410839636,"properties":{"id":"1410839636","highway":"residential","name":null,"oneway":false,"lanes":null,"maxheight":null,"maxweight":null,"maxwidth":null},"geometry":{"type":"LineString","coordinates":[[113.3262169,23.1436038],[113.3262258,23.1432089]]}},{"type":"Feature","id":1410839637,"properties":{"id":"1410839637","highway":"residential","name":null,"oneway":false,"lanes":null,"maxheight":null,"maxweight":null,"maxwidth":null},"geometry":{"type":"LineString","coordinates":[[113.3263337,23.1425038],[113.3269701,23.1424962]]}},{"type":"Feature","id":1410839638,"properties":{"id":"1410839638","highway":"residential","name":null,"oneway":false,"lanes":null,"maxheight":null,"maxweight":null,"maxwidth":null},"geometry":{"type":"LineString","coordinates":[[113.3263444,23.1420429],[113.3270545,23.1420415]]}},{"type":"Feature","id":1410839639,"properties":{"id":"1410839639","highway":"residential","name":null,"oneway":false,"lanes":null,"maxheight":null,"maxweight":null,"maxwidth":null},"geometry":{"type":"LineString","coordinates":[[113.3254992,23.141823],[113.3255016,23.1416494],[113.3251428,23.1415551]]}},{"type":"Feature","id":1410839640,"properties":{"id":"1410839640","highway":"residential","name":null,"oneway":false,"lanes":null,"maxheight":null,"maxweight":null,"maxwidth":null},"geometry":{"type":"LineString","coordinates":[[113.3260228,23.1416818],[113.3260135,23.141414],[113.3258623,23.1412249],[113.3258263,23.1411799]]}},{"type":"Feature","id":1410839641,"properties":{"id":"1410839641","highway":"residential","name":null,"oneway":false,"lanes":null,"maxheight":null,"maxweight":null,"maxwidth":null},"geometry":{"type":"LineString","coordinates":[[113.3258725,23.1407889],[113.3258847,23.1405788],[113.3262904,23.1400984]]}},{"type":"Feature","id":1410839642,"properties":{"id":"1410839642","highway":"residential","name":null,"oneway":false,"lanes":null,"maxheight":null,"maxweight":null,"maxwidth":null},"geometry":{"type":"LineString","coordinates":[[113.3264935,23.1416791],[113.3265179,23.141385],[113.3265469,23.1410304],[113.3265701,23.1407455],[113.3266229,23.1400976]]}},{"type":"Feature","id":1410839643,"properties":{"id":"1410839643","highway":"residential","name":null,"oneway":false,"lanes":null,"maxheight":null,"maxweight":null,"maxwidth":null},"geometry":{"type":"LineString","coordinates":[[113.3271179,23.1416755],[113.3271521,23.141309],[113.3271943,23.1407266]]}},{"type":"Feature","id":1410839644,"properties":{"id":"1410839644","highway":"residential","name":null,"oneway":false,"lanes":null,"maxheight":null,"maxweight":null,"maxwidth":null},"geometry":{"type":"LineString","coordinates":[[113.3271521,23.141309],[113.3275798,23.1413145],[113.3277223,23.1413156]]}},{"type":"Feature","id":1410839645,"properties":{"id":"1410839645","highway":"residential","name":null,"oneway":false,"lanes":null,"maxheight":null,"maxweight":null,"maxwidth":null},"geometry":{"type":"LineString","coordinates":[[113.3240124,23.1419332],[113.323176,23.1419157]]}},{"type":"Feature","id":1410839646,"properties":{"id":"1410839646","highway":"residential","name":"华晓街","oneway":false,"lanes":null,"maxheight":null,"maxweight":null,"maxwidth":null},"geometry":{"type":"LineString","coordinates":[[113.3256698,23.1397094],[113.3256449,23.1391396],[113.3255787,23.1376219]]}},{"type":"Feature","id":1412111698,"properties":{"id":"1412111698","highway":"residential","name":null,"oneway":false,"lanes":null,"maxheight":null,"maxweight":null,"maxwidth":null},"geometry":{"type":"LineString","coordinates":[[113.3244524,23.1397007],[113.3245697,23.1395021],[113.3244328,23.1393342],[113.3243871,23.1385937]]}},{"type":"Feature","id":1412111699,"properties":{"id":"1412111699","highway":"residential","name":null,"oneway":false,"lanes":null,"maxheight":null,"maxweight":null,"maxwidth":null},"geometry":{"type":"LineString","coordinates":[[113.3252121,23.1397061],[113.3250327,23.1394842],[113.3248045,23.1395441],[113.3245697,23.1395021]]}},{"type":"Feature","id":1412111700,"properties":{"id":"1412111700","highway":"residential","name":null,"oneway":false,"lanes":null,"maxheight":null,"maxweight":null,"maxwidth":null},"geometry":{"type":"LineString","coordinates":[[113.3250327,23.1394842],[113.3251664,23.1392113],[113.3256449,23.1391396]]}},{"type":"Feature","id":1412111701,"properties":{"id":"1412111701","highway":"service","name":null,"oneway":false,"lanes":null,"maxheight":null,"maxweight":null,"maxwidth":null},"geometry":{"type":"LineString","coordinates":[[113.3264488,23.1385109],[113.3280781,23.1386407],[113.328212,23.1386514]]}},{"type":"Feature","id":1412111702,"properties":{"id":"1412111702","highway":"service","name":null,"oneway":false,"lanes":null,"maxheight":null,"maxweight":null,"maxwidth":null},"geometry":{"type":"LineString","coordinates":[[113.3259457,23.1363869],[113.3269597,23.136294],[113.3276314,23.136318],[113.3281368,23.1363569],[113.3282542,23.1366478],[113.3283124,23.1369777]]}},{"type":"Feature","id":1412111703,"properties":{"id":"1412111703","highway":"service","name":null,"oneway":false,"lanes":null,"maxheight":null,"maxweight":null,"maxwidth":null},"geometry":{"type":"LineString","coordinates":[[113.3255745,23.1375082],[113.3257468,23.1369626],[113.3259457,23.1363869]]}},{"type":"Feature","id":1412111704,"properties":{"id":"1412111704","highway":"residential","name":null,"oneway":false,"lanes":null,"maxheight":null,"maxweight":null,"maxwidth":null},"geometry":{"type":"LineString","coordinates":[[113.3242704,23.1457641],[113.3243086,23.1442656],[113.3243116,23.144147]]}},{"type":"Feature","id":1412135031,"properties":{"id":"1412135031","highway":"residential","name":null,"oneway":false,"lanes":null,"maxheight":null,"maxweight":null,"maxwidth":null},"geometry":{"type":"LineString","coordinates":[[113.3265179,23.141385],[113.3260135,23.141414]]}},{"type":"Feature","id":1412135032,"properties":{"id":"1412135032","highway":"residential","name":null,"oneway":false,"lanes":null,"maxheight":null,"maxweight":null,"maxwidth":null},"geometry":{"type":"LineString","coordinates":[[113.3258623,23.1412249],[113.326067,23.1411457],[113.3261496,23.1410394],[113.3261943,23.1410384],[113.3265469,23.1410304]]}},{"type":"Feature","id":1412135033,"properties":{"id":"1412135033","highway":"residential","name":null,"oneway":false,"lanes":null,"maxheight":null,"maxweight":null,"maxwidth":null},"geometry":{"type":"LineString","coordinates":[[113.3261943,23.1410384],[113.3262038,23.1407477]]}},{"type":"Feature","id":1412135034,"properties":{"id":"1412135034","highway":"service","name":null,"oneway":false,"lanes":null,"maxheight":null,"maxweight":null,"maxwidth":null},"geometry":{"type":"LineString","coordinates":[[113.3221905,23.1479951],[113.3220551,23.1489134],[113.3229741,23.1488952],[113.3230392,23.1488951]]}},{"type":"Feature","id":1412135036,"properties":{"id":"1412135036","highway":"service","name":null,"oneway":false,"lanes":null,"maxheight":null,"maxweight":null,"maxwidth":null},"geometry":{"type":"LineString","coordinates":[[113.3245898,23.1457976],[113.3245817,23.1458613],[113.3245298,23.1463039],[113.3245084,23.1468333],[113.3245262,23.1474187],[113.3253347,23.147294]]}},{"type":"Feature","id":1428906197,"properties":{"id":"1428906197","highway":"trunk_link","name":null,"oneway":true,"lanes":null,"maxheight":null,"maxweight":null,"maxwidth":null},"geometry":{"type":"LineString","coordinates":[[113.3411468,23.1477607],[113.3416132,23.1476774],[113.3422307,23.147586],[113.3430185,23.1474093]]}},{"type":"Feature","id":1428906198,"properties":{"id":"1428906198","highway":"trunk","name":"广园路五山隧道","oneway":true,"lanes":"3","maxheight":null,"maxweight":null,"maxwidth":null},"geometry":{"type":"LineString","coordinates":[[113.3416552,23.1477513],[113.3405579,23.1479168],[113.3395855,23.148087]]}},{"type":"Feature","id":1428906200,"properties":{"id":"1428906200","highway":"trunk_link","name":null,"oneway":true,"lanes":null,"maxheight":null,"maxweight":null,"maxwidth":null},"geometry":{"type":"LineString","coordinates":[[113.3403368,23.1480515],[113.3403562,23.1479882],[113.3404067,23.1479239],[113.3404669,23.1478803]]}},{"type":"Feature","id":1428906201,"properties":{"id":"1428906201","highway":"trunk_link","name":null,"oneway":true,"lanes":null,"maxheight":null,"maxweight":null,"maxwidth":null},"geometry":{"type":"LineString","coordinates":[[113.3396235,23.1479219],[113.3399855,23.1479606],[113.3404669,23.1478803],[113.3409226,23.1477982],[113.3411468,23.1477607],[113.3413075,23.1477749],[113.3414209,23.1478171],[113.3415162,23.147858],[113.3416043,23.1479196],[113.341659,23.1479818],[113.3417017,23.1480481],[113.3417339,23.1481328]]}},{"type":"Feature","id":1429239746,"properties":{"id":"1429239746","highway":"service","name":null,"oneway":false,"lanes":null,"maxheight":null,"maxweight":null,"maxwidth":null},"geometry":{"type":"LineString","coordinates":[[113.316966,23.1308051],[113.3176987,23.1307531],[113.3179825,23.1307329],[113.3180019,23.1310929]]}},{"type":"Feature","id":1429239747,"properties":{"id":"1429239747","highway":"service","name":null,"oneway":false,"lanes":null,"maxheight":null,"maxweight":null,"maxwidth":null},"geometry":{"type":"LineString","coordinates":[[113.3179825,23.1307329],[113.318392,23.1307]]}},{"type":"Feature","id":1429264442,"properties":{"id":"1429264442","highway":"service","name":null,"oneway":true,"lanes":null,"maxheight":null,"maxweight":null,"maxwidth":null},"geometry":{"type":"LineString","coordinates":[[113.3357624,23.1185317],[113.3357566,23.1186814]]}},{"type":"Feature","id":1443036962,"properties":{"id":"1443036962","highway":"secondary","name":"冼村路","oneway":true,"lanes":null,"maxheight":null,"maxweight":null,"maxwidth":null},"geometry":{"type":"LineString","coordinates":[[113.3226193,23.1220188],[113.3226215,23.1221556],[113.3226285,23.1225387],[113.3226304,23.1226437]]}},{"type":"Feature","id":1443036963,"properties":{"id":"1443036963","highway":"secondary","name":"冼村路","oneway":true,"lanes":null,"maxheight":null,"maxweight":null,"maxwidth":null},"geometry":{"type":"LineString","coordinates":[[113.3225435,23.1283394],[113.322549,23.127989],[113.3225168,23.1267546]]}},{"type":"Feature","id":1444828662,"properties":{"id":"1444828662","highway":"secondary","name":"五山路","oneway":true,"lanes":null,"maxheight":null,"maxweight":null,"maxwidth":null},"geometry":{"type":"LineString","coordinates":[[113.3401158,23.1431734],[113.3403909,23.1435173]]}},{"type":"Feature","id":1444828663,"properties":{"id":"1444828663","highway":"secondary","name":"五山路","oneway":true,"lanes":null,"maxheight":null,"maxweight":null,"maxwidth":null},"geometry":{"type":"LineString","coordinates":[[113.3395819,23.1424861],[113.3397227,23.14267],[113.3401158,23.1431734]]}},{"type":"Feature","id":1444828664,"properties":{"id":"1444828664","highway":"tertiary","name":"翰景路","oneway":true,"lanes":null,"maxheight":null,"maxweight":null,"maxwidth":null},"geometry":{"type":"LineString","coordinates":[[113.3412207,23.1469627],[113.3407586,23.1470536],[113.3407132,23.1470558],[113.3406489,23.1470433],[113.3405498,23.1470047]]}},{"type":"Feature","id":1444828665,"properties":{"id":"1444828665","highway":"tertiary","name":"翰景路","oneway":true,"lanes":null,"maxheight":null,"maxweight":null,"maxwidth":null},"geometry":{"type":"LineString","coordinates":[[113.3460802,23.1466428],[113.3458923,23.1466307],[113.3458208,23.1466245],[113.3455263,23.1466142],[113.3447245,23.146572],[113.3438077,23.1466103],[113.3420631,23.146797],[113.3412207,23.1469627]]}},{"type":"Feature","id":1444828666,"properties":{"id":"1444828666","highway":"tertiary","name":"翰景路","oneway":true,"lanes":null,"maxheight":null,"maxweight":null,"maxwidth":null},"geometry":{"type":"LineString","coordinates":[[113.3539124,23.1455794],[113.3539434,23.1457309],[113.3539963,23.1459559],[113.3540274,23.1460824],[113.3540379,23.146159],[113.3540256,23.1462465],[113.3539816,23.1462793],[113.3538724,23.1463159],[113.3537509,23.1463467],[113.3535376,23.1463916],[113.3534435,23.1464113],[113.3531085,23.1464828]]}},{"type":"Feature","id":1444828667,"properties":{"id":"1444828667","highway":"service","name":null,"oneway":false,"lanes":null,"maxheight":null,"maxweight":null,"maxwidth":null},"geometry":{"type":"LineString","coordinates":[[113.3139993,23.1365833],[113.3139953,23.1364834]]}},{"type":"Feature","id":1445405483,"properties":{"id":"1445405483","highway":"service","name":null,"oneway":true,"lanes":null,"maxheight":null,"maxweight":null,"maxwidth":null},"geometry":{"type":"LineString","coordinates":[[113.3172134,23.1232049],[113.3172227,23.1232351]]}},{"type":"Feature","id":1445405490,"properties":{"id":"1445405490","highway":"primary","name":"黄埔大道中","oneway":true,"lanes":null,"maxheight":null,"maxweight":null,"maxwidth":null},"geometry":{"type":"LineString","coordinates":[[113.3608696,23.1244269],[113.3612123,23.1243251],[113.3616855,23.1241827],[113.3621104,23.1240575],[113.3624777,23.1239558]]}},{"type":"Feature","id":1445405491,"properties":{"id":"1445405491","highway":"secondary","name":null,"oneway":true,"lanes":null,"maxheight":null,"maxweight":null,"maxwidth":null},"geometry":{"type":"LineString","coordinates":[[113.3424963,23.1282203],[113.3425893,23.1282138],[113.3426728,23.1282103],[113.3427884,23.1282158]]}},{"type":"Feature","id":1445405492,"properties":{"id":"1445405492","highway":"secondary","name":null,"oneway":true,"lanes":null,"maxheight":null,"maxweight":null,"maxwidth":null},"geometry":{"type":"LineString","coordinates":[[113.3381058,23.1285716],[113.3382394,23.1285641],[113.338649,23.1285411],[113.3390269,23.1285176],[113.3392827,23.1285005],[113.3395621,23.1284809]]}},{"type":"Feature","id":1445405493,"properties":{"id":"1445405493","highway":"unclassified","name":null,"oneway":true,"lanes":null,"maxheight":null,"maxweight":null,"maxwidth":null},"geometry":{"type":"LineString","coordinates":[[113.3161986,23.1329139],[113.3162132,23.1331981],[113.3162209,23.1333433],[113.3162344,23.1336446]]}},{"type":"Feature","id":1445405494,"properties":{"id":"1445405494","highway":"service","name":"广州快速公交系统GBRT专用道","oneway":true,"lanes":null,"maxheight":null,"maxweight":null,"maxwidth":null},"geometry":{"type":"LineString","coordinates":[[113.3232613,23.1359573],[113.3233128,23.1359545],[113.3234733,23.1359473],[113.3238073,23.1359338],[113.3242546,23.1359174],[113.3247325,23.1359024],[113.3249709,23.1358996],[113.3252023,23.1358936],[113.325502,23.1358819]]}},{"type":"Feature","id":1447702117,"properties":{"id":"1447702117","highway":"trunk_link","name":"猎德大道","oneway":true,"lanes":null,"maxheight":null,"maxweight":null,"maxwidth":null},"geometry":{"type":"LineString","coordinates":[[113.3284557,23.1203932],[113.3284356,23.1207087],[113.3284288,23.120816]]}},{"type":"Feature","id":1447723857,"properties":{"id":"1447723857","highway":"secondary","name":"冼村路","oneway":true,"lanes":null,"maxheight":null,"maxweight":null,"maxwidth":null},"geometry":{"type":"LineString","coordinates":[[113.3226901,23.1296613],[113.322713,23.1299834]]}},{"type":"Feature","id":1461800696,"properties":{"id":"1461800696","highway":"secondary_link","name":null,"oneway":true,"lanes":null,"maxheight":null,"maxweight":null,"maxwidth":null},"geometry":{"type":"LineString","coordinates":[[113.3567549,23.125205],[113.3567606,23.1252448],[113.3567681,23.125282],[113.3567824,23.1253223],[113.3567993,23.1253521],[113.3568216,23.1253807],[113.3568519,23.1254039],[113.3568889,23.1254256],[113.3569268,23.1254434],[113.3569718,23.1254589],[113.3570236,23.1254686],[113.357069,23.1254736],[113.3571285,23.1254763]]}},{"type":"Feature","id":1461842582,"properties":{"id":"1461842582","highway":"unclassified","name":"广园快速路辅路","oneway":true,"lanes":null,"maxheight":null,"maxweight":null,"maxwidth":null},"geometry":{"type":"LineString","coordinates":[[113.3602098,23.1455508],[113.360981,23.1451427],[113.3611276,23.1450676],[113.3612098,23.1450275],[113.3612713,23.1449981],[113.3613315,23.1449718],[113.3614126,23.1449396],[113.3629143,23.1443432],[113.3630137,23.1443074],[113.3630454,23.144296],[113.3630794,23.144285],[113.3633779,23.1441857],[113.3635074,23.144143],[113.3635356,23.1441337],[113.3635651,23.1441244],[113.363841,23.1440452],[113.3638797,23.1440329],[113.3639188,23.1440198],[113.363959,23.1440054],[113.3639995,23.1439898],[113.3640781,23.1439576],[113.3642753,23.1438758],[113.3644725,23.143794],[113.3657174,23.1432821],[113.36626,23.1430584],[113.3668181,23.1428283],[113.3675553,23.1425244],[113.3676404,23.1424877],[113.3677014,23.1424579],[113.3678523,23.1423758],[113.3678997,23.1423511],[113.3679511,23.1423277],[113.3679995,23.1423084],[113.3683685,23.1421849]]}},{"type":"Feature","id":1461842615,"properties":{"id":"1461842615","highway":"unclassified","name":null,"oneway":false,"lanes":null,"maxheight":null,"maxweight":null,"maxwidth":null},"geometry":{"type":"LineString","coordinates":[[113.3612429,23.1457727],[113.3612988,23.1457682],[113.3613455,23.1457595],[113.3613918,23.1457479],[113.361437,23.1457333],[113.3614948,23.145712],[113.3626001,23.1452789],[113.3626677,23.1452515],[113.3627362,23.1452233],[113.3631887,23.1450342],[113.3644391,23.1445099]]}},{"type":"Feature","id":1472219292,"properties":{"id":"1472219292","highway":"service","name":null,"oneway":false,"lanes":null,"maxheight":null,"maxweight":null,"maxwidth":null},"geometry":{"type":"LineString","coordinates":[[113.3457408,23.1386679],[113.3457038,23.1385659],[113.3458246,23.1385126],[113.3459675,23.138541],[113.3465711,23.1385138]]}},{"type":"Feature","id":1472219300,"properties":{"id":"1472219300","highway":"service","name":null,"oneway":false,"lanes":null,"maxheight":null,"maxweight":null,"maxwidth":null},"geometry":{"type":"LineString","coordinates":[[113.346577,23.1397483],[113.3469841,23.1397515]]}},{"type":"Feature","id":1472219312,"properties":{"id":"1472219312","highway":"service","name":null,"oneway":false,"lanes":null,"maxheight":null,"maxweight":null,"maxwidth":null},"geometry":{"type":"LineString","coordinates":[[113.3504457,23.1407891],[113.3498306,23.1403693],[113.3497892,23.1403766],[113.3497615,23.1404021],[113.3497827,23.1404933],[113.3498233,23.1405292]]}},{"type":"Feature","id":1472219313,"properties":{"id":"1472219313","highway":"service","name":null,"oneway":false,"lanes":null,"maxheight":null,"maxweight":null,"maxwidth":null},"geometry":{"type":"LineString","coordinates":[[113.3498306,23.1403693],[113.3498801,23.1402951]]}},{"type":"Feature","id":1472219338,"properties":{"id":"1472219338","highway":"service","name":null,"oneway":false,"lanes":null,"maxheight":null,"maxweight":null,"maxwidth":null},"geometry":{"type":"LineString","coordinates":[[113.3440325,23.1426747],[113.3439774,23.1425544]]}},{"type":"Feature","id":1472219339,"properties":{"id":"1472219339","highway":"service","name":null,"oneway":false,"lanes":null,"maxheight":null,"maxweight":null,"maxwidth":null},"geometry":{"type":"LineString","coordinates":[[113.3436074,23.1425549],[113.3439774,23.1425544],[113.34424,23.1425541]]}},{"type":"Feature","id":1472219346,"properties":{"id":"1472219346","highway":"service","name":"青松中路","oneway":false,"lanes":null,"maxheight":null,"maxweight":null,"maxwidth":null},"geometry":{"type":"LineString","coordinates":[[113.3444917,23.1401488],[113.3449118,23.140183],[113.34574,23.1401884],[113.3465908,23.1402603]]}},{"type":"Feature","id":1472219354,"properties":{"id":"1472219354","highway":"unclassified","name":"玉兰路","oneway":false,"lanes":null,"maxheight":null,"maxweight":null,"maxwidth":null},"geometry":{"type":"LineString","coordinates":[[113.3406418,23.1426695],[113.3406999,23.1426697],[113.3414565,23.142672],[113.3422927,23.1426745],[113.3429187,23.1426765],[113.3440325,23.1426747],[113.3443423,23.1426897]]}},{"type":"Feature","id":1485728295,"properties":{"id":"1485728295","highway":"unclassified","name":null,"oneway":false,"lanes":null,"maxheight":null,"maxweight":null,"maxwidth":null},"geometry":{"type":"LineString","coordinates":[[113.3341524,23.139138],[113.3341337,23.1393478],[113.3340538,23.1399276]]}},{"type":"Feature","id":1486199168,"properties":{"id":"1486199168","highway":"service","name":null,"oneway":false,"lanes":null,"maxheight":null,"maxweight":null,"maxwidth":null},"geometry":{"type":"LineString","coordinates":[[113.3429458,23.1220258],[113.3448064,23.122022]]}},{"type":"Feature","id":1499169489,"properties":{"id":"1499169489","highway":"service","name":null,"oneway":false,"lanes":null,"maxheight":null,"maxweight":null,"maxwidth":null},"geometry":{"type":"LineString","coordinates":[[113.334593,23.1355466],[113.3345294,23.1355324]]}},{"type":"Feature","id":1499169495,"properties":{"id":"1499169495","highway":"service","name":null,"oneway":false,"lanes":null,"maxheight":null,"maxweight":null,"maxwidth":null},"geometry":{"type":"LineString","coordinates":[[113.3342946,23.135312],[113.3343311,23.135324]]}},{"type":"Feature","id":1499169510,"properties":{"id":"1499169510","highway":"service","name":null,"oneway":false,"lanes":null,"maxheight":null,"maxweight":null,"maxwidth":null},"geometry":{"type":"LineString","coordinates":[[113.3342803,23.1353455],[113.3343264,23.1353587]]}},{"type":"Feature","id":1501818753,"properties":{"id":"1501818753","highway":"service","name":null,"oneway":false,"lanes":null,"maxheight":null,"maxweight":null,"maxwidth":null},"geometry":{"type":"LineString","coordinates":[[113.3638655,23.1423724],[113.3630373,23.1426751],[113.3630539,23.1427222],[113.3630727,23.1427758],[113.3630901,23.1428254],[113.3630982,23.1428484],[113.3631185,23.1429064],[113.3631361,23.1429565],[113.3631615,23.1430289],[113.3627465,23.1430958],[113.3624345,23.1431779],[113.3622073,23.1432545],[113.3619127,23.1433806],[113.3618714,23.1433208],[113.3618569,23.1432997],[113.3618434,23.1432802],[113.3618305,23.1432614],[113.3617974,23.1432134],[113.3617786,23.1431863],[113.3619036,23.1430192],[113.3618854,23.1429001],[113.3622285,23.1422963],[113.3625064,23.1419537],[113.3624775,23.1419286],[113.3623319,23.1418812],[113.3621073,23.1417928],[113.3621382,23.1417429]]}},{"type":"Feature","id":1501818754,"properties":{"id":"1501818754","highway":"service","name":null,"oneway":false,"lanes":null,"maxheight":null,"maxweight":null,"maxwidth":null},"geometry":{"type":"LineString","coordinates":[[113.3619036,23.1430192],[113.3620316,23.1429843],[113.3630192,23.1421515],[113.3632842,23.1419523],[113.3634524,23.1418423],[113.3635856,23.1417733],[113.3636149,23.1418359],[113.3636456,23.1419017],[113.3636939,23.1420052],[113.3637165,23.1420535],[113.3637394,23.1421026],[113.3637624,23.1421518],[113.363782,23.1421937],[113.3638048,23.1422425],[113.3638288,23.1422938],[113.3638478,23.1423345],[113.3638655,23.1423724],[113.3638787,23.1424008],[113.3639013,23.142449],[113.3639256,23.142501],[113.3639483,23.1425497],[113.3639722,23.142601],[113.3639848,23.1426278],[113.3640164,23.1426411],[113.3640628,23.1426605],[113.3640831,23.1426843],[113.3641014,23.1427058],[113.3655547,23.1421403],[113.3655661,23.142171],[113.3655786,23.1422047],[113.3655896,23.1422343],[113.3655975,23.1422644],[113.3656145,23.142329]]}},{"type":"Feature","id":1510200681,"properties":{"id":"1510200681","highway":"trunk","name":"中山大道西","oneway":true,"lanes":null,"maxheight":null,"maxweight":null,"maxwidth":null},"geometry":{"type":"LineString","coordinates":[[113.3624771,23.1341329],[113.3624254,23.1341632],[113.3622805,23.1342583],[113.3621231,23.134363],[113.3620632,23.134399],[113.3619972,23.1344349],[113.3618767,23.134493],[113.3617005,23.1345695]]}},{"type":"Feature","id":1510200682,"properties":{"id":"1510200682","highway":"service","name":"广州快速公交系统GBRT专用道","oneway":true,"lanes":null,"maxheight":null,"maxweight":null,"maxwidth":null},"geometry":{"type":"LineString","coordinates":[[113.3626505,23.1339578],[113.3625016,23.134035],[113.3623514,23.1341129],[113.3621113,23.1342346],[113.3619147,23.1343268],[113.3617044,23.1344193],[113.3616311,23.1344516],[113.3614437,23.1345286],[113.3612785,23.1345943],[113.3611324,23.1346514],[113.3609761,23.1347135],[113.3608581,23.1347635],[113.3606929,23.1348326],[113.3604673,23.1349251],[113.3600316,23.1350955],[113.3599869,23.1351128],[113.3596656,23.135237],[113.3593332,23.1353618],[113.3590014,23.1354882],[113.3586575,23.1356211],[113.3583757,23.135727]]}},{"type":"Feature","id":1535563078,"properties":{"id":"1535563078","highway":"service","name":null,"oneway":false,"lanes":null,"maxheight":null,"maxweight":null,"maxwidth":null},"geometry":{"type":"LineString","coordinates":[[113.345384,23.1393292],[113.3455079,23.139156],[113.3455177,23.1389924]]}},{"type":"Feature","id":1535563081,"properties":{"id":"1535563081","highway":"service","name":null,"oneway":false,"lanes":null,"maxheight":null,"maxweight":null,"maxwidth":null},"geometry":{"type":"LineString","coordinates":[[113.3424864,23.1388245],[113.3424983,23.1389002],[113.3425258,23.1390759],[113.3425231,23.1392917]]}},{"type":"Feature","id":1535563082,"properties":{"id":"1535563082","highway":"service","name":null,"oneway":false,"lanes":null,"maxheight":null,"maxweight":null,"maxwidth":null},"geometry":{"type":"LineString","coordinates":[[113.3444374,23.1414501],[113.3444777,23.1412184],[113.344482,23.1408863],[113.3444917,23.1401488],[113.3445026,23.1393176]]}},{"type":"Feature","id":1535563083,"properties":{"id":"1535563083","highway":"service","name":"青松西路","oneway":false,"lanes":null,"maxheight":null,"maxweight":null,"maxwidth":null},"geometry":{"type":"LineString","coordinates":[[113.3444917,23.1401488],[113.3443909,23.1401203],[113.3435916,23.1401198],[113.3428646,23.1401193],[113.3425127,23.140119],[113.3421379,23.1401197],[113.3417493,23.1401203],[113.3413805,23.1401209]]}},{"type":"Feature","id":1535563084,"properties":{"id":"1535563084","highway":"service","name":null,"oneway":false,"lanes":null,"maxheight":null,"maxweight":null,"maxwidth":null},"geometry":{"type":"LineString","coordinates":[[113.3428646,23.1401193],[113.3428651,23.1397772],[113.3428658,23.1392961]]}},{"type":"Feature","id":1535563085,"properties":{"id":"1535563085","highway":"service","name":null,"oneway":false,"lanes":null,"maxheight":null,"maxweight":null,"maxwidth":null},"geometry":{"type":"LineString","coordinates":[[113.3421379,23.1401197],[113.3421416,23.1397689],[113.3421467,23.1392867]]}},{"type":"Feature","id":1535563086,"properties":{"id":"1535563086","highway":"service","name":null,"oneway":false,"lanes":null,"maxheight":null,"maxweight":null,"maxwidth":null},"geometry":{"type":"LineString","coordinates":[[113.3414565,23.142672],[113.3414674,23.1446671],[113.3414709,23.145309]]}},{"type":"Feature","id":1535563087,"properties":{"id":"1535563087","highway":"service","name":"紫荆中路","oneway":false,"lanes":null,"maxheight":null,"maxweight":null,"maxwidth":null},"geometry":{"type":"LineString","coordinates":[[113.3445446,23.1416035],[113.3450013,23.1416394],[113.3455729,23.1416844],[113.3464504,23.1417535],[113.3478494,23.1418636],[113.3487779,23.1419686],[113.34889,23.142069]]}},{"type":"Feature","id":1535563091,"properties":{"id":"1535563091","highway":"service","name":null,"oneway":false,"lanes":null,"maxheight":null,"maxweight":null,"maxwidth":null},"geometry":{"type":"LineString","coordinates":[[113.344482,23.1408863],[113.3435783,23.140889],[113.3425139,23.1408923],[113.3413821,23.1408958]]}},{"type":"Feature","id":1546046681,"properties":{"id":"1546046681","highway":"tertiary","name":"林乐路","oneway":true,"lanes":"3","maxheight":null,"maxweight":null,"maxwidth":null},"geometry":{"type":"LineString","coordinates":[[113.3191212,23.1455744],[113.3192407,23.1455595],[113.319357,23.145555],[113.320106,23.1455533]]}},{"type":"Feature","id":1546046682,"properties":{"id":"1546046682","highway":"tertiary","name":"林乐路","oneway":true,"lanes":"4","maxheight":null,"maxweight":null,"maxwidth":null},"geometry":{"type":"LineString","coordinates":[[113.318885,23.1456192],[113.3191212,23.1455744]]}},{"type":"Feature","id":1546046683,"properties":{"id":"1546046683","highway":"secondary","name":"林乐路","oneway":true,"lanes":"2","maxheight":null,"maxweight":null,"maxwidth":null},"geometry":{"type":"LineString","coordinates":[[113.3191325,23.1456703],[113.3193268,23.1456903],[113.3200499,23.1457083]]}},{"type":"Feature","id":1546046684,"properties":{"id":"1546046684","highway":"secondary","name":"林乐路","oneway":true,"lanes":"3","maxheight":null,"maxweight":null,"maxwidth":null},"geometry":{"type":"LineString","coordinates":[[113.318885,23.1456192],[113.3191325,23.1456703]]}},{"type":"Feature","id":1546046685,"properties":{"id":"1546046685","highway":"secondary","name":"林乐路","oneway":true,"lanes":"3","maxheight":null,"maxweight":null,"maxwidth":null},"geometry":{"type":"LineString","coordinates":[[113.3184624,23.1457145],[113.3187725,23.1456195]]}},{"type":"Feature","id":1546046686,"properties":{"id":"1546046686","highway":"secondary","name":"林乐路","oneway":true,"lanes":"6","maxheight":null,"maxweight":null,"maxwidth":null},"geometry":{"type":"LineString","coordinates":[[113.3187725,23.1456195],[113.318885,23.1456192]]}}]}